Workbook

Sheet Overview
B2: PRISM-LEO Threat & Exploit Atlas: Overview
B3: Every number on this page is a live formula over Threat Atlas (rows 6-300), CVE Register and Mitigations. Edit a row there and this page updates. Checks at the bottom must read OK.
B5: Atlas entries | C5: Peer-reviewed | D5: Non-peer-reviewed | E5: CVEs in register | F5: Mitigations | G5: Real-world (E3)
B6: =COUNTA('Threat Atlas'!$A$6:$A$300) -> 78 | C6: =COUNTIF('Threat Atlas'!$R$6:$R$300,"Yes") -> 55 | D6: =COUNTIF('Threat Atlas'!$R$6:$R$300,"No") -> 23 | E6: =COUNTA('CVE Register'!$B$6:$B$300) -> 57 | F6: =COUNTA(Mitigations!$A$6:$A$300) -> 25 | G6: =COUNTIF('Threat Atlas'!$O$6:$O$300,"E3") -> 19
B8: 1. Evidence status by peer review
B9: Exploitation status | C9: Peer-reviewed | D9: Non-peer-reviewed | E9: Total | F9: Share | G9: Original set | H9: Added
B10: Demonstrated in Real-World / Active Exploit | C10: =COUNTIFS('Threat Atlas'!$J$6:$J$300,$B10,'Threat Atlas'!$R$6:$R$300,"Yes") -> 5 | D10: =COUNTIFS('Threat Atlas'!$J$6:$J$300,$B10,'Threat Atlas'!$R$6:$R$300,"No") -> 14 | E10: =C10+D10 -> 19 | F10: =IF($E$13=0,0,E10/$E$13) -> 0.24358974 | G10: =COUNTIFS('Threat Atlas'!$J$6:$J$300,$B10,'Threat Atlas'!$AK$6:$AK$300,"Original review set") -> 2 | H10: =COUNTIFS('Threat Atlas'!$J$6:$J$300,$B10,'Threat Atlas'!$AK$6:$AK$300,"Added 13 Oct 2026") -> 17
B11: Simulated / Proof-of-Concept | C11: =COUNTIFS('Threat Atlas'!$J$6:$J$300,$B11,'Threat Atlas'!$R$6:$R$300,"Yes") -> 28 | D11: =COUNTIFS('Threat Atlas'!$J$6:$J$300,$B11,'Threat Atlas'!$R$6:$R$300,"No") -> 7 | E11: =C11+D11 -> 35 | F11: =IF($E$13=0,0,E11/$E$13) -> 0.44871795 | G11: =COUNTIFS('Threat Atlas'!$J$6:$J$300,$B11,'Threat Atlas'!$AK$6:$AK$300,"Original review set") -> 20 | H11: =COUNTIFS('Threat Atlas'!$J$6:$J$300,$B11,'Threat Atlas'!$AK$6:$AK$300,"Added 13 Oct 2026") -> 15
B12: Theoretical / Unexploited | C12: =COUNTIFS('Threat Atlas'!$J$6:$J$300,$B12,'Threat Atlas'!$R$6:$R$300,"Yes") -> 22 | D12: =COUNTIFS('Threat Atlas'!$J$6:$J$300,$B12,'Threat Atlas'!$R$6:$R$300,"No") -> 2 | E12: =C12+D12 -> 24 | F12: =IF($E$13=0,0,E12/$E$13) -> 0.30769231 | G12: =COUNTIFS('Threat Atlas'!$J$6:$J$300,$B12,'Threat Atlas'!$AK$6:$AK$300,"Original review set") -> 21 | H12: =COUNTIFS('Threat Atlas'!$J$6:$J$300,$B12,'Threat Atlas'!$AK$6:$AK$300,"Added 13 Oct 2026") -> 3
B13: Total | C13: =SUM(C10:C12) -> 55 | D13: =SUM(D10:D12) -> 23 | E13: =SUM(E10:E12) -> 78 | F13: =SUM(F10:F12) -> 1 | G13: =SUM(G10:G12) -> 43 | H13: =SUM(H10:H12) -> 35
B15: 2. Entries by source type
B16: Source type | C16: Entries | D16: Real-world (E3) | E16: PoC (E1-E2) | F16: Theoretical (E0) | G16: Share
B17: Peer-reviewed journal | C17: =COUNTIF('Threat Atlas'!$Q$6:$Q$300,$B17) -> 24 | D17: =COUNTIFS('Threat Atlas'!$Q$6:$Q$300,$B17,'Threat Atlas'!$O$6:$O$300,"E3") -> 1 | E17: =COUNTIFS('Threat Atlas'!$Q$6:$Q$300,$B17,'Threat Atlas'!$O$6:$O$300,"E2")+COUNTIFS('Threat Atlas'!$Q$6:$Q$300,$B17,'Threat Atlas'!$O$6:$O$300,"E1") -> 4 | F17: =COUNTIFS('Threat Atlas'!$Q$6:$Q$300,$B17,'Threat Atlas'!$O$6:$O$300,"E0") -> 19 | G17: =IF($C$25=0,0,C17/$C$25) -> 0.30769231
B18: Peer-reviewed conference | C18: =COUNTIF('Threat Atlas'!$Q$6:$Q$300,$B18) -> 26 | D18: =COUNTIFS('Threat Atlas'!$Q$6:$Q$300,$B18,'Threat Atlas'!$O$6:$O$300,"E3") -> 3 | E18: =COUNTIFS('Threat Atlas'!$Q$6:$Q$300,$B18,'Threat Atlas'!$O$6:$O$300,"E2")+COUNTIFS('Threat Atlas'!$Q$6:$Q$300,$B18,'Threat Atlas'!$O$6:$O$300,"E1") -> 21 | F18: =COUNTIFS('Threat Atlas'!$Q$6:$Q$300,$B18,'Threat Atlas'!$O$6:$O$300,"E0") -> 2 | G18: =IF($C$25=0,0,C18/$C$25) -> 0.33333333
B19: Peer-reviewed workshop | C19: =COUNTIF('Threat Atlas'!$Q$6:$Q$300,$B19) -> 5 | D19: =COUNTIFS('Threat Atlas'!$Q$6:$Q$300,$B19,'Threat Atlas'!$O$6:$O$300,"E3") -> 1 | E19: =COUNTIFS('Threat Atlas'!$Q$6:$Q$300,$B19,'Threat Atlas'!$O$6:$O$300,"E2")+COUNTIFS('Threat Atlas'!$Q$6:$Q$300,$B19,'Threat Atlas'!$O$6:$O$300,"E1") -> 3 | F19: =COUNTIFS('Threat Atlas'!$Q$6:$Q$300,$B19,'Threat Atlas'!$O$6:$O$300,"E0") -> 1 | G19: =IF($C$25=0,0,C19/$C$25) -> 0.064102564
B20: Preprint / unconfirmed venue | C20: =COUNTIF('Threat Atlas'!$Q$6:$Q$300,$B20) -> 3 | D20: =COUNTIFS('Threat Atlas'!$Q$6:$Q$300,$B20,'Threat Atlas'!$O$6:$O$300,"E3") -> 1 | E20: =COUNTIFS('Threat Atlas'!$Q$6:$Q$300,$B20,'Threat Atlas'!$O$6:$O$300,"E2")+COUNTIFS('Threat Atlas'!$Q$6:$Q$300,$B20,'Threat Atlas'!$O$6:$O$300,"E1") -> 1 | F20: =COUNTIFS('Threat Atlas'!$Q$6:$Q$300,$B20,'Threat Atlas'!$O$6:$O$300,"E0") -> 1 | G20: =IF($C$25=0,0,C20/$C$25) -> 0.038461538
B21: Conference talk / event (non-peer-reviewed) | C21: =COUNTIF('Threat Atlas'!$Q$6:$Q$300,$B21) -> 9 | D21: =COUNTIFS('Threat Atlas'!$Q$6:$Q$300,$B21,'Threat Atlas'!$O$6:$O$300,"E3") -> 3 | E21: =COUNTIFS('Threat Atlas'!$Q$6:$Q$300,$B21,'Threat Atlas'!$O$6:$O$300,"E2")+COUNTIFS('Threat Atlas'!$Q$6:$Q$300,$B21,'Threat Atlas'!$O$6:$O$300,"E1") -> 6 | F21: =COUNTIFS('Threat Atlas'!$Q$6:$Q$300,$B21,'Threat Atlas'!$O$6:$O$300,"E0") -> 0 | G21: =IF($C$25=0,0,C21/$C$25) -> 0.11538462
B22: Government / regulator advisory | C22: =COUNTIF('Threat Atlas'!$Q$6:$Q$300,$B22) -> 3 | D22: =COUNTIFS('Threat Atlas'!$Q$6:$Q$300,$B22,'Threat Atlas'!$O$6:$O$300,"E3") -> 2 | E22: =COUNTIFS('Threat Atlas'!$Q$6:$Q$300,$B22,'Threat Atlas'!$O$6:$O$300,"E2")+COUNTIFS('Threat Atlas'!$Q$6:$Q$300,$B22,'Threat Atlas'!$O$6:$O$300,"E1") -> 0 | F22: =COUNTIFS('Threat Atlas'!$Q$6:$Q$300,$B22,'Threat Atlas'!$O$6:$O$300,"E0") -> 1 | G22: =IF($C$25=0,0,C22/$C$25) -> 0.038461538
B23: Documented incident report | C23: =COUNTIF('Threat Atlas'!$Q$6:$Q$300,$B23) -> 5 | D23: =COUNTIFS('Threat Atlas'!$Q$6:$Q$300,$B23,'Threat Atlas'!$O$6:$O$300,"E3") -> 5 | E23: =COUNTIFS('Threat Atlas'!$Q$6:$Q$300,$B23,'Threat Atlas'!$O$6:$O$300,"E2")+COUNTIFS('Threat Atlas'!$Q$6:$Q$300,$B23,'Threat Atlas'!$O$6:$O$300,"E1") -> 0 | F23: =COUNTIFS('Threat Atlas'!$Q$6:$Q$300,$B23,'Threat Atlas'!$O$6:$O$300,"E0") -> 0 | G23: =IF($C$25=0,0,C23/$C$25) -> 0.064102564
B24: Industry / NGO report | C24: =COUNTIF('Threat Atlas'!$Q$6:$Q$300,$B24) -> 3 | D24: =COUNTIFS('Threat Atlas'!$Q$6:$Q$300,$B24,'Threat Atlas'!$O$6:$O$300,"E3") -> 3 | E24: =COUNTIFS('Threat Atlas'!$Q$6:$Q$300,$B24,'Threat Atlas'!$O$6:$O$300,"E2")+COUNTIFS('Threat Atlas'!$Q$6:$Q$300,$B24,'Threat Atlas'!$O$6:$O$300,"E1") -> 0 | F24: =COUNTIFS('Threat Atlas'!$Q$6:$Q$300,$B24,'Threat Atlas'!$O$6:$O$300,"E0") -> 0 | G24: =IF($C$25=0,0,C24/$C$25) -> 0.038461538
B25: Total | C25: =SUM(C17:C24) -> 78 | D25: =SUM(D17:D24) -> 19 | E25: =SUM(E17:E24) -> 35 | F25: =SUM(F17:F24) -> 24 | G25: =SUM(G17:G24) -> 1
B27: 3. Entries, evidence, CVEs and mitigations by PRISM-LEO layer
B28: Layer | C28: Entry layer | D28: Impact layer | E28: Impact, E2-E3 | F28: Impact, E3 only | G28: CVEs (component) | H28: Mitigations (primary)
B29: L1 Physical & Infrastructure | C29: =COUNTIF('Threat Atlas'!$Z$6:$Z$300,"L1") -> 49 | D29: =COUNTIF('Threat Atlas'!$AA$6:$AA$300,"L1") -> 20 | E29: =COUNTIFS('Threat Atlas'!$AA$6:$AA$300,"L1",'Threat Atlas'!$O$6:$O$300,"E2")+COUNTIFS('Threat Atlas'!$AA$6:$AA$300,"L1",'Threat Atlas'!$O$6:$O$300,"E3") -> 11 | F29: =COUNTIFS('Threat Atlas'!$AA$6:$AA$300,"L1",'Threat Atlas'!$O$6:$O$300,"E3") -> 3 | G29: =COUNTIF('CVE Register'!$M$6:$M$300,"L1") -> 9 | H29: =COUNTIF(Mitigations!$G$6:$G$300,"L1") -> 7
B30: L2 Data & Communication | C30: =COUNTIF('Threat Atlas'!$Z$6:$Z$300,"L2") -> 23 | D30: =COUNTIF('Threat Atlas'!$AA$6:$AA$300,"L2") -> 23 | E30: =COUNTIFS('Threat Atlas'!$AA$6:$AA$300,"L2",'Threat Atlas'!$O$6:$O$300,"E2")+COUNTIFS('Threat Atlas'!$AA$6:$AA$300,"L2",'Threat Atlas'!$O$6:$O$300,"E3") -> 6 | F30: =COUNTIFS('Threat Atlas'!$AA$6:$AA$300,"L2",'Threat Atlas'!$O$6:$O$300,"E3") -> 5 | G30: =COUNTIF('CVE Register'!$M$6:$M$300,"L2") -> 10 | H30: =COUNTIF(Mitigations!$G$6:$G$300,"L2") -> 3
B31: L3 Service & Processing | C31: =COUNTIF('Threat Atlas'!$Z$6:$Z$300,"L3") -> 0 | D31: =COUNTIF('Threat Atlas'!$AA$6:$AA$300,"L3") -> 19 | E31: =COUNTIFS('Threat Atlas'!$AA$6:$AA$300,"L3",'Threat Atlas'!$O$6:$O$300,"E2")+COUNTIFS('Threat Atlas'!$AA$6:$AA$300,"L3",'Threat Atlas'!$O$6:$O$300,"E3") -> 6 | F31: =COUNTIFS('Threat Atlas'!$AA$6:$AA$300,"L3",'Threat Atlas'!$O$6:$O$300,"E3") -> 3 | G31: =COUNTIF('CVE Register'!$M$6:$M$300,"L3") -> 0 | H31: =COUNTIF(Mitigations!$G$6:$G$300,"L3") -> 4
B32: L4 Governance & Integration | C32: =COUNTIF('Threat Atlas'!$Z$6:$Z$300,"L4") -> 6 | D32: =COUNTIF('Threat Atlas'!$AA$6:$AA$300,"L4") -> 16 | E32: =COUNTIFS('Threat Atlas'!$AA$6:$AA$300,"L4",'Threat Atlas'!$O$6:$O$300,"E2")+COUNTIFS('Threat Atlas'!$AA$6:$AA$300,"L4",'Threat Atlas'!$O$6:$O$300,"E3") -> 9 | F32: =COUNTIFS('Threat Atlas'!$AA$6:$AA$300,"L4",'Threat Atlas'!$O$6:$O$300,"E3") -> 8 | G32: =COUNTIF('CVE Register'!$M$6:$M$300,"L4") -> 38 | H32: =COUNTIF(Mitigations!$G$6:$G$300,"L4") -> 11
B33: Total | C33: =SUM(C29:C32) -> 78 | D33: =SUM(D29:D32) -> 78 | E33: =SUM(E29:E32) -> 32 | F33: =SUM(F29:F32) -> 19 | G33: =SUM(G29:G32) -> 57 | H33: =SUM(H29:H32) -> 25
B35: 4. Trust-boundary crossings
B36: Trust boundary | C36: Atlas entries crossing | D36: of which E2-E3 | E36: of which E3 | F36: CVEs exposed at TB | G36: Mitigations covering
B37: TB1 L1 | L2 | C37: =COUNTIF('Threat Atlas'!$AC$6:$AC$300,"✓") -> 41 | D37: =COUNTIFS('Threat Atlas'!$AC$6:$AC$300,"✓",'Threat Atlas'!$O$6:$O$300,"E2")+COUNTIFS('Threat Atlas'!$AC$6:$AC$300,"✓",'Threat Atlas'!$O$6:$O$300,"E3") -> 18 | E37: =COUNTIFS('Threat Atlas'!$AC$6:$AC$300,"✓",'Threat Atlas'!$O$6:$O$300,"E3") -> 13 | F37: =COUNTIF('CVE Register'!$N$6:$N$300,"TB1") -> 19 | G37: =COUNTIF(Mitigations!$H$6:$H$300,"*TB1*") -> 14
B38: TB2 L2 | L3 | C38: =COUNTIF('Threat Atlas'!$AD$6:$AD$300,"✓") -> 39 | D38: =COUNTIFS('Threat Atlas'!$AD$6:$AD$300,"✓",'Threat Atlas'!$O$6:$O$300,"E2")+COUNTIFS('Threat Atlas'!$AD$6:$AD$300,"✓",'Threat Atlas'!$O$6:$O$300,"E3") -> 18 | E38: =COUNTIFS('Threat Atlas'!$AD$6:$AD$300,"✓",'Threat Atlas'!$O$6:$O$300,"E3") -> 13 | F38: =COUNTIF('CVE Register'!$N$6:$N$300,"TB2") -> 0 | G38: =COUNTIF(Mitigations!$H$6:$H$300,"*TB2*") -> 8
B39: TB3 L3 | L4 | C39: =COUNTIF('Threat Atlas'!$AE$6:$AE$300,"✓") -> 20 | D39: =COUNTIFS('Threat Atlas'!$AE$6:$AE$300,"✓",'Threat Atlas'!$O$6:$O$300,"E2")+COUNTIFS('Threat Atlas'!$AE$6:$AE$300,"✓",'Threat Atlas'!$O$6:$O$300,"E3") -> 12 | E39: =COUNTIFS('Threat Atlas'!$AE$6:$AE$300,"✓",'Threat Atlas'!$O$6:$O$300,"E3") -> 10 | F39: =COUNTIF('CVE Register'!$N$6:$N$300,"TB3") -> 38 | G39: =COUNTIF(Mitigations!$H$6:$H$300,"*TB3*") -> 13
B40: Entries crossing no boundary (within layer) | C40: =COUNTIF('Threat Atlas'!$AB$6:$AB$300,"Within layer") -> 25
B42: 5. Timing dependency and propagation direction
B43: Timing dependency | C43: Entries | D43: E2-E3 | F43: Direction | G43: Entries
B44: Direct | C44: =COUNTIF('Threat Atlas'!$AF$6:$AF$300,B44) -> 26 | D44: =COUNTIFS('Threat Atlas'!$AF$6:$AF$300,B44,'Threat Atlas'!$O$6:$O$300,"E2")+COUNTIFS('Threat Atlas'!$AF$6:$AF$300,B44,'Threat Atlas'!$O$6:$O$300,"E3") -> 17 | F44: Upward (observables) | G44: =COUNTIF('Threat Atlas'!$AB$6:$AB$300,F44) -> 46
B45: Indirect | C45: =COUNTIF('Threat Atlas'!$AF$6:$AF$300,B45) -> 3 | D45: =COUNTIFS('Threat Atlas'!$AF$6:$AF$300,B45,'Threat Atlas'!$O$6:$O$300,"E2")+COUNTIFS('Threat Atlas'!$AF$6:$AF$300,B45,'Threat Atlas'!$O$6:$O$300,"E3") -> 1 | F45: Downward (config / keys / sync) | G45: =COUNTIF('Threat Atlas'!$AB$6:$AB$300,F45) -> 7
B46: None | C46: =COUNTIF('Threat Atlas'!$AF$6:$AF$300,B46) -> 49 | D46: =COUNTIFS('Threat Atlas'!$AF$6:$AF$300,B46,'Threat Atlas'!$O$6:$O$300,"E2")+COUNTIFS('Threat Atlas'!$AF$6:$AF$300,B46,'Threat Atlas'!$O$6:$O$300,"E3") -> 14 | F46: Within layer | G46: =COUNTIF('Threat Atlas'!$AB$6:$AB$300,F46) -> 25
B47: Total | C47: =SUM(C44:C46) -> 78 | D47: =SUM(D44:D46) -> 32 | F47: Total | G47: =SUM(G44:G46) -> 78
B49: 6. CVE Register by severity and layer
B50: Severity (from CVE record CVSS) | C50: L1 | D50: L2 | E50: L3 | F50: L4 | G50: Total
B51: Critical | C51: =COUNTIFS('CVE Register'!$H$6:$H$300,$B51,'CVE Register'!$M$6:$M$300,"L1") -> 3 | D51: =COUNTIFS('CVE Register'!$H$6:$H$300,$B51,'CVE Register'!$M$6:$M$300,"L2") -> 2 | E51: =COUNTIFS('CVE Register'!$H$6:$H$300,$B51,'CVE Register'!$M$6:$M$300,"L3") -> 0 | F51: =COUNTIFS('CVE Register'!$H$6:$H$300,$B51,'CVE Register'!$M$6:$M$300,"L4") -> 7 | G51: =SUM(C51:F51) -> 12
B52: High | C52: =COUNTIFS('CVE Register'!$H$6:$H$300,$B52,'CVE Register'!$M$6:$M$300,"L1") -> 3 | D52: =COUNTIFS('CVE Register'!$H$6:$H$300,$B52,'CVE Register'!$M$6:$M$300,"L2") -> 7 | E52: =COUNTIFS('CVE Register'!$H$6:$H$300,$B52,'CVE Register'!$M$6:$M$300,"L3") -> 0 | F52: =COUNTIFS('CVE Register'!$H$6:$H$300,$B52,'CVE Register'!$M$6:$M$300,"L4") -> 8 | G52: =SUM(C52:F52) -> 18
B53: Medium | C53: =COUNTIFS('CVE Register'!$H$6:$H$300,$B53,'CVE Register'!$M$6:$M$300,"L1") -> 0 | D53: =COUNTIFS('CVE Register'!$H$6:$H$300,$B53,'CVE Register'!$M$6:$M$300,"L2") -> 1 | E53: =COUNTIFS('CVE Register'!$H$6:$H$300,$B53,'CVE Register'!$M$6:$M$300,"L3") -> 0 | F53: =COUNTIFS('CVE Register'!$H$6:$H$300,$B53,'CVE Register'!$M$6:$M$300,"L4") -> 4 | G53: =SUM(C53:F53) -> 5
B54: Low | C54: =COUNTIFS('CVE Register'!$H$6:$H$300,$B54,'CVE Register'!$M$6:$M$300,"L1") -> 0 | D54: =COUNTIFS('CVE Register'!$H$6:$H$300,$B54,'CVE Register'!$M$6:$M$300,"L2") -> 0 | E54: =COUNTIFS('CVE Register'!$H$6:$H$300,$B54,'CVE Register'!$M$6:$M$300,"L3") -> 0 | F54: =COUNTIFS('CVE Register'!$H$6:$H$300,$B54,'CVE Register'!$M$6:$M$300,"L4") -> 3 | G54: =SUM(C54:F54) -> 3
B55: Not scored | C55: =COUNTIFS('CVE Register'!$H$6:$H$300,$B55,'CVE Register'!$M$6:$M$300,"L1") -> 3 | D55: =COUNTIFS('CVE Register'!$H$6:$H$300,$B55,'CVE Register'!$M$6:$M$300,"L2") -> 0 | E55: =COUNTIFS('CVE Register'!$H$6:$H$300,$B55,'CVE Register'!$M$6:$M$300,"L3") -> 0 | F55: =COUNTIFS('CVE Register'!$H$6:$H$300,$B55,'CVE Register'!$M$6:$M$300,"L4") -> 16 | G55: =SUM(C55:F55) -> 19
B56: Total | C56: =SUM(C51:C55) -> 9 | D56: =SUM(D51:D55) -> 10 | E56: =SUM(E51:E55) -> 0 | F56: =SUM(F51:F55) -> 38 | G56: =SUM(G51:G55) -> 57
B58: 7. Assets: Atlas evidence and CVEs per asset
B59: Asset (layer prefix) | C59: Atlas entries | D59: E2-E3 entries | E59: CVEs | F59: Critical | G59: High | H59: Medium / Low / not scored
B60: L1 · Transponder signals & satellite receivers (ADS-B / Mode S) | C60: =COUNTIF('Threat Atlas'!$Y$6:$Y$300,$B60) -> 14 | D60: =COUNTIFS('Threat Atlas'!$Y$6:$Y$300,$B60,'Threat Atlas'!$O$6:$O$300,"E2")+COUNTIFS('Threat Atlas'!$Y$6:$Y$300,$B60,'Threat Atlas'!$O$6:$O$300,"E3") -> 4 | E60: =COUNTIF('CVE Register'!$C$6:$C$300,$B60) -> 0 | F60: =COUNTIFS('CVE Register'!$C$6:$C$300,$B60,'CVE Register'!$H$6:$H$300,"Critical") -> 0 | G60: =COUNTIFS('CVE Register'!$C$6:$C$300,$B60,'CVE Register'!$H$6:$H$300,"High") -> 0 | H60: =E60-F60-G60 -> 0
B61: L1 · Aircraft avionics & navaid receivers (ILS, TCAS, GPWS) | C61: =COUNTIF('Threat Atlas'!$Y$6:$Y$300,$B61) -> 4 | D61: =COUNTIFS('Threat Atlas'!$Y$6:$Y$300,$B61,'Threat Atlas'!$O$6:$O$300,"E2")+COUNTIFS('Threat Atlas'!$Y$6:$Y$300,$B61,'Threat Atlas'!$O$6:$O$300,"E3") -> 1 | E61: =COUNTIF('CVE Register'!$C$6:$C$300,$B61) -> 0 | F61: =COUNTIFS('CVE Register'!$C$6:$C$300,$B61,'CVE Register'!$H$6:$H$300,"Critical") -> 0 | G61: =COUNTIFS('CVE Register'!$C$6:$C$300,$B61,'CVE Register'!$H$6:$H$300,"High") -> 0 | H61: =E61-F61-G61 -> 0
B62: L1 · GNSS receiver / onboard clock | C62: =COUNTIF('Threat Atlas'!$Y$6:$Y$300,$B62) -> 18 | D62: =COUNTIFS('Threat Atlas'!$Y$6:$Y$300,$B62,'Threat Atlas'!$O$6:$O$300,"E2")+COUNTIFS('Threat Atlas'!$Y$6:$Y$300,$B62,'Threat Atlas'!$O$6:$O$300,"E3") -> 12 | E62: =COUNTIF('CVE Register'!$C$6:$C$300,$B62) -> 1 | F62: =COUNTIFS('CVE Register'!$C$6:$C$300,$B62,'CVE Register'!$H$6:$H$300,"Critical") -> 1 | G62: =COUNTIFS('CVE Register'!$C$6:$C$300,$B62,'CVE Register'!$H$6:$H$300,"High") -> 0 | H62: =E62-F62-G62 -> 0
B63: L1 · Satellite & ground-station RF receivers | C63: =COUNTIF('Threat Atlas'!$Y$6:$Y$300,$B63) -> 1 | D63: =COUNTIFS('Threat Atlas'!$Y$6:$Y$300,$B63,'Threat Atlas'!$O$6:$O$300,"E2")+COUNTIFS('Threat Atlas'!$Y$6:$Y$300,$B63,'Threat Atlas'!$O$6:$O$300,"E3") -> 0 | E63: =COUNTIF('CVE Register'!$C$6:$C$300,$B63) -> 0 | F63: =COUNTIFS('CVE Register'!$C$6:$C$300,$B63,'CVE Register'!$H$6:$H$300,"Critical") -> 0 | G63: =COUNTIFS('CVE Register'!$C$6:$C$300,$B63,'CVE Register'!$H$6:$H$300,"High") -> 0 | H63: =E63-F63-G63 -> 0
B64: L1 · Satellite platform & flight software | C64: =COUNTIF('Threat Atlas'!$Y$6:$Y$300,$B64) -> 1 | D64: =COUNTIFS('Threat Atlas'!$Y$6:$Y$300,$B64,'Threat Atlas'!$O$6:$O$300,"E2")+COUNTIFS('Threat Atlas'!$Y$6:$Y$300,$B64,'Threat Atlas'!$O$6:$O$300,"E3") -> 0 | E64: =COUNTIF('CVE Register'!$C$6:$C$300,$B64) -> 5 | F64: =COUNTIFS('CVE Register'!$C$6:$C$300,$B64,'CVE Register'!$H$6:$H$300,"Critical") -> 2 | G64: =COUNTIFS('CVE Register'!$C$6:$C$300,$B64,'CVE Register'!$H$6:$H$300,"High") -> 3 | H64: =E64-F64-G64 -> 0
B65: L1 · SATCOM user terminal | C65: =COUNTIF('Threat Atlas'!$Y$6:$Y$300,$B65) -> 3 | D65: =COUNTIFS('Threat Atlas'!$Y$6:$Y$300,$B65,'Threat Atlas'!$O$6:$O$300,"E2")+COUNTIFS('Threat Atlas'!$Y$6:$Y$300,$B65,'Threat Atlas'!$O$6:$O$300,"E3") -> 2 | E65: =COUNTIF('CVE Register'!$C$6:$C$300,$B65) -> 3 | F65: =COUNTIFS('CVE Register'!$C$6:$C$300,$B65,'CVE Register'!$H$6:$H$300,"Critical") -> 0 | G65: =COUNTIFS('CVE Register'!$C$6:$C$300,$B65,'CVE Register'!$H$6:$H$300,"High") -> 0 | H65: =E65-F65-G65 -> 3
B66: L2 · ISLs & downlinks (observables in transit) | C66: =COUNTIF('Threat Atlas'!$Y$6:$Y$300,$B66) -> 6 | D66: =COUNTIFS('Threat Atlas'!$Y$6:$Y$300,$B66,'Threat Atlas'!$O$6:$O$300,"E2")+COUNTIFS('Threat Atlas'!$Y$6:$Y$300,$B66,'Threat Atlas'!$O$6:$O$300,"E3") -> 2 | E66: =COUNTIF('CVE Register'!$C$6:$C$300,$B66) -> 0 | F66: =COUNTIFS('CVE Register'!$C$6:$C$300,$B66,'CVE Register'!$H$6:$H$300,"Critical") -> 0 | G66: =COUNTIFS('CVE Register'!$C$6:$C$300,$B66,'CVE Register'!$H$6:$H$300,"High") -> 0 | H66: =E66-F66-G66 -> 0
B67: L2 · Space link TC/TM (commanding & file transfer) | C67: =COUNTIF('Threat Atlas'!$Y$6:$Y$300,$B67) -> 2 | D67: =COUNTIFS('Threat Atlas'!$Y$6:$Y$300,$B67,'Threat Atlas'!$O$6:$O$300,"E2")+COUNTIFS('Threat Atlas'!$Y$6:$Y$300,$B67,'Threat Atlas'!$O$6:$O$300,"E3") -> 1 | E67: =COUNTIF('CVE Register'!$C$6:$C$300,$B67) -> 10 | F67: =COUNTIFS('CVE Register'!$C$6:$C$300,$B67,'CVE Register'!$H$6:$H$300,"Critical") -> 2 | G67: =COUNTIFS('CVE Register'!$C$6:$C$300,$B67,'CVE Register'!$H$6:$H$300,"High") -> 7 | H67: =E67-F67-G67 -> 1
B68: L2 · Aeronautical data links (ACARS, CPDLC, ADS-C, LDACS) | C68: =COUNTIF('Threat Atlas'!$Y$6:$Y$300,$B68) -> 7 | D68: =COUNTIFS('Threat Atlas'!$Y$6:$Y$300,$B68,'Threat Atlas'!$O$6:$O$300,"E2")+COUNTIFS('Threat Atlas'!$Y$6:$Y$300,$B68,'Threat Atlas'!$O$6:$O$300,"E3") -> 2 | E68: =COUNTIF('CVE Register'!$C$6:$C$300,$B68) -> 0 | F68: =COUNTIFS('CVE Register'!$C$6:$C$300,$B68,'CVE Register'!$H$6:$H$300,"Critical") -> 0 | G68: =COUNTIFS('CVE Register'!$C$6:$C$300,$B68,'CVE Register'!$H$6:$H$300,"High") -> 0 | H68: =E68-F68-G68 -> 0
B69: L2 · SATCOM broadband links | C69: =COUNTIF('Threat Atlas'!$Y$6:$Y$300,$B69) -> 2 | D69: =COUNTIFS('Threat Atlas'!$Y$6:$Y$300,$B69,'Threat Atlas'!$O$6:$O$300,"E2")+COUNTIFS('Threat Atlas'!$Y$6:$Y$300,$B69,'Threat Atlas'!$O$6:$O$300,"E3") -> 2 | E69: =COUNTIF('CVE Register'!$C$6:$C$300,$B69) -> 0 | F69: =COUNTIFS('CVE Register'!$C$6:$C$300,$B69,'CVE Register'!$H$6:$H$300,"Critical") -> 0 | G69: =COUNTIFS('CVE Register'!$C$6:$C$300,$B69,'CVE Register'!$H$6:$H$300,"High") -> 0 | H69: =E69-F69-G69 -> 0
B70: L2 · Time-sync network traffic (NTP / PTP) | C70: =COUNTIF('Threat Atlas'!$Y$6:$Y$300,$B70) -> 3 | D70: =COUNTIFS('Threat Atlas'!$Y$6:$Y$300,$B70,'Threat Atlas'!$O$6:$O$300,"E2")+COUNTIFS('Threat Atlas'!$Y$6:$Y$300,$B70,'Threat Atlas'!$O$6:$O$300,"E3") -> 1 | E70: =COUNTIF('CVE Register'!$C$6:$C$300,$B70) -> 0 | F70: =COUNTIFS('CVE Register'!$C$6:$C$300,$B70,'CVE Register'!$H$6:$H$300,"Critical") -> 0 | G70: =COUNTIFS('CVE Register'!$C$6:$C$300,$B70,'CVE Register'!$H$6:$H$300,"High") -> 0 | H70: =E70-F70-G70 -> 0
B71: L2 · Measurements feeding the estimator | C71: =COUNTIF('Threat Atlas'!$Y$6:$Y$300,$B71) -> 3 | D71: =COUNTIFS('Threat Atlas'!$Y$6:$Y$300,$B71,'Threat Atlas'!$O$6:$O$300,"E2")+COUNTIFS('Threat Atlas'!$Y$6:$Y$300,$B71,'Threat Atlas'!$O$6:$O$300,"E3") -> 0 | E71: =COUNTIF('CVE Register'!$C$6:$C$300,$B71) -> 0 | F71: =COUNTIFS('CVE Register'!$C$6:$C$300,$B71,'CVE Register'!$H$6:$H$300,"Critical") -> 0 | G71: =COUNTIFS('CVE Register'!$C$6:$C$300,$B71,'CVE Register'!$H$6:$H$300,"High") -> 0 | H71: =E71-F71-G71 -> 0
... B76: Multiple assets (survey / SoK) | C76: =COUNTIF('Threat Atlas'!$Y$6:$Y$300,$B76) -> 8 | D76: =COUNTIFS('Threat Atlas'!$Y$6:$Y$300,$B76,'Threat Atlas'!$O$6:$O$300,"E2")+COUNTIFS('Threat Atlas'!$Y$6:$Y$300,$B76,'Threat Atlas'!$O$6:$O$300,"E3") -> 0 | E76: =COUNTIF('CVE Register'!$C$6:$C$300,$B76) -> 0 | F76: =COUNTIFS('CVE Register'!$C$6:$C$300,$B76,'CVE Register'!$H$6:$H$300,"Critical") -> 0 | G76: =COUNTIFS('CVE Register'!$C$6:$C$300,$B76,'CVE Register'!$H$6:$H$300,"High") -> 0 | H76: =E76-F76-G76 -> 0
B77: Total | C77: =SUM(C60:C76) -> 78 | D77: =SUM(D60:D76) -> 32 | E77: =SUM(E60:E76) -> 57 | F77: =SUM(F60:F76) -> 12 | G77: =SUM(G60:G76) -> 18 | H77: =SUM(H60:H76) -> 27
B78: Filter the CVE Register (column C) or Threat Atlas (column Y) on an asset to list its CVE IDs and sources.
B80: 7b. L3 assets (SATERA register, added 29 Oct 2026)
B81: Asset (L3 layer prefix) | C81: Atlas entries | D81: E2-E3 entries | E81: CVEs | F81: Critical | G81: High | H81: Medium / Low / not scored
B82: L3 · A3.1 Measurement-association module | C82: =COUNTIF('Threat Atlas'!$AL$6:$AL$300,"*A3.1*") -> 0 | D82: =COUNTIFS('Threat Atlas'!$AL$6:$AL$300,"*A3.1*",'Threat Atlas'!$O$6:$O$300,"E2")+COUNTIFS('Threat Atlas'!$AL$6:$AL$300,"*A3.1*",'Threat Atlas'!$O$6:$O$300,"E3") -> 0 | E82: =COUNTIF('CVE Register'!$W$6:$W$300,"*A3.1*") -> 0 | F82: =COUNTIFS('CVE Register'!$W$6:$W$300,"*A3.1*",'CVE Register'!$H$6:$H$300,"Critical") -> 0 | G82: =COUNTIFS('CVE Register'!$W$6:$W$300,"*A3.1*",'CVE Register'!$H$6:$H$300,"High") -> 0 | H82: =E82-F82-G82 -> 0
B83: L3 · A3.2 Ephemeris and clock-state database | C83: =COUNTIF('Threat Atlas'!$AL$6:$AL$300,"*A3.2*") -> 0 | D83: =COUNTIFS('Threat Atlas'!$AL$6:$AL$300,"*A3.2*",'Threat Atlas'!$O$6:$O$300,"E2")+COUNTIFS('Threat Atlas'!$AL$6:$AL$300,"*A3.2*",'Threat Atlas'!$O$6:$O$300,"E3") -> 0 | E83: =COUNTIF('CVE Register'!$W$6:$W$300,"*A3.2*") -> 0 | F83: =COUNTIFS('CVE Register'!$W$6:$W$300,"*A3.2*",'CVE Register'!$H$6:$H$300,"Critical") -> 0 | G83: =COUNTIFS('CVE Register'!$W$6:$W$300,"*A3.2*",'CVE Register'!$H$6:$H$300,"High") -> 0 | H83: =E83-F83-G83 -> 0
B84: L3 · A3.3 Localisation solver, EKF/IMM tracker and track database | C84: =COUNTIF('Threat Atlas'!$AL$6:$AL$300,"*A3.3*") -> 4 | D84: =COUNTIFS('Threat Atlas'!$AL$6:$AL$300,"*A3.3*",'Threat Atlas'!$O$6:$O$300,"E2")+COUNTIFS('Threat Atlas'!$AL$6:$AL$300,"*A3.3*",'Threat Atlas'!$O$6:$O$300,"E3") -> 3 | E84: =COUNTIF('CVE Register'!$W$6:$W$300,"*A3.3*") -> 0 | F84: =COUNTIFS('CVE Register'!$W$6:$W$300,"*A3.3*",'CVE Register'!$H$6:$H$300,"Critical") -> 0 | G84: =COUNTIFS('CVE Register'!$W$6:$W$300,"*A3.3*",'CVE Register'!$H$6:$H$300,"High") -> 0 | H84: =E84-F84-G84 -> 0
B85: L3 · A3.4 Integrity-monitoring module | C85: =COUNTIF('Threat Atlas'!$AL$6:$AL$300,"*A3.4*") -> 0 | D85: =COUNTIFS('Threat Atlas'!$AL$6:$AL$300,"*A3.4*",'Threat Atlas'!$O$6:$O$300,"E2")+COUNTIFS('Threat Atlas'!$AL$6:$AL$300,"*A3.4*",'Threat Atlas'!$O$6:$O$300,"E3") -> 0 | E85: =COUNTIF('CVE Register'!$W$6:$W$300,"*A3.4*") -> 0 | F85: =COUNTIFS('CVE Register'!$W$6:$W$300,"*A3.4*",'CVE Register'!$H$6:$H$300,"Critical") -> 0 | G85: =COUNTIFS('CVE Register'!$W$6:$W$300,"*A3.4*",'CVE Register'!$H$6:$H$300,"High") -> 0 | H85: =E85-F85-G85 -> 0
B86: L3 · A3.5 E-MLAT/ADS-B cross-check module | C86: =COUNTIF('Threat Atlas'!$AL$6:$AL$300,"*A3.5*") -> 3 | D86: =COUNTIFS('Threat Atlas'!$AL$6:$AL$300,"*A3.5*",'Threat Atlas'!$O$6:$O$300,"E2")+COUNTIFS('Threat Atlas'!$AL$6:$AL$300,"*A3.5*",'Threat Atlas'!$O$6:$O$300,"E3") -> 2 | E86: =COUNTIF('CVE Register'!$W$6:$W$300,"*A3.5*") -> 0 | F86: =COUNTIFS('CVE Register'!$W$6:$W$300,"*A3.5*",'CVE Register'!$H$6:$H$300,"Critical") -> 0 | G86: =COUNTIFS('CVE Register'!$W$6:$W$300,"*A3.5*",'CVE Register'!$H$6:$H$300,"High") -> 0 | H86: =E86-F86-G86 -> 0
B87: L3 · A3.6 ASTERIX report encoder and gateway | C87: =COUNTIF('Threat Atlas'!$AL$6:$AL$300,"*A3.6*") -> 0 | D87: =COUNTIFS('Threat Atlas'!$AL$6:$AL$300,"*A3.6*",'Threat Atlas'!$O$6:$O$300,"E2")+COUNTIFS('Threat Atlas'!$AL$6:$AL$300,"*A3.6*",'Threat Atlas'!$O$6:$O$300,"E3") -> 0 | E87: =COUNTIF('CVE Register'!$W$6:$W$300,"*A3.6*") -> 0 | F87: =COUNTIFS('CVE Register'!$W$6:$W$300,"*A3.6*",'CVE Register'!$H$6:$H$300,"Critical") -> 0 | G87: =COUNTIFS('CVE Register'!$W$6:$W$300,"*A3.6*",'CVE Register'!$H$6:$H$300,"High") -> 0 | H87: =E87-F87-G87 -> 0
B88: L3 · A3.7 Central Processing Station computing platform | C88: =COUNTIF('Threat Atlas'!$AL$6:$AL$300,"*A3.7*") -> 1 | D88: =COUNTIFS('Threat Atlas'!$AL$6:$AL$300,"*A3.7*",'Threat Atlas'!$O$6:$O$300,"E2")+COUNTIFS('Threat Atlas'!$AL$6:$AL$300,"*A3.7*",'Threat Atlas'!$O$6:$O$300,"E3") -> 1 | E88: =COUNTIF('CVE Register'!$W$6:$W$300,"*A3.7*") -> 0 | F88: =COUNTIFS('CVE Register'!$W$6:$W$300,"*A3.7*",'CVE Register'!$H$6:$H$300,"Critical") -> 0 | G88: =COUNTIFS('CVE Register'!$W$6:$W$300,"*A3.7*",'CVE Register'!$H$6:$H$300,"High") -> 0 | H88: =E88-F88-G88 -> 0
B89: Cross-reference, not added to the total above. The Atlas has no L3 asset group because no source enters at L3; a source is counted here when a threat bound to it acts on the asset (sheet Asset Register). A3.1, A3.2, A3.4 and A3.6 have no source and no CVE: their threats are postulated in the catalogue (dated reading, 29 Oct 2026).
B91: 8. Mitigation coverage
B92: Measure | C92: Count
B93: Mitigations defined | C93: =COUNTA(Mitigations!$A$6:$A$300) -> 25
B94: Mitigations mapped to at least one Atlas entry | C94: =COUNTIF(Mitigations!$M$6:$M$300,">0") -> 25
B95: Atlas entries with no mitigation ID | C95: =COUNTIFS('Threat Atlas'!$A$6:$A$300,"<>",'Threat Atlas'!$AI$6:$AI$300,"") -> 0
B96: Standards, regulation, guidance or advisories | C96: =COUNTIF(Mitigations!$C$6:$C$300,"Standard")+COUNTIF(Mitigations!$C$6:$C$300,"Regulation")+COUNTIF(Mitigations!$C$6:$C$300,"Guidance")+COUNTIF(Mitigations!$C$6:$C$300,"Advisory")+COUNTIF(Mitigations!$C$6:$C$300,"Operational service") -> 14
B97: Research techniques (incl. research / standardisation) | C97: =COUNTIF(Mitigations!$C$6:$C$300,"Research*") -> 8
B99: Checks
B100: Status table total = Atlas entries | C100: =IF(E13=B6,"OK","MISMATCH") -> OK
B101: Source-type table total = Atlas entries | C101: =IF(C25=B6,"OK","MISMATCH") -> OK
B102: Entry-layer and impact-layer totals = Atlas entries | C102: =IF(AND(C33=B6,D33=B6),"OK","MISMATCH") -> OK
B103: Timing and direction totals = Atlas entries | C103: =IF(AND(C47=B6,G47=B6),"OK","MISMATCH") -> OK
B104: Peer-reviewed + non-peer-reviewed = Atlas entries | C104: =IF(C6+D6=B6,"OK","MISMATCH") -> OK
B105: CVE severity total = CVEs in register | C105: =IF(G56=E6,"OK","MISMATCH") -> OK
B106: Every CVE row resolves to an Atlas source or is marked 'No Atlas source' | C106: =IF(COUNTIF('CVE Register'!$Q$6:$Q$300,"not found")=0,"OK","MISMATCH") -> OK
B107: CVE IDs listed in Atlas = CVEs linked in register | C107: =IF(SUM('Threat Atlas'!$AH$6:$AH$300)=COUNTIF('CVE Register'!$P$6:$P$300,">0"),"OK","MISMATCH") -> OK
B108: Asset table: Atlas entries and CVEs add up | C108: =IF(AND(C77=B6,E77=E6),"OK","MISMATCH") -> OK
B109: Gap Matrix totals = Atlas entries | C109: =IF('Gap Matrix'!M11=B6,"OK","MISMATCH") -> OK
B110: Asset Register lists 27 assets, 7 of them at L3 | C110: =IF(AND(COUNTA('Asset Register'!$A$6:$A$32)=27,COUNTIF('Asset Register'!$C$6:$C$32,"L3")=7),"OK","MISMATCH") -> OK
B112: Reading the Atlas (13 Oct 2026)
B113: The original review set's observation (Summary sheet) still holds for those 43 papers. The added sources qualify it in three ways:
B114: 1) In-the-wild GNSS interference against aircraft is now documented in peer-reviewed venues (Felux et al. 2024, NAVIGATION; Felux et al. 2025, CyCon), not only in industry and regulator material.
B115: 2) L4 (governance & integration) is no longer empty: Viasat KA-SAT (2022) is a real-world L4-to-L1 compromise, and the Black Hat 2025 disclosures add 45 verified CVEs in ground C2, flight software and the SDLS library. No source enters at L3: processing is reached only by propagation from L1/L2 (e.g. MLAT verification bypass, spoofed downlinks).
B116: 3) Top-down timing failures are real (GPS UTC error 2016, Galileo outage 2019): the cross-cutting timing dependency can fail from L4 without any attacker.
B117: Counts above are live; these notes are a dated reading and are not recomputed.

Sheet Threat Atlas
A1: PRISM-LEO Threat & Exploit Atlas
A2: Vulnerabilities vs. demonstrated exploits for GNSS-independent LEO MLAT-B air traffic surveillance · Rows 6-48: original peer-reviewed review set (unchanged) · Rows 49+: newer peer-reviewed and non-peer-reviewed sources · Defensive research dataset: attack descriptions are one high-level line, no operational parameters
B3: ● Demonstrated in Real-World / Active Exploit | D3: ● Simulated / Proof-of-Concept | F3: ● Theoretical / Unexploited | H3: Rankings checked 4 Oct 2026 (ICORE2026 / SJR 2025); new venues 13 Oct 2026. Every source link (col T) and every CVE (CVE Register) checked 13 Oct 2026. Columns Q onward are the Atlas extension; R, S, AA-AD and AG are live formulas.
A4: ORIGINAL REVIEW COLUMNS (A-P, unchanged) | Q4: ATLAS EXTENSION (13 Oct 2026) | Y4: ▼ ASSET (added 16 Oct 2026) | AL4: ▼ SATERA ASSETS & CROSS-LAYER PROPAGATION (added 29 Oct 2026)
A5: # | B5: Paper Title | C5: Authors & Year | D5: Publication Venue | E5: Venue Ranking / Quartile | F5: Ranking Source (checked 4 Oct 2026) | G5: Threat Category | H5: Vulnerability Category | I5: Attack Category | J5: Exploitation Feasibility / Status | K5: Evidence Basis | L5: Key Findings & Empirical Evidence | M5: BibTeX Key | N5: Domain | O5: Evidence Level (E0–E3) | P5: Placement in TDSC Draft | Q5: Source Type | R5: Peer-reviewed | S5: Citation | T5: Verified Link | U5: Link Check (13 Oct 2026) | V5: Vulnerability Class | W5: Attack Category (normalised) | X5: Attack (one line, high level) | Y5: Asset | Z5: Entry Layer | AA5: Impact Layer | AB5: Direction (derived) | AC5: TB1 | AD5: TB2 | AE5: TB3 | AF5: Timing Dependency | AG5: Related CVEs | AH5: CVEs in Register | AI5: Mitigation IDs | AJ5: Propagation / Notes | AK5: Atlas Set | AL5: Asset ID(s) (SATERA register) | AM5: Asset basis | AN5: Cross-layer propagation (layers and assets the effect can reach)
A6: 1 | B6: Undermining Privacy in the Aircraft Communications Addressing and Reporting System (ACARS) | C6: Smith et al. (2018) | D6: Proceedings on Privacy Enhancing Technologies (PoPETs) | E6: ICORE2026 A | F6: ICORE: PETS | G6: Passive eavesdropper with low-cost SDR; privacy / intelligence motive | H6: Design gap: plaintext data link; weak proprietary cipher | I6: Eavesdropping; cryptanalysis; traffic analysis | J6: Demonstrated in Real-World / Active Exploit | K6: Passive interception of live operational traffic | L6: Collected live ACARS traffic and broke the weak cipher some operators use, exposing sensitive data on military, government and business flights. | M6: Smith2018ACARSPrivacy | N6: Aviation data links | O6: E3 | P6: Table 2, [46] | Q6: Peer-reviewed conference | R6: =IF(LEFT(Q6,13)="Peer-reviewed","Yes","No") -> Yes | S6: =C6&". "&CHAR(34)&B6&CHAR(34)&". "&D6&"." -> Smith et al. (2018). "Undermining Privacy in the Aircraft Communications Addressing and Reporting System (ACARS)". Proceedings on Privacy Enhancing Technologies (PoPETs). | T6: https://doi.org/10.1515/popets-2018-0023 | U6: DOI metadata checked 13 Oct 2026 (OpenAlex): title matches | V6: Protocol design gap | W6: Eavesdropping / traffic analysis | X6: Passive SDR reception of ACARS traffic and recovery of weakly enciphered messages. | Y6: L2 · Aeronautical data links (ACARS, CPDLC, ADS-C, LDACS) | Z6: L2 | AA6: L2 | AB6: =IF(OR(Z6="",AA6=""),"",IF(VALUE(MID(AA6,2,1))>VALUE(MID(Z6,2,1)),"Upward (observables)",IF(VALUE(MID(AA6,2,1))<VALUE(MID(Z6,2,1)),"Downward (config / keys / sync)","Within layer"))) -> Within layer | AC6: =IF(OR(Z6="",AA6=""),"",IF(AND(MIN(VALUE(MID(Z6,2,1)),VALUE(MID(AA6,2,1)))<=1,MAX(VALUE(MID(Z6,2,1)),VALUE(MID(AA6,2,1)))>=2),"✓","")) | AD6: =IF(OR(Z6="",AA6=""),"",IF(AND(MIN(VALUE(MID(Z6,2,1)),VALUE(MID(AA6,2,1)))<=2,MAX(VALUE(MID(Z6,2,1)),VALUE(MID(AA6,2,1)))>=3),"✓","")) | AE6: =IF(OR(Z6="",AA6=""),"",IF(AND(MIN(VALUE(MID(Z6,2,1)),VALUE(MID(AA6,2,1)))<=3,MAX(VALUE(MID(Z6,2,1)),VALUE(MID(AA6,2,1)))>=4),"✓","")) | AF6: None | AH6: =COUNTIF('CVE Register'!$P$6:$P$300,A6) -> 0 | AI6: M22 | AJ6: Confidentiality only; no integrity effect on surveillance. | AK6: Original review set | AL6: A4.3 | AM6: Bound threats: T4.04 | AN6: Contained: disclosure only, no downstream state change. Exposure at L4: [A4.3]
A7: 2 | B7: A Tale of Sea and Sky: On the Security of Maritime VSAT Communications | C7: Pavur et al. (2020) | D7: IEEE Symposium on Security and Privacy (S&P) | E7: ICORE2026 A* | F7: ICORE: SP | G7: Passive eavesdropper with consumer satellite-TV equipment | H7: Architectural weakness: unencrypted VSAT links; insecure default configurations | I7: Eavesdropping; TCP session hijacking | J7: Demonstrated in Real-World / Active Exploit | K7: Passive interception of live third-party traffic; TCP hijack executed only on the authors' own connection over the live network | L7: Intercepted live maritime VSAT traffic across a wide footprint with under $400 of equipment and recovered sensitive data; demonstrated TCP session hijacking against their own connection without touching vessel traffic. | M7: Pavur2020VSAT | N7: Satellite & space | O7: E3 | P7: Table 2, [50] | Q7: Peer-reviewed conference | R7: =IF(LEFT(Q7,13)="Peer-reviewed","Yes","No") -> Yes | S7: =C7&". "&CHAR(34)&B7&CHAR(34)&". "&D7&"." -> Pavur et al. (2020). "A Tale of Sea and Sky: On the Security of Maritime VSAT Communications". IEEE Symposium on Security and Privacy (S&P). | T7: https://doi.org/10.1109/SP40000.2020.00056 | U7: DOI metadata checked 13 Oct 2026 (OpenAlex): title matches | V7: Protocol design gap | W7: Eavesdropping / traffic analysis | X7: Passive interception of unencrypted maritime VSAT traffic; session hijack shown only on the authors' own link. | Y7: L2 · SATCOM broadband links | Z7: L2 | AA7: L2 | AB7: =IF(OR(Z7="",AA7=""),"",IF(VALUE(MID(AA7,2,1))>VALUE(MID(Z7,2,1)),"Upward (observables)",IF(VALUE(MID(AA7,2,1))<VALUE(MID(Z7,2,1)),"Downward (config / keys / sync)","Within layer"))) -> Within layer | AC7: =IF(OR(Z7="",AA7=""),"",IF(AND(MIN(VALUE(MID(Z7,2,1)),VALUE(MID(AA7,2,1)))<=1,MAX(VALUE(MID(Z7,2,1)),VALUE(MID(AA7,2,1)))>=2),"✓","")) | AD7: =IF(OR(Z7="",AA7=""),"",IF(AND(MIN(VALUE(MID(Z7,2,1)),VALUE(MID(AA7,2,1)))<=2,MAX(VALUE(MID(Z7,2,1)),VALUE(MID(AA7,2,1)))>=3),"✓","")) | AE7: =IF(OR(Z7="",AA7=""),"",IF(AND(MIN(VALUE(MID(Z7,2,1)),VALUE(MID(AA7,2,1)))<=3,MAX(VALUE(MID(Z7,2,1)),VALUE(MID(AA7,2,1)))>=4),"✓","")) | AF7: None | AH7: =COUNTIF('CVE Register'!$P$6:$P$300,A7) -> 0 | AI7: M13 | AJ7: Same eavesdropping class as space-to-ground downlinks. | AK7: Original review set | AL7: A2.4 | AM7: Bound threats: T2.08 | AN7: Contained: disclosure only, no downstream state change. Exposure at L2: [A2.4]
A8: 3 | B8: Experimental Analysis of Attacks on Next Generation Air Traffic Communication | C8: Schäfer, Lenders & Martinovic (2013) | D8: Applied Cryptography and Network Security (ACNS) | E8: ICORE2026 B | F8: ICORE: ACNS | G8: Low-budget attacker with COTS SDR; no insider access | H8: Inherent protocol flaw: unauthenticated, unencrypted ADS-B broadcast | I8: Ghost injection; flooding; jamming; message deletion / modification; eavesdropping | J8: Simulated / Proof-of-Concept | K8: Real hardware, controlled setting | L8: Showed inexpensive SDR equipment can execute the main ADS-B attacks against real receivers, establishing practical feasibility outside operational ATC. | M8: Schafer2013ExperimentalADSB | N8: Aviation surveillance (ADS-B / MLAT) | O8: E2 | P8: Table 1, [4] | Q8: Peer-reviewed conference | R8: =IF(LEFT(Q8,13)="Peer-reviewed","Yes","No") -> Yes | S8: =C8&". "&CHAR(34)&B8&CHAR(34)&". "&D8&"." -> Schäfer, Lenders & Martinovic (2013). "Experimental Analysis of Attacks on Next Generation Air Traffic Communication". Applied Cryptography and Network Security (ACNS). | T8: https://doi.org/10.1007/978-3-642-38980-1_16 | U8: DOI metadata checked 13 Oct 2026 (OpenAlex): title matches | V8: Protocol design gap | W8: Spoofing / injection | X8: Injection of forged ADS-B messages and jamming against real receivers with COTS SDR. | Y8: L1 · Transponder signals & satellite receivers (ADS-B / Mode S) | Z8: L1 | AA8: L2 | AB8: =IF(OR(Z8="",AA8=""),"",IF(VALUE(MID(AA8,2,1))>VALUE(MID(Z8,2,1)),"Upward (observables)",IF(VALUE(MID(AA8,2,1))<VALUE(MID(Z8,2,1)),"Downward (config / keys / sync)","Within layer"))) -> Upward (observables) | AC8: =IF(OR(Z8="",AA8=""),"",IF(AND(MIN(VALUE(MID(Z8,2,1)),VALUE(MID(AA8,2,1)))<=1,MAX(VALUE(MID(Z8,2,1)),VALUE(MID(AA8,2,1)))>=2),"✓","")) -> ✓ | AD8: =IF(OR(Z8="",AA8=""),"",IF(AND(MIN(VALUE(MID(Z8,2,1)),VALUE(MID(AA8,2,1)))<=2,MAX(VALUE(MID(Z8,2,1)),VALUE(MID(AA8,2,1)))>=3),"✓","")) | AE8: =IF(OR(Z8="",AA8=""),"",IF(AND(MIN(VALUE(MID(Z8,2,1)),VALUE(MID(AA8,2,1)))<=3,MAX(VALUE(MID(Z8,2,1)),VALUE(MID(AA8,2,1)))>=4),"✓","")) | AF8: None | AH8: =COUNTIF('CVE Register'!$P$6:$P$300,A8) -> 0 | AI8: M15; M17; M21 | AJ8: Would reach L3 association if not filtered. | AK8: Original review set | AL8: A1.1, A1.3 | AM8: Bound threats: T1.01, T1.02, T1.04, T1.07 | AN8: L1 > L2 > L3 > L4 (4 of 4 layers) L1: [A1.1], [A1.3], A1.4, A1.7 | L2: A2.1, A2.2, A2.4 | L3: A3.1, A3.3, A3.4, A3.5, A3.6 | L4: A4.5, A4.6 Boundaries to first check A3.4/A3.5: 2 | to ATM A4.6: 3
A9: 4 | B9: Assessing the Spoofing Threat: Development of a Portable GPS Civilian Spoofer | C9: Humphreys et al. (2008) | D9: ION GNSS | E9: Not ICORE-ranked | F9: Not in ICORE2026 list | G9: Moderately resourced attacker building a receiver-spoofer | H9: Design gap: unauthenticated civil GPS signals | I9: GNSS spoofing (signal takeover / carry-off) | J9: Simulated / Proof-of-Concept | K9: Test receiver | L9: Built a portable spoofer that tracks live signals and smoothly captures a target receiver; simple consistency checks fail to detect it. | M9: Humphreys2008GPSSpoofer | N9: GNSS | O9: E2 | P9: Table 1, [29] | Q9: Peer-reviewed conference | R9: =IF(LEFT(Q9,13)="Peer-reviewed","Yes","No") -> Yes | S9: =C9&". "&CHAR(34)&B9&CHAR(34)&". "&D9&"." -> Humphreys et al. (2008). "Assessing the Spoofing Threat: Development of a Portable GPS Civilian Spoofer". ION GNSS. | T9: https://www.ion.org/publications/abstract.cfm?articleID=8132 | U9: Page fetched 13 Oct 2026: title matches | V9: Protocol design gap | W9: Spoofing / injection | X9: Receiver-spoofer that captures a civil GPS receiver's position and time solution. | Y9: L1 · GNSS receiver / onboard clock | Z9: L1 | AA9: L1 | AB9: =IF(OR(Z9="",AA9=""),"",IF(VALUE(MID(AA9,2,1))>VALUE(MID(Z9,2,1)),"Upward (observables)",IF(VALUE(MID(AA9,2,1))<VALUE(MID(Z9,2,1)),"Downward (config / keys / sync)","Within layer"))) -> Within layer | AC9: =IF(OR(Z9="",AA9=""),"",IF(AND(MIN(VALUE(MID(Z9,2,1)),VALUE(MID(AA9,2,1)))<=1,MAX(VALUE(MID(Z9,2,1)),VALUE(MID(AA9,2,1)))>=2),"✓","")) | AD9: =IF(OR(Z9="",AA9=""),"",IF(AND(MIN(VALUE(MID(Z9,2,1)),VALUE(MID(AA9,2,1)))<=2,MAX(VALUE(MID(Z9,2,1)),VALUE(MID(AA9,2,1)))>=3),"✓","")) | AE9: =IF(OR(Z9="",AA9=""),"",IF(AND(MIN(VALUE(MID(Z9,2,1)),VALUE(MID(AA9,2,1)))<=3,MAX(VALUE(MID(Z9,2,1)),VALUE(MID(AA9,2,1)))>=4),"✓","")) | AF9: Direct | AH9: =COUNTIF('CVE Register'!$P$6:$P$300,A9) -> 0 | AI9: M01; M12; M18; M19; M23 | AJ9: Threatens any GNSS-disciplined clock in the sync chain. | AK9: Original review set | AL9: A1.2, A1.5 | AM9: Bound threats: T1.11 | AN9: L1 > L2 > L3 > L4 (4 of 4 layers) L1: [A1.2], [A1.5], A1.4, A1.7 | L2: A2.1, A2.2, A2.4 | L3: A3.1, A3.2, A3.3, A3.4, A3.5, A3.6 | L4: A4.5, A4.6 Boundaries to first check A3.4/A3.5: 2 | to ATM A4.6: 3
A10: 5 | B10: Investigation of Multi-device Location Spoofing Attacks on Air Traffic Control and Possible Countermeasures | C10: Moser et al. (2016) | D10: ACM MobiCom | E10: ICORE2026 A* | F10: ICORE: MOBICOM | G10: Strong attacker with multiple time-synchronised transmitters | H10: Architectural weakness: MLAT / TDOA verification assumes a single emitter | I10: Multi-device location spoofing defeating multilateration | J10: Simulated / Proof-of-Concept | K10: Real COTS SDR hardware; attack launched against the live OpenSky Network (crowdsourced, non-ATC) | L10: Built a multi-device attack from COTS SDRs and launched it against the OpenSky Network: timing errors of distributed spoofed signals were indistinguishable from a genuine single emitter. Frequency offset and transient phase noise detect multi-source spoofing. | M10: Moser2016MultiDevice | N10: Aviation surveillance (ADS-B / MLAT) | O10: E2 | P10: Table 1, [9] | Q10: Peer-reviewed conference | R10: =IF(LEFT(Q10,13)="Peer-reviewed","Yes","No") -> Yes | S10: =C10&". "&CHAR(34)&B10&CHAR(34)&". "&D10&"." -> Moser et al. (2016). "Investigation of Multi-device Location Spoofing Attacks on Air Traffic Control and Possible Countermeasures". ACM MobiCom. | T10: https://doi.org/10.1145/2973750.2973763 | U10: DOI metadata checked 13 Oct 2026 (OpenAlex): title matches | V10: Architectural weakness | W10: Spoofing / injection | X10: Time-synchronised multi-transmitter spoofing that looks consistent to multilateration. | Y10: L1 · Transponder signals & satellite receivers (ADS-B / Mode S) | Z10: L1 | AA10: L3 | AB10: =IF(OR(Z10="",AA10=""),"",IF(VALUE(MID(AA10,2,1))>VALUE(MID(Z10,2,1)),"Upward (observables)",IF(VALUE(MID(AA10,2,1))<VALUE(MID(Z10,2,1)),"Downward (config / keys / sync)","Within layer"))) -> Upward (observables) | AC10: =IF(OR(Z10="",AA10=""),"",IF(AND(MIN(VALUE(MID(Z10,2,1)),VALUE(MID(AA10,2,1)))<=1,MAX(VALUE(MID(Z10,2,1)),VALUE(MID(AA10,2,1)))>=2),"✓","")) -> ✓ | AD10: =IF(OR(Z10="",AA10=""),"",IF(AND(MIN(VALUE(MID(Z10,2,1)),VALUE(MID(AA10,2,1)))<=2,MAX(VALUE(MID(Z10,2,1)),VALUE(MID(AA10,2,1)))>=3),"✓","")) -> ✓ | AE10: =IF(OR(Z10="",AA10=""),"",IF(AND(MIN(VALUE(MID(Z10,2,1)),VALUE(MID(AA10,2,1)))<=3,MAX(VALUE(MID(Z10,2,1)),VALUE(MID(AA10,2,1)))>=4),"✓","")) | AF10: Direct | AH10: =COUNTIF('CVE Register'!$P$6:$P$300,A10) -> 0 | AI10: M15; M16; M17 | AJ10: Directly relevant to MLAT-B: defeats TDOA consistency checks. | AK10: Original review set | AL10: A1.1, A3.3, A3.5 | AM10: Bound threats: T1.05, T1.06, T3.07, T3.08 | AN10: L1 > L2 > L3 > L4 (4 of 4 layers) L1: [A1.1], A1.3, A1.4, A1.7 | L2: A2.1, A2.2, A2.4 | L3: [A3.3], [A3.5], A3.1, A3.4, A3.6 | L4: A4.5, A4.6 Boundaries to first check A3.4/A3.5: 0 (an origin is a check) | to ATM A4.6: 1
A11: 6 | B11: Secure Track Verification | C11: Schäfer, Lenders & Schmitt (2015) | D11: IEEE Symposium on Security and Privacy (S&P) | E11: ICORE2026 A* | F11: ICORE: SP | G11: ADS-B injector including multi-device attackers | H11: Protocol flaw: self-reported positions unauthenticated | I11: Location spoofing; ghost-track injection | J11: Simulated / Proof-of-Concept | K11: Attacks modelled on real sensor data | L11: Verifying a track over time with few TDOA receivers detects spoofing that single-snapshot MLAT misses; evaluated on real OpenSky data. | M11: Schafer2015SecureTrack | N11: Aviation surveillance (ADS-B / MLAT) | O11: E1 | P11: Table 1, [36] | Q11: Peer-reviewed conference | R11: =IF(LEFT(Q11,13)="Peer-reviewed","Yes","No") -> Yes | S11: =C11&". "&CHAR(34)&B11&CHAR(34)&". "&D11&"." -> Schäfer, Lenders & Schmitt (2015). "Secure Track Verification". IEEE Symposium on Security and Privacy (S&P). | T11: https://doi.org/10.1109/SP.2015.20 | U11: DOI metadata checked 13 Oct 2026 (OpenAlex): title matches | V11: Protocol design gap | W11: Spoofing / injection | X11: Location spoofing that evades single-snapshot MLAT checks; countered by track-level TDOA verification. | Y11: L1 · Transponder signals & satellite receivers (ADS-B / Mode S) | Z11: L1 | AA11: L3 | AB11: =IF(OR(Z11="",AA11=""),"",IF(VALUE(MID(AA11,2,1))>VALUE(MID(Z11,2,1)),"Upward (observables)",IF(VALUE(MID(AA11,2,1))<VALUE(MID(Z11,2,1)),"Downward (config / keys / sync)","Within layer"))) -> Upward (observables) | AC11: =IF(OR(Z11="",AA11=""),"",IF(AND(MIN(VALUE(MID(Z11,2,1)),VALUE(MID(AA11,2,1)))<=1,MAX(VALUE(MID(Z11,2,1)),VALUE(MID(AA11,2,1)))>=2),"✓","")) -> ✓ | AD11: =IF(OR(Z11="",AA11=""),"",IF(AND(MIN(VALUE(MID(Z11,2,1)),VALUE(MID(AA11,2,1)))<=2,MAX(VALUE(MID(Z11,2,1)),VALUE(MID(AA11,2,1)))>=3),"✓","")) -> ✓ | AE11: =IF(OR(Z11="",AA11=""),"",IF(AND(MIN(VALUE(MID(Z11,2,1)),VALUE(MID(AA11,2,1)))<=3,MAX(VALUE(MID(Z11,2,1)),VALUE(MID(AA11,2,1)))>=4),"✓","")) | AF11: Direct | AH11: =COUNTIF('CVE Register'!$P$6:$P$300,A11) -> 0 | AI11: M15 | AK11: Original review set | AL11: A1.1, A1.4, A3.3, A3.5 | AM11: Bound threats: T1.03, T1.05, T1.09, T3.07, T3.08 | AN11: L1 > L2 > L3 > L4 (4 of 4 layers) L1: [A1.1], [A1.4], A1.3, A1.7 | L2: A2.1, A2.2, A2.4 | L3: [A3.3], [A3.5], A3.1, A3.4, A3.6 | L4: A4.5, A4.6 Boundaries to first check A3.4/A3.5: 0 (an origin is a check) | to ATM A4.6: 1
A12: 7 | B12: Intrusion Detection for Airborne Communication Using PHY-Layer Information | C12: Strohmeier, Lenders & Martinovic (2015) | D12: DIMVA (LNCS) | E12: ICORE2026 B | F12: ICORE: DIMVA | G12: Ground-based SDR injector | H12: Protocol flaw: unauthenticated broadcast | I12: Message injection | J12: Simulated / Proof-of-Concept | K12: Emulated attacks on real data | L12: Physical-layer features such as signal strength separate injected messages from genuine aircraft with high detection rates. | M12: Strohmeier2015PHYIDS | N12: Aviation surveillance (ADS-B / MLAT) | O12: E1 | P12: Table 1, [35] | Q12: Peer-reviewed conference | R12: =IF(LEFT(Q12,13)="Peer-reviewed","Yes","No") -> Yes | S12: =C12&". "&CHAR(34)&B12&CHAR(34)&". "&D12&"." -> Strohmeier, Lenders & Martinovic (2015). "Intrusion Detection for Airborne Communication Using PHY-Layer Information". DIMVA (LNCS). | T12: https://doi.org/10.1007/978-3-319-20550-2_4 | U12: DOI metadata checked 13 Oct 2026 (OpenAlex): title matches | V12: Protocol design gap | W12: Spoofing / injection | X12: Ground-based injection of ADS-B messages, flagged using physical-layer features. | Y12: L1 · Transponder signals & satellite receivers (ADS-B / Mode S) | Z12: L1 | AA12: L3 | AB12: =IF(OR(Z12="",AA12=""),"",IF(VALUE(MID(AA12,2,1))>VALUE(MID(Z12,2,1)),"Upward (observables)",IF(VALUE(MID(AA12,2,1))<VALUE(MID(Z12,2,1)),"Downward (config / keys / sync)","Within layer"))) -> Upward (observables) | AC12: =IF(OR(Z12="",AA12=""),"",IF(AND(MIN(VALUE(MID(Z12,2,1)),VALUE(MID(AA12,2,1)))<=1,MAX(VALUE(MID(Z12,2,1)),VALUE(MID(AA12,2,1)))>=2),"✓","")) -> ✓ | AD12: =IF(OR(Z12="",AA12=""),"",IF(AND(MIN(VALUE(MID(Z12,2,1)),VALUE(MID(AA12,2,1)))<=2,MAX(VALUE(MID(Z12,2,1)),VALUE(MID(AA12,2,1)))>=3),"✓","")) -> ✓ | AE12: =IF(OR(Z12="",AA12=""),"",IF(AND(MIN(VALUE(MID(Z12,2,1)),VALUE(MID(AA12,2,1)))<=3,MAX(VALUE(MID(Z12,2,1)),VALUE(MID(AA12,2,1)))>=4),"✓","")) | AF12: None | AH12: =COUNTIF('CVE Register'!$P$6:$P$300,A12) -> 0 | AI12: M17 | AK12: Original review set | AL12: A1.1 | AM12: Bound threats: T1.02 | AN12: L1 > L2 > L3 > L4 (4 of 4 layers) L1: [A1.1], A1.3, A1.4, A1.7 | L2: A2.1, A2.2, A2.4 | L3: A3.1, A3.3, A3.4, A3.5, A3.6 | L4: A4.5, A4.6 Boundaries to first check A3.4/A3.5: 2 | to ATM A4.6: 3
A13: 8 | B13: Verifying ADS-B Navigation Information Through Doppler Shift Measurements | C13: Ghose & Lazos (2015) | D13: IEEE/AIAA Digital Avionics Systems Conference (DASC) | E13: Not ICORE-ranked | F13: Avionics DASC not listed (ICORE 'DASC' is a different conference) | G13: Single-emitter spoofer | H13: Protocol flaw: self-reported position / velocity unverified | I13: Position and velocity spoofing | J13: Simulated / Proof-of-Concept | K13: Simulation | L13: Doppler shifts observed at receivers can verify claimed motion; simulation shows spoofed tracks are detected. | M13: Ghose2015Doppler | N13: Aviation surveillance (ADS-B / MLAT) | O13: E1 | P13: Table 1, [37] | Q13: Peer-reviewed conference | R13: =IF(LEFT(Q13,13)="Peer-reviewed","Yes","No") -> Yes | S13: =C13&". "&CHAR(34)&B13&CHAR(34)&". "&D13&"." -> Ghose & Lazos (2015). "Verifying ADS-B Navigation Information Through Doppler Shift Measurements". IEEE/AIAA Digital Avionics Systems Conference (DASC). | T13: https://doi.org/10.1109/DASC.2015.7311412 | U13: DOI metadata checked 13 Oct 2026 (OpenAlex): title matches | V13: Protocol design gap | W13: Spoofing / injection | X13: Position and velocity spoofing checked against receiver-observed Doppler shift (simulation). | Y13: L1 · Transponder signals & satellite receivers (ADS-B / Mode S) | Z13: L1 | AA13: L3 | AB13: =IF(OR(Z13="",AA13=""),"",IF(VALUE(MID(AA13,2,1))>VALUE(MID(Z13,2,1)),"Upward (observables)",IF(VALUE(MID(AA13,2,1))<VALUE(MID(Z13,2,1)),"Downward (config / keys / sync)","Within layer"))) -> Upward (observables) | AC13: =IF(OR(Z13="",AA13=""),"",IF(AND(MIN(VALUE(MID(Z13,2,1)),VALUE(MID(AA13,2,1)))<=1,MAX(VALUE(MID(Z13,2,1)),VALUE(MID(AA13,2,1)))>=2),"✓","")) -> ✓ | AD13: =IF(OR(Z13="",AA13=""),"",IF(AND(MIN(VALUE(MID(Z13,2,1)),VALUE(MID(AA13,2,1)))<=2,MAX(VALUE(MID(Z13,2,1)),VALUE(MID(AA13,2,1)))>=3),"✓","")) -> ✓ | AE13: =IF(OR(Z13="",AA13=""),"",IF(AND(MIN(VALUE(MID(Z13,2,1)),VALUE(MID(AA13,2,1)))<=3,MAX(VALUE(MID(Z13,2,1)),VALUE(MID(AA13,2,1)))>=4),"✓","")) | AF13: None | AH13: =COUNTIF('CVE Register'!$P$6:$P$300,A13) -> 0 | AI13: M16 | AJ13: FOA-based check, complementary to TDOA. | AK13: Original review set | AL13: A1.4 | AM13: Bound threats: T1.09 | AN13: L1 > L2 > L3 > L4 (4 of 4 layers) L1: [A1.4], A1.7 | L2: A2.1, A2.2, A2.4 | L3: A3.1, A3.3, A3.4, A3.5, A3.6 | L4: A4.5, A4.6 Boundaries to first check A3.4/A3.5: 2 | to ATM A4.6: 3
A14: 9 | B14: Secure Motion Verification Using the Doppler Effect | C14: Schäfer et al. (2016) | D14: ACM WiSec | E14: ICORE2026 B | F14: ICORE: ACM_WiSec | G14: Motion spoofer including stronger attacker models | H14: Protocol flaw: self-reported kinematics unauthenticated | I14: Position and velocity spoofing | J14: Simulated / Proof-of-Concept | K14: Simulated attacks | L14: Doppler-based verification detects spoofed motion claims, complementing TDOA approaches. | M14: Schafer2016Doppler | N14: Aviation surveillance (ADS-B / MLAT) | O14: E1 | P14: Table 1, [38] | Q14: Peer-reviewed conference | R14: =IF(LEFT(Q14,13)="Peer-reviewed","Yes","No") -> Yes | S14: =C14&". "&CHAR(34)&B14&CHAR(34)&". "&D14&"." -> Schäfer et al. (2016). "Secure Motion Verification Using the Doppler Effect". ACM WiSec. | T14: https://doi.org/10.1145/2939918.2939920 | U14: DOI metadata checked 13 Oct 2026 (OpenAlex): title matches | V14: Protocol design gap | W14: Spoofing / injection | X14: Spoofed motion claims checked against Doppler measurements across receivers (simulation). | Y14: L1 · Transponder signals & satellite receivers (ADS-B / Mode S) | Z14: L1 | AA14: L3 | AB14: =IF(OR(Z14="",AA14=""),"",IF(VALUE(MID(AA14,2,1))>VALUE(MID(Z14,2,1)),"Upward (observables)",IF(VALUE(MID(AA14,2,1))<VALUE(MID(Z14,2,1)),"Downward (config / keys / sync)","Within layer"))) -> Upward (observables) | AC14: =IF(OR(Z14="",AA14=""),"",IF(AND(MIN(VALUE(MID(Z14,2,1)),VALUE(MID(AA14,2,1)))<=1,MAX(VALUE(MID(Z14,2,1)),VALUE(MID(AA14,2,1)))>=2),"✓","")) -> ✓ | AD14: =IF(OR(Z14="",AA14=""),"",IF(AND(MIN(VALUE(MID(Z14,2,1)),VALUE(MID(AA14,2,1)))<=2,MAX(VALUE(MID(Z14,2,1)),VALUE(MID(AA14,2,1)))>=3),"✓","")) -> ✓ | AE14: =IF(OR(Z14="",AA14=""),"",IF(AND(MIN(VALUE(MID(Z14,2,1)),VALUE(MID(AA14,2,1)))<=3,MAX(VALUE(MID(Z14,2,1)),VALUE(MID(AA14,2,1)))>=4),"✓","")) | AF14: None | AH14: =COUNTIF('CVE Register'!$P$6:$P$300,A14) -> 0 | AI14: M16 | AK14: Original review set | AL14: A1.4 | AM14: Bound threats: T1.09 | AN14: L1 > L2 > L3 > L4 (4 of 4 layers) L1: [A1.4], A1.7 | L2: A2.1, A2.2, A2.4 | L3: A3.1, A3.3, A3.4, A3.5, A3.6 | L4: A4.5, A4.6 Boundaries to first check A3.4/A3.5: 2 | to ATM A4.6: 3
A15: 10 | B15: Crowd-GPS-Sec: Leveraging Crowdsourcing to Detect and Localize GPS Spoofing Attacks | C15: Jansen et al. (2018) | D15: IEEE Symposium on Security and Privacy (S&P) | E15: ICORE2026 A* | F15: ICORE: SP | G15: GPS spoofer affecting aircraft in an area | H15: Design gap: unauthenticated civil GNSS | I15: GPS spoofing | J15: Simulated / Proof-of-Concept | K15: Spoofing simulated on real ADS-B data | L15: Crowdsourced ADS-B / MLAT data can detect GPS spoofing within seconds and localise the spoofer. | M15: Jansen2018CrowdGPSSec | N15: GNSS | O15: E1 | P15: Table 1, [39] | Q15: Peer-reviewed conference | R15: =IF(LEFT(Q15,13)="Peer-reviewed","Yes","No") -> Yes | S15: =C15&". "&CHAR(34)&B15&CHAR(34)&". "&D15&"." -> Jansen et al. (2018). "Crowd-GPS-Sec: Leveraging Crowdsourcing to Detect and Localize GPS Spoofing Attacks". IEEE Symposium on Security and Privacy (S&P). | T15: https://doi.org/10.1109/SP.2018.00012 | U15: DOI metadata checked 13 Oct 2026 (OpenAlex): title matches | V15: Protocol design gap | W15: Spoofing / injection | X15: GPS spoofing of aircraft detected and the spoofer localised from crowdsourced ADS-B/MLAT data. | Y15: L1 · GNSS receiver / onboard clock | Z15: L1 | AA15: L3 | AB15: =IF(OR(Z15="",AA15=""),"",IF(VALUE(MID(AA15,2,1))>VALUE(MID(Z15,2,1)),"Upward (observables)",IF(VALUE(MID(AA15,2,1))<VALUE(MID(Z15,2,1)),"Downward (config / keys / sync)","Within layer"))) -> Upward (observables) | AC15: =IF(OR(Z15="",AA15=""),"",IF(AND(MIN(VALUE(MID(Z15,2,1)),VALUE(MID(AA15,2,1)))<=1,MAX(VALUE(MID(Z15,2,1)),VALUE(MID(AA15,2,1)))>=2),"✓","")) -> ✓ | AD15: =IF(OR(Z15="",AA15=""),"",IF(AND(MIN(VALUE(MID(Z15,2,1)),VALUE(MID(AA15,2,1)))<=2,MAX(VALUE(MID(Z15,2,1)),VALUE(MID(AA15,2,1)))>=3),"✓","")) -> ✓ | AE15: =IF(OR(Z15="",AA15=""),"",IF(AND(MIN(VALUE(MID(Z15,2,1)),VALUE(MID(AA15,2,1)))<=3,MAX(VALUE(MID(Z15,2,1)),VALUE(MID(AA15,2,1)))>=4),"✓","")) | AF15: Direct | AH15: =COUNTIF('CVE Register'!$P$6:$P$300,A15) -> 0 | AI15: M18; M01 | AK15: Original review set | AL15: A1.2, A1.5 | AM15: Group default (not bound to a catalogue threat) | AN15: L1 > L2 > L3 > L4 (4 of 4 layers) L1: [A1.2], [A1.5], A1.4, A1.7 | L2: A2.1, A2.2, A2.4 | L3: A3.1, A3.2, A3.3, A3.4, A3.5, A3.6 | L4: A4.5, A4.6 Boundaries to first check A3.4/A3.5: 2 | to ATM A4.6: 3
A16: 11 | B16: GNSS-WASP: GNSS Wide Area SPoofing | C16: Tibaldo et al. (2025) | D16: USENIX Security Symposium | E16: ICORE2026 A* | F16: ICORE: USENIX-Security | G16: Advanced wide-area spoofer targeting multiple receivers | H16: Design gap: unauthenticated GNSS; multi-receiver detection assumes spatial inconsistency | I16: Coordinated wide-area spoofing evading detection | J16: Simulated / Proof-of-Concept | K16: Proof-of-concept evaluation | L16: Spoofing can keep receivers' relative positions consistent, undermining crowdsourced and multi-receiver detection. | M16: Tibaldo2025GNSSWASP | N16: GNSS | O16: E1 | P16: Table 1, [40] | Q16: Peer-reviewed conference | R16: =IF(LEFT(Q16,13)="Peer-reviewed","Yes","No") -> Yes | S16: =C16&". "&CHAR(34)&B16&CHAR(34)&". "&D16&"." -> Tibaldo et al. (2025). "GNSS-WASP: GNSS Wide Area SPoofing". USENIX Security Symposium. | T16: https://www.usenix.org/conference/usenixsecurity25/presentation/tibaldo | U16: Page fetched 13 Oct 2026: title matches | V16: Protocol design gap | W16: Spoofing / injection | X16: Wide-area GNSS spoofing that preserves receivers' relative geometry to evade multi-receiver detection. | Y16: L1 · GNSS receiver / onboard clock | Z16: L1 | AA16: L1 | AB16: =IF(OR(Z16="",AA16=""),"",IF(VALUE(MID(AA16,2,1))>VALUE(MID(Z16,2,1)),"Upward (observables)",IF(VALUE(MID(AA16,2,1))<VALUE(MID(Z16,2,1)),"Downward (config / keys / sync)","Within layer"))) -> Within layer | AC16: =IF(OR(Z16="",AA16=""),"",IF(AND(MIN(VALUE(MID(Z16,2,1)),VALUE(MID(AA16,2,1)))<=1,MAX(VALUE(MID(Z16,2,1)),VALUE(MID(AA16,2,1)))>=2),"✓","")) | AD16: =IF(OR(Z16="",AA16=""),"",IF(AND(MIN(VALUE(MID(Z16,2,1)),VALUE(MID(AA16,2,1)))<=2,MAX(VALUE(MID(Z16,2,1)),VALUE(MID(AA16,2,1)))>=3),"✓","")) | AE16: =IF(OR(Z16="",AA16=""),"",IF(AND(MIN(VALUE(MID(Z16,2,1)),VALUE(MID(AA16,2,1)))<=3,MAX(VALUE(MID(Z16,2,1)),VALUE(MID(AA16,2,1)))>=4),"✓","")) | AF16: Direct | AH16: =COUNTIF('CVE Register'!$P$6:$P$300,A16) -> 0 | AI16: M01; M18; M19 | AJ16: Limits crowdsourced / multi-receiver detection (M18). | AK16: Original review set | AL16: A1.2, A1.5 | AM16: Group default (not bound to a catalogue threat) | AN16: L1 > L2 > L3 > L4 (4 of 4 layers) L1: [A1.2], [A1.5], A1.4, A1.7 | L2: A2.1, A2.2, A2.4 | L3: A3.1, A3.2, A3.3, A3.4, A3.5, A3.6 | L4: A4.5, A4.6 Boundaries to first check A3.4/A3.5: 2 | to ATM A4.6: 3
A17: 12 | B17: Detecting Injection Attacks in ADS-B Devices Using RNN-Based Models | C17: Khoei et al. (2024) | D17: Integrated Communications, Navigation and Surveillance Conf. (ICNS) | E17: Not ICORE-ranked | F17: Not in ICORE2026 list | G17: SDR injector | H17: Protocol flaw: unauthenticated broadcast | I17: Message injection | J17: Simulated / Proof-of-Concept | K17: Synthetic attack data | L17: RNN-based models detect injected ADS-B messages on datasets with simulated attacks. | M17: Khoei2024RNNADSB | N17: Aviation surveillance (ADS-B / MLAT) | O17: E1 | P17: Table 1, [41] | Q17: Peer-reviewed conference | R17: =IF(LEFT(Q17,13)="Peer-reviewed","Yes","No") -> Yes | S17: =C17&". "&CHAR(34)&B17&CHAR(34)&". "&D17&"." -> Khoei et al. (2024). "Detecting Injection Attacks in ADS-B Devices Using RNN-Based Models". Integrated Communications, Navigation and Surveillance Conf. (ICNS). | T17: https://par.nsf.gov/biblio/10564790 | U17: Page fetched 13 Oct 2026: title matches (NSF PAR record; no DOI shown) | V17: Protocol design gap | W17: Spoofing / injection | X17: Injected ADS-B messages detected by RNN models on synthetic attack data. | Y17: L1 · Transponder signals & satellite receivers (ADS-B / Mode S) | Z17: L1 | AA17: L3 | AB17: =IF(OR(Z17="",AA17=""),"",IF(VALUE(MID(AA17,2,1))>VALUE(MID(Z17,2,1)),"Upward (observables)",IF(VALUE(MID(AA17,2,1))<VALUE(MID(Z17,2,1)),"Downward (config / keys / sync)","Within layer"))) -> Upward (observables) | AC17: =IF(OR(Z17="",AA17=""),"",IF(AND(MIN(VALUE(MID(Z17,2,1)),VALUE(MID(AA17,2,1)))<=1,MAX(VALUE(MID(Z17,2,1)),VALUE(MID(AA17,2,1)))>=2),"✓","")) -> ✓ | AD17: =IF(OR(Z17="",AA17=""),"",IF(AND(MIN(VALUE(MID(Z17,2,1)),VALUE(MID(AA17,2,1)))<=2,MAX(VALUE(MID(Z17,2,1)),VALUE(MID(AA17,2,1)))>=3),"✓","")) -> ✓ | AE17: =IF(OR(Z17="",AA17=""),"",IF(AND(MIN(VALUE(MID(Z17,2,1)),VALUE(MID(AA17,2,1)))<=3,MAX(VALUE(MID(Z17,2,1)),VALUE(MID(AA17,2,1)))>=4),"✓","")) | AF17: None | AH17: =COUNTIF('CVE Register'!$P$6:$P$300,A17) -> 0 | AI17: M17 | AK17: Original review set | AL17: A1.1, A1.3 | AM17: Group default (not bound to a catalogue threat) | AN17: L1 > L2 > L3 > L4 (4 of 4 layers) L1: [A1.1], [A1.3], A1.4, A1.7 | L2: A2.1, A2.2, A2.4 | L3: A3.1, A3.3, A3.4, A3.5, A3.6 | L4: A4.5, A4.6 Boundaries to first check A3.4/A3.5: 2 | to ATM A4.6: 3
A18: 13 | B18: ICARUS: Attacking Low Earth Orbit Satellite Networks | C18: Giuliari et al. (2021) | D18: USENIX Annual Technical Conference (ATC) | E18: ICORE2026 A | F18: ICORE: USENIX (ATC) | G18: Attacker controlling distributed legitimate terminals or a botnet | H18: Architectural weakness: predictable LEO topology and shared links | I18: Link-flooding DDoS | J18: Simulated / Proof-of-Concept | K18: Constellation simulation | L18: Predictable LEO topology lets attackers target bottleneck links cheaply; shown on Starlink-like constellation simulations. | M18: Giuliari2021ICARUS | N18: Satellite & space | O18: E1 | P18: Table 3, [54] | Q18: Peer-reviewed conference | R18: =IF(LEFT(Q18,13)="Peer-reviewed","Yes","No") -> Yes | S18: =C18&". "&CHAR(34)&B18&CHAR(34)&". "&D18&"." -> Giuliari et al. (2021). "ICARUS: Attacking Low Earth Orbit Satellite Networks". USENIX Annual Technical Conference (ATC). | T18: https://www.usenix.org/conference/atc21/presentation/giuliari | U18: Page fetched 13 Oct 2026: title matches | V18: Architectural weakness | W18: Jamming / denial of service | X18: Link-flooding DDoS exploiting predictable LEO topology to congest bottleneck links (simulation). | Y18: L2 · ISLs & downlinks (observables in transit) | Z18: L2 | AA18: L2 | AB18: =IF(OR(Z18="",AA18=""),"",IF(VALUE(MID(AA18,2,1))>VALUE(MID(Z18,2,1)),"Upward (observables)",IF(VALUE(MID(AA18,2,1))<VALUE(MID(Z18,2,1)),"Downward (config / keys / sync)","Within layer"))) -> Within layer | AC18: =IF(OR(Z18="",AA18=""),"",IF(AND(MIN(VALUE(MID(Z18,2,1)),VALUE(MID(AA18,2,1)))<=1,MAX(VALUE(MID(Z18,2,1)),VALUE(MID(AA18,2,1)))>=2),"✓","")) | AD18: =IF(OR(Z18="",AA18=""),"",IF(AND(MIN(VALUE(MID(Z18,2,1)),VALUE(MID(AA18,2,1)))<=2,MAX(VALUE(MID(Z18,2,1)),VALUE(MID(AA18,2,1)))>=3),"✓","")) | AE18: =IF(OR(Z18="",AA18=""),"",IF(AND(MIN(VALUE(MID(Z18,2,1)),VALUE(MID(AA18,2,1)))<=3,MAX(VALUE(MID(Z18,2,1)),VALUE(MID(AA18,2,1)))>=4),"✓","")) | AF18: None | AH18: =COUNTIF('CVE Register'!$P$6:$P$300,A18) -> 0 | AI18: M09; M25 | AJ18: Could starve ISL/downlink capacity used for TOA transport. | AK18: Original review set | AL18: A1.1, A1.7, A2.2 | AM18: Bound threats: T1.08, T1.16, T2.04 | AN18: L1 > L2 > L3 > L4 (4 of 4 layers) L1: [A1.1], [A1.7], A1.3, A1.4 | L2: [A2.2], A2.1, A2.4 | L3: A3.1, A3.3, A3.4, A3.5, A3.6 | L4: A4.5, A4.6 Boundaries to first check A3.4/A3.5: 1 | to ATM A4.6: 2
A19: 14 | B19: Watch This Space: Securing Satellite Communication through Resilient Transmitter Fingerprinting | C19: Smailes et al. (2023) | D19: ACM CCS | E19: ICORE2026 A* | F19: ICORE: CCS | G19: SDR attacker impersonating satellite transmissions | H19: Protocol flaw: unauthenticated satellite downlinks | I19: Spoofing; replay | J19: Simulated / Proof-of-Concept | K19: Emulated SDR attacks on real Iridium signals | L19: RF fingerprinting on real Iridium signals reliably distinguishes genuine from spoofed transmitters. | M19: Smailes2023Fingerprinting | N19: Satellite & space | O19: E1 | P19: Table 3, [55] | Q19: Peer-reviewed conference | R19: =IF(LEFT(Q19,13)="Peer-reviewed","Yes","No") -> Yes | S19: =C19&". "&CHAR(34)&B19&CHAR(34)&". "&D19&"." -> Smailes et al. (2023). "Watch This Space: Securing Satellite Communication through Resilient Transmitter Fingerprinting". ACM CCS. | T19: https://doi.org/10.1145/3576915.3623135 | U19: DOI metadata checked 13 Oct 2026 (OpenAlex): title matches | V19: Protocol design gap | W19: Spoofing / injection | X19: Spoofed or replayed satellite downlink transmissions, countered by RF fingerprinting of real Iridium signals. | Y19: L1 · Satellite & ground-station RF receivers | Z19: L1 | AA19: L3 | AB19: =IF(OR(Z19="",AA19=""),"",IF(VALUE(MID(AA19,2,1))>VALUE(MID(Z19,2,1)),"Upward (observables)",IF(VALUE(MID(AA19,2,1))<VALUE(MID(Z19,2,1)),"Downward (config / keys / sync)","Within layer"))) -> Upward (observables) | AC19: =IF(OR(Z19="",AA19=""),"",IF(AND(MIN(VALUE(MID(Z19,2,1)),VALUE(MID(AA19,2,1)))<=1,MAX(VALUE(MID(Z19,2,1)),VALUE(MID(AA19,2,1)))>=2),"✓","")) -> ✓ | AD19: =IF(OR(Z19="",AA19=""),"",IF(AND(MIN(VALUE(MID(Z19,2,1)),VALUE(MID(AA19,2,1)))<=2,MAX(VALUE(MID(Z19,2,1)),VALUE(MID(AA19,2,1)))>=3),"✓","")) -> ✓ | AE19: =IF(OR(Z19="",AA19=""),"",IF(AND(MIN(VALUE(MID(Z19,2,1)),VALUE(MID(AA19,2,1)))<=3,MAX(VALUE(MID(Z19,2,1)),VALUE(MID(AA19,2,1)))>=4),"✓","")) | AF19: None | AH19: =COUNTIF('CVE Register'!$P$6:$P$300,A19) -> 0 | AI19: M17; M04 | AK19: Original review set | AL19: A2.1 | AM19: Bound threats: T2.02 | AN19: L1 > L2 > L3 > L4 (4 of 4 layers) L1: A1.7 | L2: [A2.1], A2.2, A2.4 | L3: A3.1, A3.3, A3.4, A3.5, A3.6 | L4: A4.5, A4.6 Boundaries to first check A3.4/A3.5: 1 | to ATM A4.6: 2
A20: 15 | B20: Space Odyssey: An Experimental Software Security Analysis of Satellites | C20: Willbold et al. (2023) | D20: IEEE Symposium on Security and Privacy (S&P) | E20: ICORE2026 A* | F20: ICORE: SP | G20: Remote attacker with radio access to the uplink | H20: Software bugs and missing protections in on-board firmware | I20: Satellite hijack via memory corruption and unprotected telecommand | J20: Simulated / Proof-of-Concept | K20: Real flight firmware, emulated environment | L20: Analysed firmware of three real satellites, found exploitable flaws enabling takeover, and surveyed practitioners showing security is rarely prioritised. | M20: Willbold2023SpaceOdyssey | N20: Satellite & space | O20: E1 | P20: Table 3, [52] | Q20: Peer-reviewed conference | R20: =IF(LEFT(Q20,13)="Peer-reviewed","Yes","No") -> Yes | S20: =C20&". "&CHAR(34)&B20&CHAR(34)&". "&D20&"." -> Willbold et al. (2023). "Space Odyssey: An Experimental Software Security Analysis of Satellites". IEEE Symposium on Security and Privacy (S&P). | T20: https://ieeexplore.ieee.org/document/10351029 | U20: Search index 13 Oct 2026: page title matches, page not fetchable | V20: Implementation flaw | W20: Software exploitation / takeover | X20: Exploitable on-board firmware flaws and unprotected telecommand enabling satellite takeover (emulated). | Y20: L1 · Satellite platform & flight software | Z20: L1 | AA20: L1 | AB20: =IF(OR(Z20="",AA20=""),"",IF(VALUE(MID(AA20,2,1))>VALUE(MID(Z20,2,1)),"Upward (observables)",IF(VALUE(MID(AA20,2,1))<VALUE(MID(Z20,2,1)),"Downward (config / keys / sync)","Within layer"))) -> Within layer | AC20: =IF(OR(Z20="",AA20=""),"",IF(AND(MIN(VALUE(MID(Z20,2,1)),VALUE(MID(AA20,2,1)))<=1,MAX(VALUE(MID(Z20,2,1)),VALUE(MID(AA20,2,1)))>=2),"✓","")) | AD20: =IF(OR(Z20="",AA20=""),"",IF(AND(MIN(VALUE(MID(Z20,2,1)),VALUE(MID(AA20,2,1)))<=2,MAX(VALUE(MID(Z20,2,1)),VALUE(MID(AA20,2,1)))>=3),"✓","")) | AE20: =IF(OR(Z20="",AA20=""),"",IF(AND(MIN(VALUE(MID(Z20,2,1)),VALUE(MID(AA20,2,1)))<=3,MAX(VALUE(MID(Z20,2,1)),VALUE(MID(AA20,2,1)))>=4),"✓","")) | AF20: None | AH20: =COUNTIF('CVE Register'!$P$6:$P$300,A20) -> 0 | AI20: M24; M04 | AJ20: Talk version: Black Hat USA 2023 'Houston, We Have a Problem'. | AK20: Original review set | AL20: A1.6, A2.5 | AM20: Bound threats: T1.12, T1.13, T1.14, T2.11 | AN20: L1 > L2 > L3 > L4 (4 of 4 layers) L1: [A1.6], A1.4†, A1.5†, A1.7† | L2: [A2.5], A2.1†, A2.2†, A2.4† | L3: A3.1†, A3.2†, A3.3†, A3.4†, A3.5†, A3.6† | L4: A4.5†, A4.6† Boundaries to first check A3.4/A3.5: 2 | to ATM A4.6: 3
A21: 16 | B21: Stargaze: A LEO Constellation Emulator for Security Experimentation | C21: Kon, Barradas & Chen (2022) | D21: ACM CPSIoTSec Workshop | E21: Not ICORE-ranked | F21: Workshop; not in ICORE2026 list | G21: Generic network attacker | H21: Not applicable (platform paper) | I21: Network attacks on LEO via emulation | J21: Simulated / Proof-of-Concept | K21: Emulator platform | L21: Provides an emulation platform for reproducible attack experiments on LEO constellations. | M21: Kon2022Stargaze | N21: Satellite & space | O21: E1 | P21: Table 3, [76] | Q21: Peer-reviewed workshop | R21: =IF(LEFT(Q21,13)="Peer-reviewed","Yes","No") -> Yes | S21: =C21&". "&CHAR(34)&B21&CHAR(34)&". "&D21&"." -> Kon, Barradas & Chen (2022). "Stargaze: A LEO Constellation Emulator for Security Experimentation". ACM CPSIoTSec Workshop. | T21: https://par.nsf.gov/biblio/10406778 | U21: Page fetched 13 Oct 2026: title matches (NSF PAR record; no DOI shown) | V21: Architectural weakness | W21: Jamming / denial of service | X21: Emulation platform for reproducible network attacks on LEO constellations. | Y21: L2 · ISLs & downlinks (observables in transit) | Z21: L2 | AA21: L2 | AB21: =IF(OR(Z21="",AA21=""),"",IF(VALUE(MID(AA21,2,1))>VALUE(MID(Z21,2,1)),"Upward (observables)",IF(VALUE(MID(AA21,2,1))<VALUE(MID(Z21,2,1)),"Downward (config / keys / sync)","Within layer"))) -> Within layer | AC21: =IF(OR(Z21="",AA21=""),"",IF(AND(MIN(VALUE(MID(Z21,2,1)),VALUE(MID(AA21,2,1)))<=1,MAX(VALUE(MID(Z21,2,1)),VALUE(MID(AA21,2,1)))>=2),"✓","")) | AD21: =IF(OR(Z21="",AA21=""),"",IF(AND(MIN(VALUE(MID(Z21,2,1)),VALUE(MID(AA21,2,1)))<=2,MAX(VALUE(MID(Z21,2,1)),VALUE(MID(AA21,2,1)))>=3),"✓","")) | AE21: =IF(OR(Z21="",AA21=""),"",IF(AND(MIN(VALUE(MID(Z21,2,1)),VALUE(MID(AA21,2,1)))<=3,MAX(VALUE(MID(Z21,2,1)),VALUE(MID(AA21,2,1)))>=4),"✓","")) | AF21: None | AH21: =COUNTIF('CVE Register'!$P$6:$P$300,A21) -> 0 | AI21: M09 | AJ21: Platform paper. | AK21: Original review set | AL21: A1.1, A2.2 | AM21: Bound threats: T1.08, T2.04 | AN21: L1 > L2 > L3 > L4 (4 of 4 layers) L1: [A1.1], A1.3, A1.4, A1.7 | L2: [A2.2], A2.1, A2.4 | L3: A3.1, A3.3, A3.4, A3.5, A3.6 | L4: A4.5, A4.6 Boundaries to first check A3.4/A3.5: 1 | to ATM A4.6: 2
A22: 17 | B22: False Data Injection Attacks against State Estimation in Electric Power Grids | C22: Liu, Ning & Reiter (2009; extended 2011) | D22: ACM CCS (extended in ACM TISSEC) | E22: ICORE2026 A* | F22: ICORE: CCS (2009 version) | G22: Attacker knowing system configuration and controlling some meters | H22: Design gap: residual-based bad-data detection | I22: Stealthy false data injection | J22: Simulated / Proof-of-Concept | K22: IEEE test bus systems | L22: Attackers with knowledge of system configuration can inject errors that bypass residual-based detection; strong analogue for MLAT solver integrity attacks. | M22: Liu2009FDI / Liu2011FDI | N22: State estimation | O22: E1 | P22: §2.5.2 [72] | Q22: Peer-reviewed conference | R22: =IF(LEFT(Q22,13)="Peer-reviewed","Yes","No") -> Yes | S22: =C22&". "&CHAR(34)&B22&CHAR(34)&". "&D22&"." -> Liu, Ning & Reiter (2009; extended 2011). "False Data Injection Attacks against State Estimation in Electric Power Grids". ACM CCS (extended in ACM TISSEC). | T22: https://doi.org/10.1145/1653662.1653666 | U22: DOI metadata checked 13 Oct 2026 (OpenAlex): title matches; TISSEC version doi:10.1145/1952982.1952995 also checked | V22: Estimation / verification design limit | W22: Estimation / data manipulation | X22: Stealthy false-data injection that bypasses residual-based bad-data detection (analogue for MLAT solver integrity). | Y22: L2 · Measurements feeding the estimator | Z22: L2 | AA22: L3 | AB22: =IF(OR(Z22="",AA22=""),"",IF(VALUE(MID(AA22,2,1))>VALUE(MID(Z22,2,1)),"Upward (observables)",IF(VALUE(MID(AA22,2,1))<VALUE(MID(Z22,2,1)),"Downward (config / keys / sync)","Within layer"))) -> Upward (observables) | AC22: =IF(OR(Z22="",AA22=""),"",IF(AND(MIN(VALUE(MID(Z22,2,1)),VALUE(MID(AA22,2,1)))<=1,MAX(VALUE(MID(Z22,2,1)),VALUE(MID(AA22,2,1)))>=2),"✓","")) | AD22: =IF(OR(Z22="",AA22=""),"",IF(AND(MIN(VALUE(MID(Z22,2,1)),VALUE(MID(AA22,2,1)))<=2,MAX(VALUE(MID(Z22,2,1)),VALUE(MID(AA22,2,1)))>=3),"✓","")) -> ✓ | AE22: =IF(OR(Z22="",AA22=""),"",IF(AND(MIN(VALUE(MID(Z22,2,1)),VALUE(MID(AA22,2,1)))<=3,MAX(VALUE(MID(Z22,2,1)),VALUE(MID(AA22,2,1)))>=4),"✓","")) | AF22: None | AH22: =COUNTIF('CVE Register'!$P$6:$P$300,A22) -> 0 | AI22: M20 | AJ22: Analogue domain (power grid). | AK22: Original review set | AL22: A2.1 | AM22: Bound threats: T2.01 | AN22: L1 > L2 > L3 > L4 (4 of 4 layers) L1: A1.7 | L2: [A2.1], A2.2, A2.4 | L3: A3.1, A3.3, A3.4, A3.5, A3.6 | L4: A4.5, A4.6 Boundaries to first check A3.4/A3.5: 1 | to ATM A4.6: 2
A23: 18 | B23: False Data Injection Attacks in Control Systems | C23: Mo & Sinopoli (2010) | D23: Workshop on Secure Control Systems (SCS) | E23: Not ICORE-ranked | F23: Workshop; not in ICORE2026 list | G23: Attacker compromising a subset of sensors | H23: Design gap: Kalman filter with chi-square detector | I23: Stealthy false data injection | J23: Simulated / Proof-of-Concept | K23: Numerical example | L23: Derived conditions under which an attacker can drive estimation error unboundedly without triggering the chi-square detector. | M23: Mo2010FDIControl | N23: State estimation | O23: E1 | P23: §2.5.2 [73] | Q23: Peer-reviewed workshop | R23: =IF(LEFT(Q23,13)="Peer-reviewed","Yes","No") -> Yes | S23: =C23&". "&CHAR(34)&B23&CHAR(34)&". "&D23&"." -> Mo & Sinopoli (2010). "False Data Injection Attacks in Control Systems". Workshop on Secure Control Systems (SCS). | T23: https://ptolemy.berkeley.edu/projects/truststc/conferences/10/CPSWeek/papers/scs1_paper_7.pdf | U23: Page fetched 13 Oct 2026: title matches (author PDF on workshop site) | V23: Estimation / verification design limit | W23: Estimation / data manipulation | X23: Sensor-subset injection that grows Kalman-filter error while evading the chi-square detector. | Y23: L2 · Measurements feeding the estimator | Z23: L2 | AA23: L3 | AB23: =IF(OR(Z23="",AA23=""),"",IF(VALUE(MID(AA23,2,1))>VALUE(MID(Z23,2,1)),"Upward (observables)",IF(VALUE(MID(AA23,2,1))<VALUE(MID(Z23,2,1)),"Downward (config / keys / sync)","Within layer"))) -> Upward (observables) | AC23: =IF(OR(Z23="",AA23=""),"",IF(AND(MIN(VALUE(MID(Z23,2,1)),VALUE(MID(AA23,2,1)))<=1,MAX(VALUE(MID(Z23,2,1)),VALUE(MID(AA23,2,1)))>=2),"✓","")) | AD23: =IF(OR(Z23="",AA23=""),"",IF(AND(MIN(VALUE(MID(Z23,2,1)),VALUE(MID(AA23,2,1)))<=2,MAX(VALUE(MID(Z23,2,1)),VALUE(MID(AA23,2,1)))>=3),"✓","")) -> ✓ | AE23: =IF(OR(Z23="",AA23=""),"",IF(AND(MIN(VALUE(MID(Z23,2,1)),VALUE(MID(AA23,2,1)))<=3,MAX(VALUE(MID(Z23,2,1)),VALUE(MID(AA23,2,1)))>=4),"✓","")) | AF23: None | AH23: =COUNTIF('CVE Register'!$P$6:$P$300,A23) -> 0 | AI23: M20 | AJ23: Analogue for EKF/IMM integrity monitoring. | AK23: Original review set | AL23: A2.1 | AM23: Bound threats: T2.01 | AN23: L1 > L2 > L3 > L4 (4 of 4 layers) L1: A1.7 | L2: [A2.1], A2.2, A2.4 | L3: A3.1, A3.3, A3.4, A3.5, A3.6 | L4: A4.5, A4.6 Boundaries to first check A3.4/A3.5: 1 | to ATM A4.6: 2
A24: 19 | B24: Time Synchronization Attack in Smart Grid: Impact and Analysis | C24: Zhang et al. (2013) | D24: IEEE Transactions on Smart Grid | E24: SJR 2025 Q1 | F24: SCImago: IEEE Trans. Smart Grid | G24: GPS spoofer targeting PMU timing | H24: Design gap: timestamps depend on unauthenticated GPS | I24: Time synchronisation attack | J24: Simulated / Proof-of-Concept | K24: Simulation | L24: Spoofed GPS time corrupts PMU phase measurements, degrading fault detection / localisation and stability monitoring; analogue for the cross-cutting timing dependency. | M24: Zhang2013TSA | N24: Timing | O24: E1 | P24: §2.5.2 [74] | Q24: Peer-reviewed journal | R24: =IF(LEFT(Q24,13)="Peer-reviewed","Yes","No") -> Yes | S24: =C24&". "&CHAR(34)&B24&CHAR(34)&". "&D24&"." -> Zhang et al. (2013). "Time Synchronization Attack in Smart Grid: Impact and Analysis". IEEE Transactions on Smart Grid. | T24: https://doi.org/10.1109/TSG.2012.2227342 | U24: DOI metadata checked 13 Oct 2026 (OpenAlex): title matches | V24: Protocol design gap | W24: Timing & synchronisation attack | X24: Spoofed GPS time corrupts PMU phase measurements and downstream estimation. | Y24: L1 · GNSS receiver / onboard clock | Z24: L1 | AA24: L3 | AB24: =IF(OR(Z24="",AA24=""),"",IF(VALUE(MID(AA24,2,1))>VALUE(MID(Z24,2,1)),"Upward (observables)",IF(VALUE(MID(AA24,2,1))<VALUE(MID(Z24,2,1)),"Downward (config / keys / sync)","Within layer"))) -> Upward (observables) | AC24: =IF(OR(Z24="",AA24=""),"",IF(AND(MIN(VALUE(MID(Z24,2,1)),VALUE(MID(AA24,2,1)))<=1,MAX(VALUE(MID(Z24,2,1)),VALUE(MID(AA24,2,1)))>=2),"✓","")) -> ✓ | AD24: =IF(OR(Z24="",AA24=""),"",IF(AND(MIN(VALUE(MID(Z24,2,1)),VALUE(MID(AA24,2,1)))<=2,MAX(VALUE(MID(Z24,2,1)),VALUE(MID(AA24,2,1)))>=3),"✓","")) -> ✓ | AE24: =IF(OR(Z24="",AA24=""),"",IF(AND(MIN(VALUE(MID(Z24,2,1)),VALUE(MID(AA24,2,1)))<=3,MAX(VALUE(MID(Z24,2,1)),VALUE(MID(AA24,2,1)))>=4),"✓","")) | AF24: Direct | AH24: =COUNTIF('CVE Register'!$P$6:$P$300,A24) -> 0 | AI24: M01; M11; M23 | AJ24: Analogue for the cross-cutting timing dependency. | AK24: Original review set | AL24: A1.2, A1.5 | AM24: Bound threats: T1.11 | AN24: L1 > L2 > L3 > L4 (4 of 4 layers) L1: [A1.2], [A1.5], A1.4, A1.7 | L2: A2.1, A2.2, A2.4 | L3: A3.1, A3.2, A3.3, A3.4, A3.5, A3.6 | L4: A4.5, A4.6 Boundaries to first check A3.4/A3.5: 2 | to ATM A4.6: 3
A25: 20 | B25: Universal Spoofing of Real-World Aircraft Multilateration | C25: Senn et al. (2025) | D25: ACM WiSec | E25: ICORE2026 B | F25: ICORE: ACM_WiSec | G25: Strong attacker with multiple synchronised SDR transmitters and GDOP-aware placement | H25: Architectural weakness: MLAT trusts arrival-time consistency; no emitter authentication | I25: Ghost injection; flooding; trajectory manipulation of real aircraft | J25: Simulated / Proof-of-Concept | K25: Two commercial MLAT systems (two manufacturers, nine receivers, five university sites) deployed by the authors; live air traffic; not an operational ATC installation | L25: Ghost aircraft multilaterated within 5 s with ~80-90% of messages within 200 m; a real aircraft's track diverted by 15 deg and its verification flag removed; theoretical ceiling ~400 concurrent spoofed aircraft. DOI 10.1145/3734477.3734720, pp. 268-273. NOT YET IN mybibliography.bib. | M25: Senn2025UniversalMLAT | N25: Aviation surveillance (ADS-B / MLAT) | O25: E2 | P25: Table 1, [?] (add to .bib) | Q25: Peer-reviewed conference | R25: =IF(LEFT(Q25,13)="Peer-reviewed","Yes","No") -> Yes | S25: =C25&". "&CHAR(34)&B25&CHAR(34)&". "&D25&"." -> Senn et al. (2025). "Universal Spoofing of Real-World Aircraft Multilateration". ACM WiSec. | T25: https://doi.org/10.1145/3734477.3734720 | U25: DOI metadata checked 13 Oct 2026 (OpenAlex): title matches | V25: Architectural weakness | W25: Spoofing / injection | X25: Synchronised multi-transmitter spoofing that injects ghosts and diverts real tracks in commercial MLAT. | Y25: L1 · Transponder signals & satellite receivers (ADS-B / Mode S) | Z25: L1 | AA25: L3 | AB25: =IF(OR(Z25="",AA25=""),"",IF(VALUE(MID(AA25,2,1))>VALUE(MID(Z25,2,1)),"Upward (observables)",IF(VALUE(MID(AA25,2,1))<VALUE(MID(Z25,2,1)),"Downward (config / keys / sync)","Within layer"))) -> Upward (observables) | AC25: =IF(OR(Z25="",AA25=""),"",IF(AND(MIN(VALUE(MID(Z25,2,1)),VALUE(MID(AA25,2,1)))<=1,MAX(VALUE(MID(Z25,2,1)),VALUE(MID(AA25,2,1)))>=2),"✓","")) -> ✓ | AD25: =IF(OR(Z25="",AA25=""),"",IF(AND(MIN(VALUE(MID(Z25,2,1)),VALUE(MID(AA25,2,1)))<=2,MAX(VALUE(MID(Z25,2,1)),VALUE(MID(AA25,2,1)))>=3),"✓","")) -> ✓ | AE25: =IF(OR(Z25="",AA25=""),"",IF(AND(MIN(VALUE(MID(Z25,2,1)),VALUE(MID(AA25,2,1)))<=3,MAX(VALUE(MID(Z25,2,1)),VALUE(MID(AA25,2,1)))>=4),"✓","")) | AF25: Direct | AH25: =COUNTIF('CVE Register'!$P$6:$P$300,A25) -> 0 | AI25: M15; M16; M17 | AJ25: Closest terrestrial analogue to MLAT-B; would reach the L4 ATM picture if undetected. | AK25: Original review set | AL25: A1.1, A3.3, A3.5 | AM25: Bound threats: T1.05, T1.06, T3.07 | AN25: L1 > L2 > L3 > L4 (4 of 4 layers) L1: [A1.1], A1.3, A1.4, A1.7 | L2: A2.1, A2.2, A2.4 | L3: [A3.3], [A3.5], A3.1, A3.4, A3.6 | L4: A4.5, A4.6 Boundaries to first check A3.4/A3.5: 0 (an origin is a check) | to ATM A4.6: 1
A26: 21 | B26: Enhancing the Hypatia Simulator for LEO Satellite Networks with Integrated DoS and DDoS Attack Capabilities | C26: Manzanares-López et al. (2026) | D26: Int. J. Information Security (IJIS) | E26: SJR 2025 Q1 | F26: SCImago: IJIS | G26: Network attacker with distributed terminals | H26: Architectural weakness: shared, predictable LEO routing | I26: DoS; DDoS | J26: Simulated / Proof-of-Concept | K26: Network simulation | L26: Extends the Hypatia LEO network simulator with DoS / DDoS attack models for reproducible constellation-scale experiments. | M26: ManzanaresLopez2026Hypatia | N26: Satellite & space | O26: E1 | P26: Table 3, [77] | Q26: Peer-reviewed journal | R26: =IF(LEFT(Q26,13)="Peer-reviewed","Yes","No") -> Yes | S26: =C26&". "&CHAR(34)&B26&CHAR(34)&". "&D26&"." -> Manzanares-López et al. (2026). "Enhancing the Hypatia Simulator for LEO Satellite Networks with Integrated DoS and DDoS Attack Capabilities". Int. J. Information Security (IJIS). | T26: https://doi.org/10.1007/s10207-025-01191-0 | U26: DOI metadata checked 13 Oct 2026 (OpenAlex): title matches | V26: Architectural weakness | W26: Jamming / denial of service | X26: DoS/DDoS attack models added to the Hypatia LEO network simulator. | Y26: L2 · ISLs & downlinks (observables in transit) | Z26: L2 | AA26: L2 | AB26: =IF(OR(Z26="",AA26=""),"",IF(VALUE(MID(AA26,2,1))>VALUE(MID(Z26,2,1)),"Upward (observables)",IF(VALUE(MID(AA26,2,1))<VALUE(MID(Z26,2,1)),"Downward (config / keys / sync)","Within layer"))) -> Within layer | AC26: =IF(OR(Z26="",AA26=""),"",IF(AND(MIN(VALUE(MID(Z26,2,1)),VALUE(MID(AA26,2,1)))<=1,MAX(VALUE(MID(Z26,2,1)),VALUE(MID(AA26,2,1)))>=2),"✓","")) | AD26: =IF(OR(Z26="",AA26=""),"",IF(AND(MIN(VALUE(MID(Z26,2,1)),VALUE(MID(AA26,2,1)))<=2,MAX(VALUE(MID(Z26,2,1)),VALUE(MID(AA26,2,1)))>=3),"✓","")) | AE26: =IF(OR(Z26="",AA26=""),"",IF(AND(MIN(VALUE(MID(Z26,2,1)),VALUE(MID(AA26,2,1)))<=3,MAX(VALUE(MID(Z26,2,1)),VALUE(MID(AA26,2,1)))>=4),"✓","")) | AF26: None | AH26: =COUNTIF('CVE Register'!$P$6:$P$300,A26) -> 0 | AI26: M09 | AJ26: Platform paper. | AK26: Original review set | AL26: A1.7, A2.2 | AM26: Bound threats: T1.16, T2.04 | AN26: L1 > L2 > L3 > L4 (4 of 4 layers) L1: [A1.7] | L2: [A2.2], A2.4 | L3: A3.1, A3.3, A3.4, A3.5, A3.6 | L4: A4.5, A4.6 Boundaries to first check A3.4/A3.5: 1 | to ATM A4.6: 2
A27: 22 | B27: Towards Privacy-Preserving and Real-Time GNSS Interference Detection in ADS-B Systems Using CNN | C27: Yosef et al. (2026) | D27: Neural Computing and Applications | E27: To check | F27: Not yet checked against SCImago | G27: GNSS jammer / spoofer affecting aircraft | H27: Design gap: unauthenticated civil GNSS | I27: GNSS jamming; spoofing | J27: Simulated / Proof-of-Concept | K27: Detector evaluated on recorded ADS-B telemetry (confirm data source) | L27: Combines CNN spatial features with GRU temporal learning on ADS-B telemetry to detect GNSS interference in near real time and cluster anomalies into high-risk airspace regions. | M27: Yosef2026CNNGRU | N27: GNSS | O27: E1 | P27: Table 1, [42] | Q27: Peer-reviewed journal | R27: =IF(LEFT(Q27,13)="Peer-reviewed","Yes","No") -> Yes | S27: =C27&". "&CHAR(34)&B27&CHAR(34)&". "&D27&"." -> Yosef et al. (2026). "Towards Privacy-Preserving and Real-Time GNSS Interference Detection in ADS-B Systems Using CNN". Neural Computing and Applications. | T27: https://link.springer.com/article/10.1007/s00521-026-11946-y | U27: Search index 13 Oct 2026: page title matches, page not fetchable | V27: Protocol design gap | W27: Jamming / denial of service | X27: GNSS interference in ADS-B telemetry detected with CNN-GRU models. | Y27: L1 · GNSS receiver / onboard clock | Z27: L1 | AA27: L3 | AB27: =IF(OR(Z27="",AA27=""),"",IF(VALUE(MID(AA27,2,1))>VALUE(MID(Z27,2,1)),"Upward (observables)",IF(VALUE(MID(AA27,2,1))<VALUE(MID(Z27,2,1)),"Downward (config / keys / sync)","Within layer"))) -> Upward (observables) | AC27: =IF(OR(Z27="",AA27=""),"",IF(AND(MIN(VALUE(MID(Z27,2,1)),VALUE(MID(AA27,2,1)))<=1,MAX(VALUE(MID(Z27,2,1)),VALUE(MID(AA27,2,1)))>=2),"✓","")) -> ✓ | AD27: =IF(OR(Z27="",AA27=""),"",IF(AND(MIN(VALUE(MID(Z27,2,1)),VALUE(MID(AA27,2,1)))<=2,MAX(VALUE(MID(Z27,2,1)),VALUE(MID(AA27,2,1)))>=3),"✓","")) -> ✓ | AE27: =IF(OR(Z27="",AA27=""),"",IF(AND(MIN(VALUE(MID(Z27,2,1)),VALUE(MID(AA27,2,1)))<=3,MAX(VALUE(MID(Z27,2,1)),VALUE(MID(AA27,2,1)))>=4),"✓","")) | AF27: Direct | AH27: =COUNTIF('CVE Register'!$P$6:$P$300,A27) -> 0 | AI27: M18 | AJ27: Ranking still 'To check' (from original sheet). | AK27: Original review set | AL27: A1.2, A1.5 | AM27: Bound threats: T1.10 | AN27: L1 > L2 > L3 > L4 (4 of 4 layers) L1: [A1.2], [A1.5], A1.4, A1.7 | L2: A2.1, A2.2, A2.4 | L3: A3.1, A3.2, A3.3, A3.4, A3.5, A3.6 | L4: A4.5, A4.6 Boundaries to first check A3.4/A3.5: 2 | to ATM A4.6: 3
A28: 23 | B28: On the Security of the Automatic Dependent Surveillance-Broadcast Protocol | C28: Strohmeier, Lenders & Martinovic (2015) | D28: IEEE Communications Surveys & Tutorials (COMST) | E28: SJR 2025 Q1 | F28: SCImago: IEEE COMST | G28: Passive to active RF attackers | H28: Protocol flaw: unauthenticated ADS-B | I28: Eavesdropping; jamming; injection; modification | J28: Theoretical / Unexploited | K28: Survey; cites others' PoCs | L28: Systematised ADS-B attacks and countermeasures; argued crypto retrofits are impractical near-term and non-cryptographic verification such as MLAT is more viable. | M28: Strohmeier2015ADSBSecurity | N28: Aviation surveillance (ADS-B / MLAT) | O28: E0 | P28: Table 1, [1] | Q28: Peer-reviewed journal | R28: =IF(LEFT(Q28,13)="Peer-reviewed","Yes","No") -> Yes | S28: =C28&". "&CHAR(34)&B28&CHAR(34)&". "&D28&"." -> Strohmeier, Lenders & Martinovic (2015). "On the Security of the Automatic Dependent Surveillance-Broadcast Protocol". IEEE Communications Surveys & Tutorials (COMST). | T28: https://doi.org/10.1109/COMST.2014.2365951 | U28: DOI metadata checked 13 Oct 2026 (OpenAlex): title matches | V28: Protocol design gap | W28: Spoofing / injection | X28: Survey of ADS-B eavesdropping, jamming, injection and modification attacks. | Y28: L1 · Transponder signals & satellite receivers (ADS-B / Mode S) | Z28: L1 | AA28: L2 | AB28: =IF(OR(Z28="",AA28=""),"",IF(VALUE(MID(AA28,2,1))>VALUE(MID(Z28,2,1)),"Upward (observables)",IF(VALUE(MID(AA28,2,1))<VALUE(MID(Z28,2,1)),"Downward (config / keys / sync)","Within layer"))) -> Upward (observables) | AC28: =IF(OR(Z28="",AA28=""),"",IF(AND(MIN(VALUE(MID(Z28,2,1)),VALUE(MID(AA28,2,1)))<=1,MAX(VALUE(MID(Z28,2,1)),VALUE(MID(AA28,2,1)))>=2),"✓","")) -> ✓ | AD28: =IF(OR(Z28="",AA28=""),"",IF(AND(MIN(VALUE(MID(Z28,2,1)),VALUE(MID(AA28,2,1)))<=2,MAX(VALUE(MID(Z28,2,1)),VALUE(MID(AA28,2,1)))>=3),"✓","")) | AE28: =IF(OR(Z28="",AA28=""),"",IF(AND(MIN(VALUE(MID(Z28,2,1)),VALUE(MID(AA28,2,1)))<=3,MAX(VALUE(MID(Z28,2,1)),VALUE(MID(AA28,2,1)))>=4),"✓","")) | AF28: None | AH28: =COUNTIF('CVE Register'!$P$6:$P$300,A28) -> 0 | AI28: M15; M16; M17; M21 | AK28: Original review set | AL28: A1.1, A1.3 | AM28: Bound threats: T1.01, T1.04 | AN28: L1 > L2 > L3 > L4 (4 of 4 layers) L1: [A1.1], [A1.3], A1.4, A1.7 | L2: A2.1, A2.2, A2.4 | L3: A3.1, A3.3, A3.4, A3.5, A3.6 | L4: A4.5, A4.6 Boundaries to first check A3.4/A3.5: 2 | to ATM A4.6: 3
A29: 24 | B29: Analysis of Vulnerabilities, Attacks, Countermeasures and Overall Risk of the ADS-B System | C29: Manesh & Kaabouch (2017) | D29: Int. J. Critical Infrastructure Protection (IJCIP) | E29: SJR 2025 Q1 | F29: SCImago: IJCIP | G29: RF attackers with varying capability | H29: Protocol flaw: unauthenticated broadcast | I29: Jamming; spoofing; injection; eavesdropping | J29: Theoretical / Unexploited | K29: Qualitative risk analysis | L29: Catalogued ADS-B vulnerabilities and attacks, assessed countermeasures, and rated overall risk qualitatively. | M29: Manesh2017ADSBRisk | N29: Aviation surveillance (ADS-B / MLAT) | O29: E0 | P29: Table 1, [31] | Q29: Peer-reviewed journal | R29: =IF(LEFT(Q29,13)="Peer-reviewed","Yes","No") -> Yes | S29: =C29&". "&CHAR(34)&B29&CHAR(34)&". "&D29&"." -> Manesh & Kaabouch (2017). "Analysis of Vulnerabilities, Attacks, Countermeasures and Overall Risk of the ADS-B System". Int. J. Critical Infrastructure Protection (IJCIP). | T29: https://www.sciencedirect.com/science/article/abs/pii/S1874548217300446 | U29: Search index 13 Oct 2026: page title matches, page not fetchable | V29: Protocol design gap | W29: Spoofing / injection | X29: Qualitative catalogue and risk rating of ADS-B attacks. | Y29: L1 · Transponder signals & satellite receivers (ADS-B / Mode S) | Z29: L1 | AA29: L2 | AB29: =IF(OR(Z29="",AA29=""),"",IF(VALUE(MID(AA29,2,1))>VALUE(MID(Z29,2,1)),"Upward (observables)",IF(VALUE(MID(AA29,2,1))<VALUE(MID(Z29,2,1)),"Downward (config / keys / sync)","Within layer"))) -> Upward (observables) | AC29: =IF(OR(Z29="",AA29=""),"",IF(AND(MIN(VALUE(MID(Z29,2,1)),VALUE(MID(AA29,2,1)))<=1,MAX(VALUE(MID(Z29,2,1)),VALUE(MID(AA29,2,1)))>=2),"✓","")) -> ✓ | AD29: =IF(OR(Z29="",AA29=""),"",IF(AND(MIN(VALUE(MID(Z29,2,1)),VALUE(MID(AA29,2,1)))<=2,MAX(VALUE(MID(Z29,2,1)),VALUE(MID(AA29,2,1)))>=3),"✓","")) | AE29: =IF(OR(Z29="",AA29=""),"",IF(AND(MIN(VALUE(MID(Z29,2,1)),VALUE(MID(AA29,2,1)))<=3,MAX(VALUE(MID(Z29,2,1)),VALUE(MID(AA29,2,1)))>=4),"✓","")) | AF29: None | AH29: =COUNTIF('CVE Register'!$P$6:$P$300,A29) -> 0 | AI29: M15; M17; M21 | AK29: Original review set | AL29: A1.1, A1.3 | AM29: Group default (not bound to a catalogue threat) | AN29: L1 > L2 > L3 > L4 (4 of 4 layers) L1: [A1.1], [A1.3], A1.4, A1.7 | L2: A2.1, A2.2, A2.4 | L3: A3.1, A3.3, A3.4, A3.5, A3.6 | L4: A4.5, A4.6 Boundaries to first check A3.4/A3.5: 2 | to ATM A4.6: 3
A30: 25 | B30: GNSS Spoofing and Detection | C30: Psiaki & Humphreys (2016) | D30: Proceedings of the IEEE | E30: SJR 2025 Q1 | F30: SCImago: Proc. IEEE | G30: Spoofers from simple to sophisticated | H30: Design gap: unauthenticated civil GNSS | I30: GNSS spoofing; meaconing | J30: Theoretical / Unexploited | K30: Survey; reports others' field demos | L30: Surveyed spoofing techniques and cryptographic, signal-processing and geometric defences; concluded layered defences are needed. | M30: Psiaki2016GNSSSpoofing | N30: GNSS | O30: E0 | P30: Table 1, [30] | Q30: Peer-reviewed journal | R30: =IF(LEFT(Q30,13)="Peer-reviewed","Yes","No") -> Yes | S30: =C30&". "&CHAR(34)&B30&CHAR(34)&". "&D30&"." -> Psiaki & Humphreys (2016). "GNSS Spoofing and Detection". Proceedings of the IEEE. | T30: https://doi.org/10.1109/JPROC.2016.2526658 | U30: DOI metadata checked 13 Oct 2026 (OpenAlex): title matches | V30: Protocol design gap | W30: Spoofing / injection | X30: Survey of GNSS spoofing and meaconing techniques and defences. | Y30: L1 · GNSS receiver / onboard clock | Z30: L1 | AA30: L1 | AB30: =IF(OR(Z30="",AA30=""),"",IF(VALUE(MID(AA30,2,1))>VALUE(MID(Z30,2,1)),"Upward (observables)",IF(VALUE(MID(AA30,2,1))<VALUE(MID(Z30,2,1)),"Downward (config / keys / sync)","Within layer"))) -> Within layer | AC30: =IF(OR(Z30="",AA30=""),"",IF(AND(MIN(VALUE(MID(Z30,2,1)),VALUE(MID(AA30,2,1)))<=1,MAX(VALUE(MID(Z30,2,1)),VALUE(MID(AA30,2,1)))>=2),"✓","")) | AD30: =IF(OR(Z30="",AA30=""),"",IF(AND(MIN(VALUE(MID(Z30,2,1)),VALUE(MID(AA30,2,1)))<=2,MAX(VALUE(MID(Z30,2,1)),VALUE(MID(AA30,2,1)))>=3),"✓","")) | AE30: =IF(OR(Z30="",AA30=""),"",IF(AND(MIN(VALUE(MID(Z30,2,1)),VALUE(MID(AA30,2,1)))<=3,MAX(VALUE(MID(Z30,2,1)),VALUE(MID(AA30,2,1)))>=4),"✓","")) | AF30: Direct | AH30: =COUNTIF('CVE Register'!$P$6:$P$300,A30) -> 0 | AI30: M01; M12; M18; M19; M23 | AK30: Original review set | AL30: A1.2, A1.5 | AM30: Bound threats: T1.10 | AN30: L1 > L2 > L3 > L4 (4 of 4 layers) L1: [A1.2], [A1.5], A1.4, A1.7 | L2: A2.1, A2.2, A2.4 | L3: A3.1, A3.2, A3.3, A3.4, A3.5, A3.6 | L4: A4.5, A4.6 Boundaries to first check A3.4/A3.5: 2 | to ATM A4.6: 3
A31: 26 | B31: On the Applicability of Satellite-Based Air Traffic Control Communication for Security | C31: Strohmeier et al. (2019) | D31: IEEE Communications Magazine | E31: SJR 2025 Q1 | F31: SCImago: IEEE Commun. Mag. | G31: Ground-based injector of false ADS-B messages | H31: Protocol flaw: unauthenticated ADS-B is unchanged by moving receivers to space | I31: Message injection; location spoofing | J31: Theoretical / Unexploited | K31: Analysis of 30 days of real flight data (Flightradar24, OpenSky); no attack executed | L31: About 11% of aircraft fly beyond terrestrial receiver range; satellite ADS-B closes that gap but adds no security. Space-based TDOA verification covers only about 6% of messages and cannot reliably detect single-satellite attacks. | M31: Strohmeier2019SADSB | N31: Aviation surveillance (ADS-B / MLAT) | O31: E0 | P31: Table 1, [43] | Q31: Peer-reviewed journal | R31: =IF(LEFT(Q31,13)="Peer-reviewed","Yes","No") -> Yes | S31: =C31&". "&CHAR(34)&B31&CHAR(34)&". "&D31&"." -> Strohmeier et al. (2019). "On the Applicability of Satellite-Based Air Traffic Control Communication for Security". IEEE Communications Magazine. | T31: https://doi.org/10.1109/MCOM.001.1900037 | U31: DOI resolves (doi.org handle API) and Oxford record title matches, 13 Oct 2026 | V31: Protocol design gap | W31: Spoofing / injection | X31: Analysis showing space-based ADS-B adds coverage but no authentication, with limited space-based TDOA verification. | Y31: L1 · Transponder signals & satellite receivers (ADS-B / Mode S) | Z31: L1 | AA31: L2 | AB31: =IF(OR(Z31="",AA31=""),"",IF(VALUE(MID(AA31,2,1))>VALUE(MID(Z31,2,1)),"Upward (observables)",IF(VALUE(MID(AA31,2,1))<VALUE(MID(Z31,2,1)),"Downward (config / keys / sync)","Within layer"))) -> Upward (observables) | AC31: =IF(OR(Z31="",AA31=""),"",IF(AND(MIN(VALUE(MID(Z31,2,1)),VALUE(MID(AA31,2,1)))<=1,MAX(VALUE(MID(Z31,2,1)),VALUE(MID(AA31,2,1)))>=2),"✓","")) -> ✓ | AD31: =IF(OR(Z31="",AA31=""),"",IF(AND(MIN(VALUE(MID(Z31,2,1)),VALUE(MID(AA31,2,1)))<=2,MAX(VALUE(MID(Z31,2,1)),VALUE(MID(AA31,2,1)))>=3),"✓","")) | AE31: =IF(OR(Z31="",AA31=""),"",IF(AND(MIN(VALUE(MID(Z31,2,1)),VALUE(MID(AA31,2,1)))<=3,MAX(VALUE(MID(Z31,2,1)),VALUE(MID(AA31,2,1)))>=4),"✓","")) | AF31: Indirect | AH31: =COUNTIF('CVE Register'!$P$6:$P$300,A31) -> 0 | AI31: M15; M21 | AJ31: Space-based verification depends on satellite timing. | AK31: Original review set | AL31: A1.1 | AM31: Bound threats: T1.01 | AN31: L1 > L2 > L3 > L4 (4 of 4 layers) L1: [A1.1], A1.3, A1.4, A1.7 | L2: A2.1, A2.2, A2.4 | L3: A3.1, A3.3, A3.4, A3.5, A3.6 | L4: A4.5, A4.6 Boundaries to first check A3.4/A3.5: 2 | to ATM A4.6: 3
A32: 27 | B32: SOS: Standard-Compliant and Packet Loss Tolerant Security Framework for ADS-B Communications | C32: Sciancalepore & Di Pietro (2021) | D32: IEEE Trans. Dependable and Secure Computing (TDSC) | E32: SJR 2025 Q1 | F32: SCImago: IEEE TDSC | G32: Message injectors and forgers | H32: Protocol flaw: no authentication | I32: Injection; spoofing | J32: Theoretical / Unexploited | K32: Defence prototyped; no attack executed | L32: Adds message authentication within the existing ADS-B standard, tolerant to packet loss with low overhead. | M32: Sciancalepore2021SOS | N32: Aviation surveillance (ADS-B / MLAT) | O32: E0 | P32: Table 1, [33] | Q32: Peer-reviewed journal | R32: =IF(LEFT(Q32,13)="Peer-reviewed","Yes","No") -> Yes | S32: =C32&". "&CHAR(34)&B32&CHAR(34)&". "&D32&"." -> Sciancalepore & Di Pietro (2021). "SOS: Standard-Compliant and Packet Loss Tolerant Security Framework for ADS-B Communications". IEEE Trans. Dependable and Secure Computing (TDSC). | T32: https://ieeexplore.ieee.org/document/8798875 | U32: Search index 13 Oct 2026: page title matches, page not fetchable | V32: Protocol design gap | W32: Spoofing / injection | X32: Message forgery against ADS-B, countered by standard-compliant authentication. | Y32: L1 · Transponder signals & satellite receivers (ADS-B / Mode S) | Z32: L1 | AA32: L2 | AB32: =IF(OR(Z32="",AA32=""),"",IF(VALUE(MID(AA32,2,1))>VALUE(MID(Z32,2,1)),"Upward (observables)",IF(VALUE(MID(AA32,2,1))<VALUE(MID(Z32,2,1)),"Downward (config / keys / sync)","Within layer"))) -> Upward (observables) | AC32: =IF(OR(Z32="",AA32=""),"",IF(AND(MIN(VALUE(MID(Z32,2,1)),VALUE(MID(AA32,2,1)))<=1,MAX(VALUE(MID(Z32,2,1)),VALUE(MID(AA32,2,1)))>=2),"✓","")) -> ✓ | AD32: =IF(OR(Z32="",AA32=""),"",IF(AND(MIN(VALUE(MID(Z32,2,1)),VALUE(MID(AA32,2,1)))<=2,MAX(VALUE(MID(Z32,2,1)),VALUE(MID(AA32,2,1)))>=3),"✓","")) | AE32: =IF(OR(Z32="",AA32=""),"",IF(AND(MIN(VALUE(MID(Z32,2,1)),VALUE(MID(AA32,2,1)))<=3,MAX(VALUE(MID(Z32,2,1)),VALUE(MID(AA32,2,1)))>=4),"✓","")) | AF32: None | AH32: =COUNTIF('CVE Register'!$P$6:$P$300,A32) -> 0 | AI32: M21 | AK32: Original review set | AL32: A1.1, A1.3 | AM32: Group default (not bound to a catalogue threat) | AN32: L1 > L2 > L3 > L4 (4 of 4 layers) L1: [A1.1], [A1.3], A1.4, A1.7 | L2: A2.1, A2.2, A2.4 | L3: A3.1, A3.3, A3.4, A3.5, A3.6 | L4: A4.5, A4.6 Boundaries to first check A3.4/A3.5: 2 | to ATM A4.6: 3
A33: 28 | B33: Air Traffic Security: Aircraft Classification Using ADS-B Message's Phase-Pattern | C33: Leonardi et al. (2017) | D33: Aerospace (MDPI) | E33: SJR 2025 Q2 | F33: SCImago: Aerospace (MDPI) | G33: Spoofers impersonating aircraft | H33: Protocol flaw: no sender authentication | I33: Spoofing (motivation) | J33: Theoretical / Unexploited | K33: Defence validated on real signals | L33: Transponder phase patterns can classify aircraft and flag implausible senders, validated on real ADS-B signals. | M33: Leonardi2017RFFingerprint | N33: Aviation surveillance (ADS-B / MLAT) | O33: E0 | P33: Table 1, [34] | Q33: Peer-reviewed journal | R33: =IF(LEFT(Q33,13)="Peer-reviewed","Yes","No") -> Yes | S33: =C33&". "&CHAR(34)&B33&CHAR(34)&". "&D33&"." -> Leonardi et al. (2017). "Air Traffic Security: Aircraft Classification Using ADS-B Message's Phase-Pattern". Aerospace (MDPI). | T33: https://doi.org/10.3390/aerospace4040051 | U33: DOI metadata checked 13 Oct 2026 (OpenAlex): title matches | V33: Protocol design gap | W33: Spoofing / injection | X33: Impersonation of aircraft transponders flagged via message phase-pattern fingerprinting. | Y33: L1 · Transponder signals & satellite receivers (ADS-B / Mode S) | Z33: L1 | AA33: L1 | AB33: =IF(OR(Z33="",AA33=""),"",IF(VALUE(MID(AA33,2,1))>VALUE(MID(Z33,2,1)),"Upward (observables)",IF(VALUE(MID(AA33,2,1))<VALUE(MID(Z33,2,1)),"Downward (config / keys / sync)","Within layer"))) -> Within layer | AC33: =IF(OR(Z33="",AA33=""),"",IF(AND(MIN(VALUE(MID(Z33,2,1)),VALUE(MID(AA33,2,1)))<=1,MAX(VALUE(MID(Z33,2,1)),VALUE(MID(AA33,2,1)))>=2),"✓","")) | AD33: =IF(OR(Z33="",AA33=""),"",IF(AND(MIN(VALUE(MID(Z33,2,1)),VALUE(MID(AA33,2,1)))<=2,MAX(VALUE(MID(Z33,2,1)),VALUE(MID(AA33,2,1)))>=3),"✓","")) | AE33: =IF(OR(Z33="",AA33=""),"",IF(AND(MIN(VALUE(MID(Z33,2,1)),VALUE(MID(AA33,2,1)))<=3,MAX(VALUE(MID(Z33,2,1)),VALUE(MID(AA33,2,1)))>=4),"✓","")) | AF33: None | AH33: =COUNTIF('CVE Register'!$P$6:$P$300,A33) -> 0 | AI33: M17 | AK33: Original review set | AL33: A1.1, A1.3 | AM33: Group default (not bound to a catalogue threat) | AN33: L1 > L2 > L3 > L4 (4 of 4 layers) L1: [A1.1], [A1.3], A1.4, A1.7 | L2: A2.1, A2.2, A2.4 | L3: A3.1, A3.3, A3.4, A3.5, A3.6 | L4: A4.5, A4.6 Boundaries to first check A3.4/A3.5: 2 | to ATM A4.6: 3
A34: 29 | B34: Aviation Attacks Based on ILS and VOR Vulnerabilities | C34: Choudhary et al. (2022) | D34: Journal of Surveillance, Security and Safety (OAE) | E34: Not indexed (Scopus / WoS) | F34: Journal's own indexing list names neither Scopus nor Web of Science | G34: RF attackers targeting navaids | H34: Protocol flaw: unauthenticated ILS / VOR signals | I34: Spoofing; eavesdropping; landing disruption | J34: Theoretical / Unexploited | K34: Survey of prior work | L34: Survey of ILS, VOR and DME vulnerabilities, cataloguing SDR-based spoofing, eavesdropping and landing-disruption attacks reported in prior work. | M34: Choudhary2022ILSVOR | N34: Aviation surveillance (ADS-B / MLAT) | O34: E0 | P34: Table 1, [32] | Q34: Peer-reviewed journal | R34: =IF(LEFT(Q34,13)="Peer-reviewed","Yes","No") -> Yes | S34: =C34&". "&CHAR(34)&B34&CHAR(34)&". "&D34&"." -> Choudhary et al. (2022). "Aviation Attacks Based on ILS and VOR Vulnerabilities". Journal of Surveillance, Security and Safety (OAE). | T34: https://doi.org/10.20517/jsss.2021.17 | U34: Page fetched 13 Oct 2026: title matches (publisher page lists this DOI) | V34: Protocol design gap | W34: Spoofing / injection | X34: Survey of ILS/VOR/DME spoofing and landing-disruption attacks. | Y34: L1 · Aircraft avionics & navaid receivers (ILS, TCAS, GPWS) | Z34: L1 | AA34: L1 | AB34: =IF(OR(Z34="",AA34=""),"",IF(VALUE(MID(AA34,2,1))>VALUE(MID(Z34,2,1)),"Upward (observables)",IF(VALUE(MID(AA34,2,1))<VALUE(MID(Z34,2,1)),"Downward (config / keys / sync)","Within layer"))) -> Within layer | AC34: =IF(OR(Z34="",AA34=""),"",IF(AND(MIN(VALUE(MID(Z34,2,1)),VALUE(MID(AA34,2,1)))<=1,MAX(VALUE(MID(Z34,2,1)),VALUE(MID(AA34,2,1)))>=2),"✓","")) | AD34: =IF(OR(Z34="",AA34=""),"",IF(AND(MIN(VALUE(MID(Z34,2,1)),VALUE(MID(AA34,2,1)))<=2,MAX(VALUE(MID(Z34,2,1)),VALUE(MID(AA34,2,1)))>=3),"✓","")) | AE34: =IF(OR(Z34="",AA34=""),"",IF(AND(MIN(VALUE(MID(Z34,2,1)),VALUE(MID(AA34,2,1)))<=3,MAX(VALUE(MID(Z34,2,1)),VALUE(MID(AA34,2,1)))>=4),"✓","")) | AF34: None | AH34: =COUNTIF('CVE Register'!$P$6:$P$300,A34) -> 0 | AI34: M17 | AK34: Original review set | AL34: — | AM34: Not mapped (outside register: aircraft avionics) | AN34: n/a: no register asset (aircraft avionics)
A35: 30 | B35: Future E-Enabled Aircraft Communications and Security: The Next 20 Years and Beyond | C35: Sampigethaya et al. (2011) | D35: Proceedings of the IEEE | E35: SJR 2025 Q1 | F35: SCImago: Proc. IEEE | G35: Network and insider attackers on e-enabled aircraft | H35: Architectural weakness: growing aircraft connectivity | I35: Data-link and software-distribution attacks | J35: Theoretical / Unexploited | K35: Position / roadmap | L35: Mapped security challenges of networked aircraft, data links and software distribution. | M35: Sampigethaya2011EEnabled | N35: Aviation data links | O35: E0 | P35: Table 2, [45] | Q35: Peer-reviewed journal | R35: =IF(LEFT(Q35,13)="Peer-reviewed","Yes","No") -> Yes | S35: =C35&". "&CHAR(34)&B35&CHAR(34)&". "&D35&"." -> Sampigethaya et al. (2011). "Future E-Enabled Aircraft Communications and Security: The Next 20 Years and Beyond". Proceedings of the IEEE. | T35: https://doi.org/10.1109/JPROC.2011.2162209 | U35: DOI metadata checked 13 Oct 2026 (OpenAlex): title matches | V35: Architectural weakness | W35: Impersonation / MITM | X35: Data-link and software-distribution attacks on networked (e-enabled) aircraft. | Y35: L2 · Aeronautical data links (ACARS, CPDLC, ADS-C, LDACS) | Z35: L2 | AA35: L4 | AB35: =IF(OR(Z35="",AA35=""),"",IF(VALUE(MID(AA35,2,1))>VALUE(MID(Z35,2,1)),"Upward (observables)",IF(VALUE(MID(AA35,2,1))<VALUE(MID(Z35,2,1)),"Downward (config / keys / sync)","Within layer"))) -> Upward (observables) | AC35: =IF(OR(Z35="",AA35=""),"",IF(AND(MIN(VALUE(MID(Z35,2,1)),VALUE(MID(AA35,2,1)))<=1,MAX(VALUE(MID(Z35,2,1)),VALUE(MID(AA35,2,1)))>=2),"✓","")) | AD35: =IF(OR(Z35="",AA35=""),"",IF(AND(MIN(VALUE(MID(Z35,2,1)),VALUE(MID(AA35,2,1)))<=2,MAX(VALUE(MID(Z35,2,1)),VALUE(MID(AA35,2,1)))>=3),"✓","")) -> ✓ | AE35: =IF(OR(Z35="",AA35=""),"",IF(AND(MIN(VALUE(MID(Z35,2,1)),VALUE(MID(AA35,2,1)))<=3,MAX(VALUE(MID(Z35,2,1)),VALUE(MID(AA35,2,1)))>=4),"✓","")) -> ✓ | AF35: None | AH35: =COUNTIF('CVE Register'!$P$6:$P$300,A35) -> 0 | AI35: M06; M08; M22 | AK35: Original review set | AL35: A4.4, A4.7, A4.8 | AM35: Bound threats: T4.12, T4.13 | AN35: L1 > L2 > L3 > L4 (4 of 4 layers) L1: A1.4†, A1.5†, A1.6, A1.7† | L2: A2.1†, A2.2†, A2.3†, A2.4†, A2.5 | L3: A3.1, A3.2, A3.3, A3.4, A3.5, A3.6, A3.7 | L4: [A4.4], [A4.7], [A4.8], A4.1, A4.2, A4.3, A4.5, A4.6 Boundaries to first check A3.4/A3.5: 1 | to ATM A4.6: 2
A36: 31 | B36: Controller-Pilot Data Link Communication Security | C36: Gurtov, Polishchuk & Wernberg (2018) | D36: Sensors (MDPI) | E36: SJR 2025 Q1 | F36: SCImago: Sensors (best category) | G36: Impersonators; MITM attackers | H36: Protocol flaw: CPDLC lacks authentication and integrity | I36: Impersonation; MITM; injection | J36: Theoretical / Unexploited | K36: Threat analysis + proposed mechanisms | L36: Analysed CPDLC threats and proposed security mechanisms; no attacks executed. | M36: Gurtov2018CPDLC | N36: Aviation data links | O36: E0 | P36: Table 2, [47] | Q36: Peer-reviewed journal | R36: =IF(LEFT(Q36,13)="Peer-reviewed","Yes","No") -> Yes | S36: =C36&". "&CHAR(34)&B36&CHAR(34)&". "&D36&"." -> Gurtov, Polishchuk & Wernberg (2018). "Controller-Pilot Data Link Communication Security". Sensors (MDPI). | T36: https://doi.org/10.3390/s18051636 | U36: Page fetched 13 Oct 2026: title matches | V36: Protocol design gap | W36: Impersonation / MITM | X36: Impersonation and message injection on unauthenticated CPDLC. | Y36: L2 · Aeronautical data links (ACARS, CPDLC, ADS-C, LDACS) | Z36: L2 | AA36: L4 | AB36: =IF(OR(Z36="",AA36=""),"",IF(VALUE(MID(AA36,2,1))>VALUE(MID(Z36,2,1)),"Upward (observables)",IF(VALUE(MID(AA36,2,1))<VALUE(MID(Z36,2,1)),"Downward (config / keys / sync)","Within layer"))) -> Upward (observables) | AC36: =IF(OR(Z36="",AA36=""),"",IF(AND(MIN(VALUE(MID(Z36,2,1)),VALUE(MID(AA36,2,1)))<=1,MAX(VALUE(MID(Z36,2,1)),VALUE(MID(AA36,2,1)))>=2),"✓","")) | AD36: =IF(OR(Z36="",AA36=""),"",IF(AND(MIN(VALUE(MID(Z36,2,1)),VALUE(MID(AA36,2,1)))<=2,MAX(VALUE(MID(Z36,2,1)),VALUE(MID(AA36,2,1)))>=3),"✓","")) -> ✓ | AE36: =IF(OR(Z36="",AA36=""),"",IF(AND(MIN(VALUE(MID(Z36,2,1)),VALUE(MID(AA36,2,1)))<=3,MAX(VALUE(MID(Z36,2,1)),VALUE(MID(AA36,2,1)))>=4),"✓","")) -> ✓ | AF36: None | AH36: =COUNTIF('CVE Register'!$P$6:$P$300,A36) -> 0 | AI36: M22 | AK36: Original review set | AL36: — | AM36: Not mapped (outside register: aeronautical data links) | AN36: n/a: no register asset (aeronautical data links)
A37: 32 | B37: Advancing the Security of LDACS | C37: Mäurer et al. (2022) | D37: IEEE Trans. Network and Service Management (TNSM) | E37: SJR 2025 Q1 | F37: SCImago: IEEE TNSM | G37: Data-link attackers | H37: Design gap in LDACS security | I37: Impersonation; MITM; DoS | J37: Theoretical / Unexploited | K37: Defence design; overhead simulated | L37: Proposed and evaluated a security architecture for LDACS covering authentication and key establishment. | M37: Maurer2022LDACS | N37: Aviation data links | O37: E0 | P37: Table 2, [51] | Q37: Peer-reviewed journal | R37: =IF(LEFT(Q37,13)="Peer-reviewed","Yes","No") -> Yes | S37: =C37&". "&CHAR(34)&B37&CHAR(34)&". "&D37&"." -> Mäurer et al. (2022). "Advancing the Security of LDACS". IEEE Trans. Network and Service Management (TNSM). | T37: https://ieeexplore.ieee.org/document/9825724 | U37: Search index 13 Oct 2026: page title matches, page not fetchable | V37: Protocol design gap | W37: Impersonation / MITM | X37: Impersonation, MITM and DoS threats to LDACS, addressed by an authentication and key-establishment design. | Y37: L2 · Aeronautical data links (ACARS, CPDLC, ADS-C, LDACS) | Z37: L2 | AA37: L2 | AB37: =IF(OR(Z37="",AA37=""),"",IF(VALUE(MID(AA37,2,1))>VALUE(MID(Z37,2,1)),"Upward (observables)",IF(VALUE(MID(AA37,2,1))<VALUE(MID(Z37,2,1)),"Downward (config / keys / sync)","Within layer"))) -> Within layer | AC37: =IF(OR(Z37="",AA37=""),"",IF(AND(MIN(VALUE(MID(Z37,2,1)),VALUE(MID(AA37,2,1)))<=1,MAX(VALUE(MID(Z37,2,1)),VALUE(MID(AA37,2,1)))>=2),"✓","")) | AD37: =IF(OR(Z37="",AA37=""),"",IF(AND(MIN(VALUE(MID(Z37,2,1)),VALUE(MID(AA37,2,1)))<=2,MAX(VALUE(MID(Z37,2,1)),VALUE(MID(AA37,2,1)))>=3),"✓","")) | AE37: =IF(OR(Z37="",AA37=""),"",IF(AND(MIN(VALUE(MID(Z37,2,1)),VALUE(MID(AA37,2,1)))<=3,MAX(VALUE(MID(Z37,2,1)),VALUE(MID(AA37,2,1)))>=4),"✓","")) | AF37: None | AH37: =COUNTIF('CVE Register'!$P$6:$P$300,A37) -> 0 | AI37: M22 | AK37: Original review set | AL37: — | AM37: Not mapped (outside register: aeronautical data links) | AN37: n/a: no register asset (aeronautical data links)
A38: 33 | B38: Security in Digital Aeronautical Communications: A Comprehensive Gap Analysis | C38: Mäurer et al. (2022) | D38: Int. J. Critical Infrastructure Protection (IJCIP) | E38: SJR 2025 Q1 | F38: SCImago: IJCIP | G38: Data-link attackers | H38: Design gaps across aeronautical links | I38: Multiple | J38: Theoretical / Unexploited | K38: Gap analysis | L38: Found most digital aeronautical links lack adequate built-in security. | M38: Maurer2022GapAnalysis | N38: Aviation data links | O38: E0 | P38: Table 2, [48] | Q38: Peer-reviewed journal | R38: =IF(LEFT(Q38,13)="Peer-reviewed","Yes","No") -> Yes | S38: =C38&". "&CHAR(34)&B38&CHAR(34)&". "&D38&"." -> Mäurer et al. (2022). "Security in Digital Aeronautical Communications: A Comprehensive Gap Analysis". Int. J. Critical Infrastructure Protection (IJCIP). | T38: https://doi.org/10.1016/j.ijcip.2022.100549 | U38: Page fetched 13 Oct 2026: title matches (DLR elib record lists this DOI) | V38: Protocol design gap | W38: Multiple (survey / SoK) | X38: Gap analysis showing most digital aeronautical links lack built-in security. | Y38: L2 · Aeronautical data links (ACARS, CPDLC, ADS-C, LDACS) | Z38: L2 | AA38: L2 | AB38: =IF(OR(Z38="",AA38=""),"",IF(VALUE(MID(AA38,2,1))>VALUE(MID(Z38,2,1)),"Upward (observables)",IF(VALUE(MID(AA38,2,1))<VALUE(MID(Z38,2,1)),"Downward (config / keys / sync)","Within layer"))) -> Within layer | AC38: =IF(OR(Z38="",AA38=""),"",IF(AND(MIN(VALUE(MID(Z38,2,1)),VALUE(MID(AA38,2,1)))<=1,MAX(VALUE(MID(Z38,2,1)),VALUE(MID(AA38,2,1)))>=2),"✓","")) | AD38: =IF(OR(Z38="",AA38=""),"",IF(AND(MIN(VALUE(MID(Z38,2,1)),VALUE(MID(AA38,2,1)))<=2,MAX(VALUE(MID(Z38,2,1)),VALUE(MID(AA38,2,1)))>=3),"✓","")) | AE38: =IF(OR(Z38="",AA38=""),"",IF(AND(MIN(VALUE(MID(Z38,2,1)),VALUE(MID(AA38,2,1)))<=3,MAX(VALUE(MID(Z38,2,1)),VALUE(MID(AA38,2,1)))>=4),"✓","")) | AF38: None | AH38: =COUNTIF('CVE Register'!$P$6:$P$300,A38) -> 0 | AI38: M22 | AK38: Original review set | AL38: — | AM38: Not mapped (outside register: aeronautical data links) | AN38: n/a: no register asset (aeronautical data links)
A39: 34 | B39: Cyber Security in New Space: Analysis of Threats, Key Enabling Technologies and Challenges | C39: Manulis et al. (2021) | D39: Int. J. Information Security (IJIS) | E39: SJR 2025 Q1 | F39: SCImago: IJIS | G39: State and non-state actors across space segments | H39: Architectural weaknesses from COTS use and rapid deployment | I39: Multiple | J39: Theoretical / Unexploited | K39: Threat analysis | L39: Analysed threats across space, ground and link segments and enabling security technologies. | M39: Manulis2021NewSpace | N39: Satellite & space | O39: E0 | P39: Table 3, [20] | Q39: Peer-reviewed journal | R39: =IF(LEFT(Q39,13)="Peer-reviewed","Yes","No") -> Yes | S39: =C39&". "&CHAR(34)&B39&CHAR(34)&". "&D39&"." -> Manulis et al. (2021). "Cyber Security in New Space: Analysis of Threats, Key Enabling Technologies and Challenges". Int. J. Information Security (IJIS). | T39: https://doi.org/10.1007/s10207-020-00503-w | U39: DOI metadata checked 13 Oct 2026 (OpenAlex): title matches | V39: Architectural weakness | W39: Multiple (survey / SoK) | X39: Threat analysis across space, ground and link segments of New Space systems. | Y39: Multiple assets (survey / SoK) | Z39: L1 | AA39: L2 | AB39: =IF(OR(Z39="",AA39=""),"",IF(VALUE(MID(AA39,2,1))>VALUE(MID(Z39,2,1)),"Upward (observables)",IF(VALUE(MID(AA39,2,1))<VALUE(MID(Z39,2,1)),"Downward (config / keys / sync)","Within layer"))) -> Upward (observables) | AC39: =IF(OR(Z39="",AA39=""),"",IF(AND(MIN(VALUE(MID(Z39,2,1)),VALUE(MID(AA39,2,1)))<=1,MAX(VALUE(MID(Z39,2,1)),VALUE(MID(AA39,2,1)))>=2),"✓","")) -> ✓ | AD39: =IF(OR(Z39="",AA39=""),"",IF(AND(MIN(VALUE(MID(Z39,2,1)),VALUE(MID(AA39,2,1)))<=2,MAX(VALUE(MID(Z39,2,1)),VALUE(MID(AA39,2,1)))>=3),"✓","")) | AE39: =IF(OR(Z39="",AA39=""),"",IF(AND(MIN(VALUE(MID(Z39,2,1)),VALUE(MID(AA39,2,1)))<=3,MAX(VALUE(MID(Z39,2,1)),VALUE(MID(AA39,2,1)))>=4),"✓","")) | AF39: None | AH39: =COUNTIF('CVE Register'!$P$6:$P$300,A39) -> 0 | AI39: M09; M25 | AJ39: Online 2020, issue 2021. | AK39: Original review set | AL39: A4.3 | AM39: Bound threats: T4.05 | AN39: L1 > L2 > L3 > L4 (4 of 4 layers) L1: A1.4†, A1.5†, A1.6, A1.7† | L2: A2.1†, A2.2†, A2.4†, A2.5 | L3: A3.1†, A3.2†, A3.3†, A3.4†, A3.5†, A3.6† | L4: [A4.3], A4.5†, A4.6† Boundaries to first check A3.4/A3.5: 5 | to ATM A4.6: 6
A40: 35 | B40: Cybersecurity Principles for Space Systems | C40: Falco (2019) | D40: J. Aerospace Information Systems (AIAA) | E40: SJR 2025 Q2 | F40: SCImago: J. Aerosp. Inf. Syst. | G40: Generic space-system adversaries | H40: Design gaps | I40: Multiple | J40: Theoretical / Unexploited | K40: Design principles | L40: Proposed security design principles for space systems. | M40: Falco2019SpacePrinciples | N40: Satellite & space | O40: E0 | P40: Table 3, [56] | Q40: Peer-reviewed journal | R40: =IF(LEFT(Q40,13)="Peer-reviewed","Yes","No") -> Yes | S40: =C40&". "&CHAR(34)&B40&CHAR(34)&". "&D40&"." -> Falco (2019). "Cybersecurity Principles for Space Systems". J. Aerospace Information Systems (AIAA). | T40: https://doi.org/10.2514/1.I010693 | U40: DOI metadata checked 13 Oct 2026 (OpenAlex): title matches | V40: Architectural weakness | W40: Multiple (survey / SoK) | X40: Security design principles for space systems. | Y40: Multiple assets (survey / SoK) | Z40: L1 | AA40: L4 | AB40: =IF(OR(Z40="",AA40=""),"",IF(VALUE(MID(AA40,2,1))>VALUE(MID(Z40,2,1)),"Upward (observables)",IF(VALUE(MID(AA40,2,1))<VALUE(MID(Z40,2,1)),"Downward (config / keys / sync)","Within layer"))) -> Upward (observables) | AC40: =IF(OR(Z40="",AA40=""),"",IF(AND(MIN(VALUE(MID(Z40,2,1)),VALUE(MID(AA40,2,1)))<=1,MAX(VALUE(MID(Z40,2,1)),VALUE(MID(AA40,2,1)))>=2),"✓","")) -> ✓ | AD40: =IF(OR(Z40="",AA40=""),"",IF(AND(MIN(VALUE(MID(Z40,2,1)),VALUE(MID(AA40,2,1)))<=2,MAX(VALUE(MID(Z40,2,1)),VALUE(MID(AA40,2,1)))>=3),"✓","")) -> ✓ | AE40: =IF(OR(Z40="",AA40=""),"",IF(AND(MIN(VALUE(MID(Z40,2,1)),VALUE(MID(AA40,2,1)))<=3,MAX(VALUE(MID(Z40,2,1)),VALUE(MID(AA40,2,1)))>=4),"✓","")) -> ✓ | AF40: None | AH40: =COUNTIF('CVE Register'!$P$6:$P$300,A40) -> 0 | AI40: M09; M25 | AJ40: Online 2018, issue 2019. | AK40: Original review set | AL40: A4.3, A4.4, A4.7 | AM40: Bound threats: T4.05, T4.13 | AN40: L1 > L2 > L3 > L4 (4 of 4 layers) L1: A1.4†, A1.5†, A1.6, A1.7† | L2: A2.1†, A2.2†, A2.3†, A2.4†, A2.5 | L3: A3.1, A3.2, A3.3, A3.4, A3.5, A3.6, A3.7 | L4: [A4.3], [A4.4], [A4.7], A4.1, A4.2, A4.5, A4.6, A4.8 Boundaries to first check A3.4/A3.5: 1 | to ATM A4.6: 2
A41: 36 | B41: On the Security of LEO Satellite Communication Systems: Vulnerabilities, Countermeasures, and Future Trends | C41: Yue et al. (2022) | D41: Science China Information Sciences | E41: SJR 2025 Q1 | F41: SCImago: Sci. China Inf. Sci. | G41: RF and network attackers | H41: Architectural and physical-layer weaknesses | I41: Eavesdropping; jamming; spoofing | J41: Theoretical / Unexploited | K41: Survey | L41: Surveyed LEO communication vulnerabilities and countermeasures with emphasis on physical-layer security. | M41: Yue2022LEOSecurity | N41: Satellite & space | O41: E0 | P41: Table 3, [11] | Q41: Peer-reviewed journal | R41: =IF(LEFT(Q41,13)="Peer-reviewed","Yes","No") -> Yes | S41: =C41&". "&CHAR(34)&B41&CHAR(34)&". "&D41&"." -> Yue et al. (2022). "On the Security of LEO Satellite Communication Systems: Vulnerabilities, Countermeasures, and Future Trends". Science China Information Sciences. | T41: https://www.semanticscholar.org/paper/On-the-Security-of-LEO-Satellite-Communication-and-Yue-Pan/3e41fbff6c9e3a088be64bff31328c0076e254fb | U41: Search index 13 Oct 2026: Semantic Scholar record title matches. Publisher (Sci. China Inf. Sci.) page NOT found - confirm venue and DOI | V41: Physical-layer susceptibility | W41: Multiple (survey / SoK) | X41: Survey of LEO communication vulnerabilities with emphasis on physical-layer security. | Y41: Multiple assets (survey / SoK) | Z41: L1 | AA41: L2 | AB41: =IF(OR(Z41="",AA41=""),"",IF(VALUE(MID(AA41,2,1))>VALUE(MID(Z41,2,1)),"Upward (observables)",IF(VALUE(MID(AA41,2,1))<VALUE(MID(Z41,2,1)),"Downward (config / keys / sync)","Within layer"))) -> Upward (observables) | AC41: =IF(OR(Z41="",AA41=""),"",IF(AND(MIN(VALUE(MID(Z41,2,1)),VALUE(MID(AA41,2,1)))<=1,MAX(VALUE(MID(Z41,2,1)),VALUE(MID(AA41,2,1)))>=2),"✓","")) -> ✓ | AD41: =IF(OR(Z41="",AA41=""),"",IF(AND(MIN(VALUE(MID(Z41,2,1)),VALUE(MID(AA41,2,1)))<=2,MAX(VALUE(MID(Z41,2,1)),VALUE(MID(AA41,2,1)))>=3),"✓","")) | AE41: =IF(OR(Z41="",AA41=""),"",IF(AND(MIN(VALUE(MID(Z41,2,1)),VALUE(MID(AA41,2,1)))<=3,MAX(VALUE(MID(Z41,2,1)),VALUE(MID(AA41,2,1)))>=4),"✓","")) | AF41: None | AH41: =COUNTIF('CVE Register'!$P$6:$P$300,A41) -> 0 | AI41: M09 | AJ41: Venue unconfirmed online; check .bib entry. | AK41: Original review set | AL41: — | AM41: Not mapped (survey / SoK spans many assets) | AN41: n/a: survey or SoK, no single entry asset
A42: 37 | B42: SoK: Space Infrastructures Vulnerabilities, Attacks and Defenses | C42: Castanon Remy et al. (2025) | D42: IEEE Symposium on Security and Privacy (S&P) | E42: ICORE2026 A* | F42: ICORE: SP | G42: Multiple | H42: Multiple | I42: Multiple | J42: Theoretical / Unexploited | K42: Systematisation of knowledge | L42: Systematises vulnerabilities, attacks and defences across space infrastructure. | M42: Remy2025SoKSpace | N42: Satellite & space | O42: E0 | P42: Table 3, [58] | Q42: Peer-reviewed conference | R42: =IF(LEFT(Q42,13)="Peer-reviewed","Yes","No") -> Yes | S42: =C42&". "&CHAR(34)&B42&CHAR(34)&". "&D42&"." -> Castanon Remy et al. (2025). "SoK: Space Infrastructures Vulnerabilities, Attacks and Defenses". IEEE Symposium on Security and Privacy (S&P). | T42: https://ieeexplore.ieee.org/document/11023466 | U42: Search index 13 Oct 2026: page title matches, page not fetchable | V42: Multiple (survey / SoK) | W42: Multiple (survey / SoK) | X42: Systematisation of vulnerabilities, attacks and defences across space infrastructure. | Y42: Multiple assets (survey / SoK) | Z42: L1 | AA42: L2 | AB42: =IF(OR(Z42="",AA42=""),"",IF(VALUE(MID(AA42,2,1))>VALUE(MID(Z42,2,1)),"Upward (observables)",IF(VALUE(MID(AA42,2,1))<VALUE(MID(Z42,2,1)),"Downward (config / keys / sync)","Within layer"))) -> Upward (observables) | AC42: =IF(OR(Z42="",AA42=""),"",IF(AND(MIN(VALUE(MID(Z42,2,1)),VALUE(MID(AA42,2,1)))<=1,MAX(VALUE(MID(Z42,2,1)),VALUE(MID(AA42,2,1)))>=2),"✓","")) -> ✓ | AD42: =IF(OR(Z42="",AA42=""),"",IF(AND(MIN(VALUE(MID(Z42,2,1)),VALUE(MID(AA42,2,1)))<=2,MAX(VALUE(MID(Z42,2,1)),VALUE(MID(AA42,2,1)))>=3),"✓","")) | AE42: =IF(OR(Z42="",AA42=""),"",IF(AND(MIN(VALUE(MID(Z42,2,1)),VALUE(MID(AA42,2,1)))<=3,MAX(VALUE(MID(Z42,2,1)),VALUE(MID(AA42,2,1)))>=4),"✓","")) | AF42: None | AH42: =COUNTIF('CVE Register'!$P$6:$P$300,A42) -> 0 | AI42: M25 | AK42: Original review set | AL42: — | AM42: Not mapped (survey / SoK spans many assets) | AN42: n/a: survey or SoK, no single entry asset
A43: 38 | B43: Threat Modeling in Satellite Communications for Maritime Operations | C43: Frøseth, Kavallieratos & Katsikas (2024) | D43: ESORICS Workshops (CyberICPS) | E43: Not ICORE-ranked | F43: ESORICS workshop; workshops not ranked | G43: Maritime satcom adversaries | H43: Architectural weaknesses | I43: Multiple | J43: Theoretical / Unexploited | K43: Threat model | L43: Applied a structured threat-modelling process to maritime satcom. | M43: Froseth2024MaritimeTM | N43: Satellite & space | O43: E0 | P43: Table 4, [23] | Q43: Peer-reviewed workshop | R43: =IF(LEFT(Q43,13)="Peer-reviewed","Yes","No") -> Yes | S43: =C43&". "&CHAR(34)&B43&CHAR(34)&". "&D43&"." -> Frøseth, Kavallieratos & Katsikas (2024). "Threat Modeling in Satellite Communications for Maritime Operations". ESORICS Workshops (CyberICPS). | T43: https://conferences.ds.unipi.gr/cybericps2024/assets/papers/3.pdf | U43: Page fetched 13 Oct 2026: title matches (workshop-hosted PDF) | V43: Architectural weakness | W43: Multiple (survey / SoK) | X43: Structured threat model for maritime satcom operations. | Y43: Multiple assets (survey / SoK) | Z43: L1 | AA43: L4 | AB43: =IF(OR(Z43="",AA43=""),"",IF(VALUE(MID(AA43,2,1))>VALUE(MID(Z43,2,1)),"Upward (observables)",IF(VALUE(MID(AA43,2,1))<VALUE(MID(Z43,2,1)),"Downward (config / keys / sync)","Within layer"))) -> Upward (observables) | AC43: =IF(OR(Z43="",AA43=""),"",IF(AND(MIN(VALUE(MID(Z43,2,1)),VALUE(MID(AA43,2,1)))<=1,MAX(VALUE(MID(Z43,2,1)),VALUE(MID(AA43,2,1)))>=2),"✓","")) -> ✓ | AD43: =IF(OR(Z43="",AA43=""),"",IF(AND(MIN(VALUE(MID(Z43,2,1)),VALUE(MID(AA43,2,1)))<=2,MAX(VALUE(MID(Z43,2,1)),VALUE(MID(AA43,2,1)))>=3),"✓","")) -> ✓ | AE43: =IF(OR(Z43="",AA43=""),"",IF(AND(MIN(VALUE(MID(Z43,2,1)),VALUE(MID(AA43,2,1)))<=3,MAX(VALUE(MID(Z43,2,1)),VALUE(MID(AA43,2,1)))>=4),"✓","")) -> ✓ | AF43: None | AH43: =COUNTIF('CVE Register'!$P$6:$P$300,A43) -> 0 | AI43: M25 | AJ43: Not in Paper Alignment; layers coded here. | AK43: Original review set | AL43: — | AM43: Not mapped (survey / SoK spans many assets) | AN43: n/a: survey or SoK, no single entry asset
A44: 39 | B44: Secure Estimation and Control for Cyber-Physical Systems under Adversarial Attacks | C44: Fawzi, Tabuada & Diggavi (2014) | D44: IEEE Transactions on Automatic Control | E44: SJR 2025 Q1 | F44: SCImago: IEEE TAC | G44: Attacker arbitrarily corrupting a subset of sensors | H44: Design limit of state estimation | I44: Sensor data manipulation | J44: Theoretical / Unexploited | K44: Formal proof + resilient estimator | L44: Proved the state cannot be recovered once roughly half or more of sensors are compromised; gave a resilient estimator below that bound. | M44: Fawzi2014SecureEstimation | N44: State estimation | O44: E0 | P44: Not cited yet; suggested for §2.5.2 | Q44: Peer-reviewed journal | R44: =IF(LEFT(Q44,13)="Peer-reviewed","Yes","No") -> Yes | S44: =C44&". "&CHAR(34)&B44&CHAR(34)&". "&D44&"." -> Fawzi, Tabuada & Diggavi (2014). "Secure Estimation and Control for Cyber-Physical Systems under Adversarial Attacks". IEEE Transactions on Automatic Control. | T44: https://doi.org/10.1109/TAC.2014.2303233 | U44: DOI metadata checked 13 Oct 2026 (OpenAlex): title matches | V44: Estimation / verification design limit | W44: Estimation / data manipulation | X44: Bound on sensor compromise beyond which the state cannot be recovered; resilient estimator below it. | Y44: L2 · Measurements feeding the estimator | Z44: L2 | AA44: L3 | AB44: =IF(OR(Z44="",AA44=""),"",IF(VALUE(MID(AA44,2,1))>VALUE(MID(Z44,2,1)),"Upward (observables)",IF(VALUE(MID(AA44,2,1))<VALUE(MID(Z44,2,1)),"Downward (config / keys / sync)","Within layer"))) -> Upward (observables) | AC44: =IF(OR(Z44="",AA44=""),"",IF(AND(MIN(VALUE(MID(Z44,2,1)),VALUE(MID(AA44,2,1)))<=1,MAX(VALUE(MID(Z44,2,1)),VALUE(MID(AA44,2,1)))>=2),"✓","")) | AD44: =IF(OR(Z44="",AA44=""),"",IF(AND(MIN(VALUE(MID(Z44,2,1)),VALUE(MID(AA44,2,1)))<=2,MAX(VALUE(MID(Z44,2,1)),VALUE(MID(AA44,2,1)))>=3),"✓","")) -> ✓ | AE44: =IF(OR(Z44="",AA44=""),"",IF(AND(MIN(VALUE(MID(Z44,2,1)),VALUE(MID(AA44,2,1)))<=3,MAX(VALUE(MID(Z44,2,1)),VALUE(MID(AA44,2,1)))>=4),"✓","")) | AF44: None | AH44: =COUNTIF('CVE Register'!$P$6:$P$300,A44) -> 0 | AI44: M20 | AJ44: Not in Paper Alignment; layers coded here. | AK44: Original review set | AL44: A2.1 | AM44: Bound threats: T2.01 | AN44: L1 > L2 > L3 > L4 (4 of 4 layers) L1: A1.7 | L2: [A2.1], A2.2, A2.4 | L3: A3.1, A3.3, A3.4, A3.5, A3.6 | L4: A4.5, A4.6 Boundaries to first check A3.4/A3.5: 1 | to ATM A4.6: 2
A45: 40 | B45: Delay Attacks - Implication on NTP and PTP Time Synchronization | C45: Ullmann & Vögeler (2009) | D45: IEEE ISPCS | E45: Not ICORE-ranked | F45: Not in ICORE2026 list | G45: On-path attacker able to delay packets | H45: Inherent protocol limitation of time synchronisation | I45: Delay attack | J45: Theoretical / Unexploited | K45: Protocol analysis | L45: Showed cryptographic protection of NTP / PTP cannot prevent delay attacks from skewing synchronisation. | M45: Ullmann2009Delay | N45: Timing | O45: E0 | P45: §2.5.2 [75] | Q45: Peer-reviewed conference | R45: =IF(LEFT(Q45,13)="Peer-reviewed","Yes","No") -> Yes | S45: =C45&". "&CHAR(34)&B45&CHAR(34)&". "&D45&"." -> Ullmann & Vögeler (2009). "Delay Attacks - Implication on NTP and PTP Time Synchronization". IEEE ISPCS. | T45: https://ieeexplore.ieee.org/abstract/document/5340224 | U45: Search index 13 Oct 2026: page title matches, page not fetchable | V45: Protocol design gap | W45: Timing & synchronisation attack | X45: Packet-delay attack that skews NTP/PTP synchronisation despite cryptographic protection. | Y45: L2 · Time-sync network traffic (NTP / PTP) | Z45: L2 | AA45: L4 | AB45: =IF(OR(Z45="",AA45=""),"",IF(VALUE(MID(AA45,2,1))>VALUE(MID(Z45,2,1)),"Upward (observables)",IF(VALUE(MID(AA45,2,1))<VALUE(MID(Z45,2,1)),"Downward (config / keys / sync)","Within layer"))) -> Upward (observables) | AC45: =IF(OR(Z45="",AA45=""),"",IF(AND(MIN(VALUE(MID(Z45,2,1)),VALUE(MID(AA45,2,1)))<=1,MAX(VALUE(MID(Z45,2,1)),VALUE(MID(AA45,2,1)))>=2),"✓","")) | AD45: =IF(OR(Z45="",AA45=""),"",IF(AND(MIN(VALUE(MID(Z45,2,1)),VALUE(MID(AA45,2,1)))<=2,MAX(VALUE(MID(Z45,2,1)),VALUE(MID(AA45,2,1)))>=3),"✓","")) -> ✓ | AE45: =IF(OR(Z45="",AA45=""),"",IF(AND(MIN(VALUE(MID(Z45,2,1)),VALUE(MID(AA45,2,1)))<=3,MAX(VALUE(MID(Z45,2,1)),VALUE(MID(AA45,2,1)))>=4),"✓","")) -> ✓ | AF45: Direct | AH45: =COUNTIF('CVE Register'!$P$6:$P$300,A45) -> 0 | AI45: M02; M03; M23 | AJ45: Not in Paper Alignment; layers coded here. Propagates down to L1 clocks. | AK45: Original review set | AL45: A2.1, A2.3 | AM45: Bound threats: T2.03, T2.06 | AN45: L1 > L2 > L3 > L4 (4 of 4 layers) L1: A1.4, A1.5, A1.7 | L2: [A2.1], [A2.3], A2.2, A2.4 | L3: A3.1, A3.2, A3.3, A3.4, A3.5, A3.6 | L4: A4.5, A4.6 Boundaries to first check A3.4/A3.5: 1 | to ATM A4.6: 2
A46: 41 | B46: Design of a Resilient Multi-Layered Security Framework for Satellite Communications | C46: Belali et al. (2026) | D46: Int. J. Information Security (IJIS) | E46: SJR 2025 Q1 | F46: SCImago: IJIS | G46: Link-level attackers on CCSDS file transfer | H46: Design gap: confidentiality and integrity of CFDP file transfer | I46: Eavesdropping; tampering; replay | J46: Theoretical / Unexploited | K46: Architecture design with STRIDE analysis; no attack executed | L46: Hybrid AES/ECC protection for the CCSDS File Delivery Protocol, validated through STRIDE; its resilience mechanism relies on GPS-based time synchronisation. | M46: Belali2026Resilient | N46: Satellite & space | O46: E0 | P46: Table 3, [24] | Q46: Peer-reviewed journal | R46: =IF(LEFT(Q46,13)="Peer-reviewed","Yes","No") -> Yes | S46: =C46&". "&CHAR(34)&B46&CHAR(34)&". "&D46&"." -> Belali et al. (2026). "Design of a Resilient Multi-Layered Security Framework for Satellite Communications". Int. J. Information Security (IJIS). | T46: https://link.springer.com/article/10.1007/s10207-025-01184-z | U46: Search index 13 Oct 2026: page title matches, page not fetchable | V46: Protocol design gap | W46: Eavesdropping / traffic analysis | X46: Eavesdropping, tampering and replay on CCSDS file transfer, addressed by hybrid AES/ECC protection. | Y46: L2 · Space link TC/TM (commanding & file transfer) | Z46: L2 | AA46: L2 | AB46: =IF(OR(Z46="",AA46=""),"",IF(VALUE(MID(AA46,2,1))>VALUE(MID(Z46,2,1)),"Upward (observables)",IF(VALUE(MID(AA46,2,1))<VALUE(MID(Z46,2,1)),"Downward (config / keys / sync)","Within layer"))) -> Within layer | AC46: =IF(OR(Z46="",AA46=""),"",IF(AND(MIN(VALUE(MID(Z46,2,1)),VALUE(MID(AA46,2,1)))<=1,MAX(VALUE(MID(Z46,2,1)),VALUE(MID(AA46,2,1)))>=2),"✓","")) | AD46: =IF(OR(Z46="",AA46=""),"",IF(AND(MIN(VALUE(MID(Z46,2,1)),VALUE(MID(AA46,2,1)))<=2,MAX(VALUE(MID(Z46,2,1)),VALUE(MID(AA46,2,1)))>=3),"✓","")) | AE46: =IF(OR(Z46="",AA46=""),"",IF(AND(MIN(VALUE(MID(Z46,2,1)),VALUE(MID(AA46,2,1)))<=3,MAX(VALUE(MID(Z46,2,1)),VALUE(MID(AA46,2,1)))>=4),"✓","")) | AF46: Indirect | AH46: =COUNTIF('CVE Register'!$P$6:$P$300,A46) -> 0 | AI46: M04; M05 | AJ46: Its resilience mechanism relies on GPS-based time synchronisation. | AK46: Original review set | AL46: A2.5 | AM46: Bound threats: T2.10 | AN46: Contained: disclosure only, no downstream state change. Exposure at L2: [A2.5]
A47: 42 | B47: Cyber Attacks on Space Information Networks: Vulnerabilities, Threats, and Countermeasures for Satellite Security | C47: Sharmin et al. (2025) | D47: J. Cybersecurity and Privacy (MDPI) | E47: To check | F47: Not yet checked against SCImago | G47: Multiple | H47: Architectural weaknesses: complexity, COTS adoption, no standard security framework | I47: Multiple | J47: Theoretical / Unexploited | K47: Structured review | L47: Attributes the exposure of Space Information Networks to system complexity, pervasive COTS adoption and the absence of standardised security frameworks. | M47: Sharmin2025SIN | N47: Satellite & space | O47: E0 | P47: Table 3, [57] | Q47: Peer-reviewed journal | R47: =IF(LEFT(Q47,13)="Peer-reviewed","Yes","No") -> Yes | S47: =C47&". "&CHAR(34)&B47&CHAR(34)&". "&D47&"." -> Sharmin et al. (2025). "Cyber Attacks on Space Information Networks: Vulnerabilities, Threats, and Countermeasures for Satellite Security". J. Cybersecurity and Privacy (MDPI). | T47: https://doi.org/10.3390/jcp5030076 | U47: Page fetched 13 Oct 2026: title matches (DOAJ record lists this DOI) | V47: Architectural weakness | W47: Multiple (survey / SoK) | X47: Review attributing space information network exposure to complexity, COTS use and missing standards. | Y47: Multiple assets (survey / SoK) | Z47: L1 | AA47: L2 | AB47: =IF(OR(Z47="",AA47=""),"",IF(VALUE(MID(AA47,2,1))>VALUE(MID(Z47,2,1)),"Upward (observables)",IF(VALUE(MID(AA47,2,1))<VALUE(MID(Z47,2,1)),"Downward (config / keys / sync)","Within layer"))) -> Upward (observables) | AC47: =IF(OR(Z47="",AA47=""),"",IF(AND(MIN(VALUE(MID(Z47,2,1)),VALUE(MID(AA47,2,1)))<=1,MAX(VALUE(MID(Z47,2,1)),VALUE(MID(AA47,2,1)))>=2),"✓","")) -> ✓ | AD47: =IF(OR(Z47="",AA47=""),"",IF(AND(MIN(VALUE(MID(Z47,2,1)),VALUE(MID(AA47,2,1)))<=2,MAX(VALUE(MID(Z47,2,1)),VALUE(MID(AA47,2,1)))>=3),"✓","")) | AE47: =IF(OR(Z47="",AA47=""),"",IF(AND(MIN(VALUE(MID(Z47,2,1)),VALUE(MID(AA47,2,1)))<=3,MAX(VALUE(MID(Z47,2,1)),VALUE(MID(AA47,2,1)))>=4),"✓","")) | AF47: None | AH47: =COUNTIF('CVE Register'!$P$6:$P$300,A47) -> 0 | AI47: M09; M25 | AJ47: Ranking still 'To check' (from original sheet). | AK47: Original review set | AL47: — | AM47: Not mapped (survey / SoK spans many assets) | AN47: n/a: survey or SoK, no single entry asset
A48: 43 | B48: A Comprehensive Literature Review of Cybersecurity in Satellite Networks | C48: Wang et al. (2026) | D48: Aerospace (MDPI) | E48: SJR 2025 Q2 | F48: SCImago: Aerospace (MDPI) | G48: Multiple | H48: Multiple, across physical, network and user layers | I48: Multiple (attack chains) | J48: Theoretical / Unexploited | K48: Literature review; knowledge matrix | L48: Proposes a Sat-ATT&CK matrix modelling satellite attack chains across physical, network and user layers and maps defences to NIST CSF. | M48: Wang2026SatReview | N48: Satellite & space | O48: E0 | P48: Table 3, [59] | Q48: Peer-reviewed journal | R48: =IF(LEFT(Q48,13)="Peer-reviewed","Yes","No") -> Yes | S48: =C48&". "&CHAR(34)&B48&CHAR(34)&". "&D48&"." -> Wang et al. (2026). "A Comprehensive Literature Review of Cybersecurity in Satellite Networks". Aerospace (MDPI). | T48: https://doi.org/10.3390/aerospace13030249 | U48: Page fetched 13 Oct 2026: title matches (DOAJ record lists this DOI) | V48: Multiple (survey / SoK) | W48: Multiple (survey / SoK) | X48: Sat-ATT&CK matrix of satellite attack chains across physical, network and user layers. | Y48: Multiple assets (survey / SoK) | Z48: L1 | AA48: L4 | AB48: =IF(OR(Z48="",AA48=""),"",IF(VALUE(MID(AA48,2,1))>VALUE(MID(Z48,2,1)),"Upward (observables)",IF(VALUE(MID(AA48,2,1))<VALUE(MID(Z48,2,1)),"Downward (config / keys / sync)","Within layer"))) -> Upward (observables) | AC48: =IF(OR(Z48="",AA48=""),"",IF(AND(MIN(VALUE(MID(Z48,2,1)),VALUE(MID(AA48,2,1)))<=1,MAX(VALUE(MID(Z48,2,1)),VALUE(MID(AA48,2,1)))>=2),"✓","")) -> ✓ | AD48: =IF(OR(Z48="",AA48=""),"",IF(AND(MIN(VALUE(MID(Z48,2,1)),VALUE(MID(AA48,2,1)))<=2,MAX(VALUE(MID(Z48,2,1)),VALUE(MID(AA48,2,1)))>=3),"✓","")) -> ✓ | AE48: =IF(OR(Z48="",AA48=""),"",IF(AND(MIN(VALUE(MID(Z48,2,1)),VALUE(MID(AA48,2,1)))<=3,MAX(VALUE(MID(Z48,2,1)),VALUE(MID(AA48,2,1)))>=4),"✓","")) -> ✓ | AF48: None | AH48: =COUNTIF('CVE Register'!$P$6:$P$300,A48) -> 0 | AI48: M25 | AK48: Original review set | AL48: — | AM48: Not mapped (survey / SoK spans many assets) | AN48: n/a: survey or SoK, no single entry asset
A49: 44 | B49: Wireless Attacks on Aircraft Instrument Landing Systems | C49: Sathaye, Schepers, Ranganathan & Noubir (2019) | D49: USENIX Security Symposium | E49: ICORE2026 A* | F49: ICORE: USENIX-Security | G49: SDR attacker near the approach path | H49: Protocol flaw: unauthenticated ILS signals | I49: ILS signal spoofing / overshadowing | J49: Simulated / Proof-of-Concept | K49: Aviation-grade ILS receivers (real hardware) plus flight-simulator closed loop | L49: Spoofed ILS signals from COTS SDRs controlled aviation-grade receivers in real time; simulated autoland runs produced offset touchdowns. | M49: Sathaye2019ILS | N49: Aviation surveillance (ADS-B / MLAT) | O49: E2 | P49: Not in draft; candidate for Table 1 | Q49: Peer-reviewed conference | R49: =IF(LEFT(Q49,13)="Peer-reviewed","Yes","No") -> Yes | S49: =C49&". "&CHAR(34)&B49&CHAR(34)&". "&D49&"." -> Sathaye, Schepers, Ranganathan & Noubir (2019). "Wireless Attacks on Aircraft Instrument Landing Systems". USENIX Security Symposium. | T49: https://www.usenix.org/conference/usenixsecurity19/presentation/sathaye | U49: Page fetched 13 Oct 2026: title matches | V49: Protocol design gap | W49: Spoofing / injection | X49: Overshadowing ILS guidance signals to deflect an approach. | Y49: L1 · Aircraft avionics & navaid receivers (ILS, TCAS, GPWS) | Z49: L1 | AA49: L1 | AB49: =IF(OR(Z49="",AA49=""),"",IF(VALUE(MID(AA49,2,1))>VALUE(MID(Z49,2,1)),"Upward (observables)",IF(VALUE(MID(AA49,2,1))<VALUE(MID(Z49,2,1)),"Downward (config / keys / sync)","Within layer"))) -> Within layer | AC49: =IF(OR(Z49="",AA49=""),"",IF(AND(MIN(VALUE(MID(Z49,2,1)),VALUE(MID(AA49,2,1)))<=1,MAX(VALUE(MID(Z49,2,1)),VALUE(MID(AA49,2,1)))>=2),"✓","")) | AD49: =IF(OR(Z49="",AA49=""),"",IF(AND(MIN(VALUE(MID(Z49,2,1)),VALUE(MID(AA49,2,1)))<=2,MAX(VALUE(MID(Z49,2,1)),VALUE(MID(AA49,2,1)))>=3),"✓","")) | AE49: =IF(OR(Z49="",AA49=""),"",IF(AND(MIN(VALUE(MID(Z49,2,1)),VALUE(MID(AA49,2,1)))<=3,MAX(VALUE(MID(Z49,2,1)),VALUE(MID(AA49,2,1)))>=4),"✓","")) | AF49: None | AH49: =COUNTIF('CVE Register'!$P$6:$P$300,A49) -> 0 | AI49: M17 | AJ49: Navaid, outside MLAT-B scope; shows RF-overshadowing feasibility. | AK49: Added 13 Oct 2026 | AL49: A1.3 | AM49: Bound threats: T1.07 | AN49: L1 > L2 > L3 > L4 (4 of 4 layers) L1: [A1.3], A1.4, A1.7 | L2: A2.1, A2.2, A2.4 | L3: A3.1, A3.3, A3.4, A3.5, A3.6 | L4: A4.5, A4.6 Boundaries to first check A3.4/A3.5: 2 | to ATM A4.6: 3
A50: 45 | B50: A View from the Cockpit: Exploring Pilot Reactions to Attacks on Avionic Systems | C50: Smith, Strohmeier, Harman, Lenders & Martinovic (2020) | D50: Network and Distributed System Security Symposium (NDSS) | E50: To check | F50: ICORE portal not reachable 13 Oct 2026 | G50: Wireless attacker targeting TCAS, GPWS and ILS | H50: Protocol flaw: unauthenticated avionic signals | I50: Spoofed alerts and approach guidance | J50: Simulated / Proof-of-Concept | K50: Flight-simulator study with 30 A320 type-rated pilots | L50: Simulated wireless attacks on TCAS, GPWS and ILS caused crew disruption and workload in simulator trials with type-rated pilots. | M50: Smith2020Cockpit | N50: Aviation surveillance (ADS-B / MLAT) | O50: E1 | P50: Not in draft | Q50: Peer-reviewed conference | R50: =IF(LEFT(Q50,13)="Peer-reviewed","Yes","No") -> Yes | S50: =C50&". "&CHAR(34)&B50&CHAR(34)&". "&D50&"." -> Smith, Strohmeier, Harman, Lenders & Martinovic (2020). "A View from the Cockpit: Exploring Pilot Reactions to Attacks on Avionic Systems". Network and Distributed System Security Symposium (NDSS). | T50: https://ndss-symposium.org/ndss-paper/a-view-from-the-cockpit-exploring-pilot-reactions-to-attacks-on-avionic-systems | U50: Page fetched 13 Oct 2026: title matches (year from paper PDF path) | V50: Protocol design gap | W50: Spoofing / injection | X50: Spoofed TCAS/GPWS/ILS inputs to disrupt crew decision-making. | Y50: L1 · Aircraft avionics & navaid receivers (ILS, TCAS, GPWS) | Z50: L1 | AA50: L1 | AB50: =IF(OR(Z50="",AA50=""),"",IF(VALUE(MID(AA50,2,1))>VALUE(MID(Z50,2,1)),"Upward (observables)",IF(VALUE(MID(AA50,2,1))<VALUE(MID(Z50,2,1)),"Downward (config / keys / sync)","Within layer"))) -> Within layer | AC50: =IF(OR(Z50="",AA50=""),"",IF(AND(MIN(VALUE(MID(Z50,2,1)),VALUE(MID(AA50,2,1)))<=1,MAX(VALUE(MID(Z50,2,1)),VALUE(MID(AA50,2,1)))>=2),"✓","")) | AD50: =IF(OR(Z50="",AA50=""),"",IF(AND(MIN(VALUE(MID(Z50,2,1)),VALUE(MID(AA50,2,1)))<=2,MAX(VALUE(MID(Z50,2,1)),VALUE(MID(AA50,2,1)))>=3),"✓","")) | AE50: =IF(OR(Z50="",AA50=""),"",IF(AND(MIN(VALUE(MID(Z50,2,1)),VALUE(MID(AA50,2,1)))<=3,MAX(VALUE(MID(Z50,2,1)),VALUE(MID(AA50,2,1)))>=4),"✓","")) | AF50: None | AH50: =COUNTIF('CVE Register'!$P$6:$P$300,A50) -> 0 | AI50: M17 | AJ50: Human-in-the-loop impact. | AK50: Added 13 Oct 2026 | AL50: — | AM50: Not mapped (outside register: aircraft avionics) | AN50: n/a: no register asset (aircraft avionics)
A51: 46 | B51: Understanding Realistic Attacks on Airborne Collision Avoidance Systems | C51: Smith, Strohmeier, Lenders & Martinovic (2022) | D51: Journal of Transportation Security | E51: SJR 2025 Q2 | F51: SCImago: J. Transportation Security | G51: SDR attacker injecting transponder replies | H51: Protocol flaw: unauthenticated TCAS / Mode S replies | I51: False collision-avoidance advisories | J51: Simulated / Proof-of-Concept | K51: Simulation-based analysis | L51: Analysed and simulated realistic injection attacks that could trigger false TCAS advisories, and the attacker capability they require. | M51: Smith2022TCAS | N51: Aviation surveillance (ADS-B / MLAT) | O51: E1 | P51: Not in draft | Q51: Peer-reviewed journal | R51: =IF(LEFT(Q51,13)="Peer-reviewed","Yes","No") -> Yes | S51: =C51&". "&CHAR(34)&B51&CHAR(34)&". "&D51&"." -> Smith, Strohmeier, Lenders & Martinovic (2022). "Understanding Realistic Attacks on Airborne Collision Avoidance Systems". Journal of Transportation Security. | T51: https://doi.org/10.1007/s12198-021-00238-2 | U51: Search index 13 Oct 2026: page title matches, page not fetchable (Springer and RePEc records) | V51: Protocol design gap | W51: Spoofing / injection | X51: Injected transponder replies to trigger false collision-avoidance advisories. | Y51: L1 · Aircraft avionics & navaid receivers (ILS, TCAS, GPWS) | Z51: L1 | AA51: L1 | AB51: =IF(OR(Z51="",AA51=""),"",IF(VALUE(MID(AA51,2,1))>VALUE(MID(Z51,2,1)),"Upward (observables)",IF(VALUE(MID(AA51,2,1))<VALUE(MID(Z51,2,1)),"Downward (config / keys / sync)","Within layer"))) -> Within layer | AC51: =IF(OR(Z51="",AA51=""),"",IF(AND(MIN(VALUE(MID(Z51,2,1)),VALUE(MID(AA51,2,1)))<=1,MAX(VALUE(MID(Z51,2,1)),VALUE(MID(AA51,2,1)))>=2),"✓","")) | AD51: =IF(OR(Z51="",AA51=""),"",IF(AND(MIN(VALUE(MID(Z51,2,1)),VALUE(MID(AA51,2,1)))<=2,MAX(VALUE(MID(Z51,2,1)),VALUE(MID(AA51,2,1)))>=3),"✓","")) | AE51: =IF(OR(Z51="",AA51=""),"",IF(AND(MIN(VALUE(MID(Z51,2,1)),VALUE(MID(AA51,2,1)))<=3,MAX(VALUE(MID(Z51,2,1)),VALUE(MID(AA51,2,1)))>=4),"✓","")) | AF51: None | AH51: =COUNTIF('CVE Register'!$P$6:$P$300,A51) -> 0 | AI51: M17 | AK51: Added 13 Oct 2026 | AL51: — | AM51: Not mapped (outside register: aircraft avionics) | AN51: n/a: no register asset (aircraft avionics)
A52: 47 | B52: On the Requirements for Successful GPS Spoofing Attacks | C52: Tippenhauer, Pöpper, Rasmussen & Čapkun (2011) | D52: ACM CCS | E52: ICORE2026 A* | F52: ICORE: CCS | G52: Spoofer with one or more transmitters | H52: Design gap: unauthenticated civil GPS signals | I52: GPS spoofing of single and multiple receivers | J52: Simulated / Proof-of-Concept | K52: Analysis plus lab experiments (GPS signal simulator cabled to a COTS receiver) | L52: Derived the conditions for spoofing one or several receivers and showed that preserving a formation of multiple receivers is highly constrained. | M52: Tippenhauer2011GPSSpoofing | N52: GNSS | O52: E2 | P52: Not in draft; candidate for Table 1 | Q52: Peer-reviewed conference | R52: =IF(LEFT(Q52,13)="Peer-reviewed","Yes","No") -> Yes | S52: =C52&". "&CHAR(34)&B52&CHAR(34)&". "&D52&"." -> Tippenhauer, Pöpper, Rasmussen & Čapkun (2011). "On the Requirements for Successful GPS Spoofing Attacks". ACM CCS. | T52: https://www.cs.ox.ac.uk/publications/publication7160-abstract.html | U52: Page fetched 13 Oct 2026: title matches (Oxford record; no DOI shown) | V52: Protocol design gap | W52: Spoofing / injection | X52: Spoofing GPS receivers while respecting multi-receiver geometry constraints. | Y52: L1 · GNSS receiver / onboard clock | Z52: L1 | AA52: L1 | AB52: =IF(OR(Z52="",AA52=""),"",IF(VALUE(MID(AA52,2,1))>VALUE(MID(Z52,2,1)),"Upward (observables)",IF(VALUE(MID(AA52,2,1))<VALUE(MID(Z52,2,1)),"Downward (config / keys / sync)","Within layer"))) -> Within layer | AC52: =IF(OR(Z52="",AA52=""),"",IF(AND(MIN(VALUE(MID(Z52,2,1)),VALUE(MID(AA52,2,1)))<=1,MAX(VALUE(MID(Z52,2,1)),VALUE(MID(AA52,2,1)))>=2),"✓","")) | AD52: =IF(OR(Z52="",AA52=""),"",IF(AND(MIN(VALUE(MID(Z52,2,1)),VALUE(MID(AA52,2,1)))<=2,MAX(VALUE(MID(Z52,2,1)),VALUE(MID(AA52,2,1)))>=3),"✓","")) | AE52: =IF(OR(Z52="",AA52=""),"",IF(AND(MIN(VALUE(MID(Z52,2,1)),VALUE(MID(AA52,2,1)))<=3,MAX(VALUE(MID(Z52,2,1)),VALUE(MID(AA52,2,1)))>=4),"✓","")) | AF52: Direct | AH52: =COUNTIF('CVE Register'!$P$6:$P$300,A52) -> 0 | AI52: M01; M12; M18; M19 | AJ52: Basis for multi-receiver spoofing detection. | AK52: Added 13 Oct 2026 | AL52: A1.2, A1.5 | AM52: Bound threats: T1.11 | AN52: L1 > L2 > L3 > L4 (4 of 4 layers) L1: [A1.2], [A1.5], A1.4, A1.7 | L2: A2.1, A2.2, A2.4 | L3: A3.1, A3.2, A3.3, A3.4, A3.5, A3.6 | L4: A4.5, A4.6 Boundaries to first check A3.4/A3.5: 2 | to ATM A4.6: 3
A53: 48 | B53: Attacking the Network Time Protocol | C53: Malhotra, Cohen, Brakke & Goldberg (2016) | D53: Network and Distributed System Security Symposium (NDSS) | E53: To check | F53: ICORE portal not reachable 13 Oct 2026 | G53: On-path and off-path network attackers | H53: Protocol and implementation flaws in ntpd | I53: Time shifting; off-path denial of synchronisation | J53: Simulated / Proof-of-Concept | K53: Attacks on real ntpd under the authors' control; internet-wide exposure measurement | L53: Showed on- and off-path attacks that shift client time or deny synchronisation; ntpd CVEs were assigned. | M53: Malhotra2016NTP | N53: Timing | O53: E2 | P53: Not in draft; candidate for §2.5.2 | Q53: Peer-reviewed conference | R53: =IF(LEFT(Q53,13)="Peer-reviewed","Yes","No") -> Yes | S53: =C53&". "&CHAR(34)&B53&CHAR(34)&". "&D53&"." -> Malhotra, Cohen, Brakke & Goldberg (2016). "Attacking the Network Time Protocol". Network and Distributed System Security Symposium (NDSS). | T53: https://www.ndss-symposium.org/wp-content/uploads/2017/09/attacking-network-time-protocol.pdf | U53: Search index 13 Oct 2026: page title matches, page not fetchable; BU project page fetched lists CVEs | V53: Implementation flaw | W53: Timing & synchronisation attack | X53: Shifting or denying NTP time to clients from on- or off-path positions. | Y53: L2 · Time-sync network traffic (NTP / PTP) | Z53: L2 | AA53: L4 | AB53: =IF(OR(Z53="",AA53=""),"",IF(VALUE(MID(AA53,2,1))>VALUE(MID(Z53,2,1)),"Upward (observables)",IF(VALUE(MID(AA53,2,1))<VALUE(MID(Z53,2,1)),"Downward (config / keys / sync)","Within layer"))) -> Upward (observables) | AC53: =IF(OR(Z53="",AA53=""),"",IF(AND(MIN(VALUE(MID(Z53,2,1)),VALUE(MID(AA53,2,1)))<=1,MAX(VALUE(MID(Z53,2,1)),VALUE(MID(AA53,2,1)))>=2),"✓","")) | AD53: =IF(OR(Z53="",AA53=""),"",IF(AND(MIN(VALUE(MID(Z53,2,1)),VALUE(MID(AA53,2,1)))<=2,MAX(VALUE(MID(Z53,2,1)),VALUE(MID(AA53,2,1)))>=3),"✓","")) -> ✓ | AE53: =IF(OR(Z53="",AA53=""),"",IF(AND(MIN(VALUE(MID(Z53,2,1)),VALUE(MID(AA53,2,1)))<=3,MAX(VALUE(MID(Z53,2,1)),VALUE(MID(AA53,2,1)))>=4),"✓","")) -> ✓ | AF53: Direct | AG53: CVE-2015-7704; CVE-2015-7705; CVE-2015-5300; CVE-2015-8138; CVE-2016-1547 | AH53: =COUNTIF('CVE Register'!$P$6:$P$300,A53) -> 5 | AI53: M02; M23; M24 | AJ53: Ground timing distribution (L4 sync) propagates to L1 clocks. | AK53: Added 13 Oct 2026 | AL53: A2.3 | AM53: Bound threats: T2.06, T2.07 | AN53: L1 > L2 > L3 > L4 (4 of 4 layers) L1: A1.4, A1.5, A1.7 | L2: [A2.3], A2.1, A2.2, A2.4 | L3: A3.1, A3.2, A3.3, A3.4, A3.5, A3.6 | L4: A4.5, A4.6 Boundaries to first check A3.4/A3.5: 3 | to ATM A4.6: 4
A54: 49 | B54: A Security Analysis and Revised Security Extension for the Precision Time Protocol | C54: Itkin & Wool (2020) | D54: IEEE Trans. Dependable and Secure Computing (TDSC) | E54: SJR 2025 Q1 | F54: SCImago: IEEE TDSC | G54: Network attacker on PTP paths | H54: Design gaps in the PTP security extension | I54: PTP message manipulation; delay | J54: Theoretical / Unexploited | K54: Protocol analysis and revised design; no attack on a deployed system | L54: Found weaknesses in the PTP security extension and proposed a revised extension. | M54: Itkin2020PTP | N54: Timing | O54: E0 | P54: Not in draft; candidate for §2.5.2 | Q54: Peer-reviewed journal | R54: =IF(LEFT(Q54,13)="Peer-reviewed","Yes","No") -> Yes | S54: =C54&". "&CHAR(34)&B54&CHAR(34)&". "&D54&"." -> Itkin & Wool (2020). "A Security Analysis and Revised Security Extension for the Precision Time Protocol". IEEE Trans. Dependable and Secure Computing (TDSC). | T54: https://doi.org/10.1109/TDSC.2017.2748583 | U54: Page fetched 13 Oct 2026: title matches (TAU research record lists this DOI) | V54: Protocol design gap | W54: Timing & synchronisation attack | X54: Manipulating PTP exchanges to corrupt clock synchronisation. | Y54: L2 · Time-sync network traffic (NTP / PTP) | Z54: L2 | AA54: L4 | AB54: =IF(OR(Z54="",AA54=""),"",IF(VALUE(MID(AA54,2,1))>VALUE(MID(Z54,2,1)),"Upward (observables)",IF(VALUE(MID(AA54,2,1))<VALUE(MID(Z54,2,1)),"Downward (config / keys / sync)","Within layer"))) -> Upward (observables) | AC54: =IF(OR(Z54="",AA54=""),"",IF(AND(MIN(VALUE(MID(Z54,2,1)),VALUE(MID(AA54,2,1)))<=1,MAX(VALUE(MID(Z54,2,1)),VALUE(MID(AA54,2,1)))>=2),"✓","")) | AD54: =IF(OR(Z54="",AA54=""),"",IF(AND(MIN(VALUE(MID(Z54,2,1)),VALUE(MID(AA54,2,1)))<=2,MAX(VALUE(MID(Z54,2,1)),VALUE(MID(AA54,2,1)))>=3),"✓","")) -> ✓ | AE54: =IF(OR(Z54="",AA54=""),"",IF(AND(MIN(VALUE(MID(Z54,2,1)),VALUE(MID(AA54,2,1)))<=3,MAX(VALUE(MID(Z54,2,1)),VALUE(MID(AA54,2,1)))>=4),"✓","")) -> ✓ | AF54: Direct | AG54: CVE-2021-3570; CVE-2021-3571 | AH54: =COUNTIF('CVE Register'!$P$6:$P$300,A54) -> 2 | AI54: M03; M23; M24 | AJ54: CVEs are related implementation flaws (linuxptp), not from this paper. | AK54: Added 13 Oct 2026 | AL54: A2.3 | AM54: Bound threats: T2.06, T2.07 | AN54: L1 > L2 > L3 > L4 (4 of 4 layers) L1: A1.4, A1.5, A1.7 | L2: [A2.3], A2.1, A2.2, A2.4 | L3: A3.1, A3.2, A3.3, A3.4, A3.5, A3.6 | L4: A4.5, A4.6 Boundaries to first check A3.4/A3.5: 3 | to ATM A4.6: 4
A55: 50 | B55: Satellite Spoofing from A to Z: On the Requirements of Satellite Downlink Overshadowing Attacks | C55: Salkield et al. (2023) | D55: ACM WiSec | E55: ICORE2026 B | F55: ICORE: ACM_WiSec | G55: Ground-based SDR attacker overshadowing downlinks | H55: Protocol flaw: unauthenticated satellite downlinks | I55: Downlink overshadowing / spoofing | J55: Simulated / Proof-of-Concept | K55: Real-world experiments plus channel simulations | L55: Nearly all evaluated satellite systems could be overshadowed at 1 km in the worst case for about USD 2,000 or less. | M55: Salkield2023AtoZ | N55: Satellite & space | O55: E2 | P55: Not in draft; candidate for Table 3 | Q55: Peer-reviewed conference | R55: =IF(LEFT(Q55,13)="Peer-reviewed","Yes","No") -> Yes | S55: =C55&". "&CHAR(34)&B55&CHAR(34)&". "&D55&"." -> Salkield et al. (2023). "Satellite Spoofing from A to Z: On the Requirements of Satellite Downlink Overshadowing Attacks". ACM WiSec. | T55: https://doi.org/10.1145/3558482.3590190 | U55: Page fetched 13 Oct 2026: title matches (Oxford record lists this DOI) | V55: Protocol design gap | W55: Spoofing / injection | X55: Overshadowing a satellite downlink so the ground accepts attacker data. | Y55: L2 · ISLs & downlinks (observables in transit) | Z55: L2 | AA55: L3 | AB55: =IF(OR(Z55="",AA55=""),"",IF(VALUE(MID(AA55,2,1))>VALUE(MID(Z55,2,1)),"Upward (observables)",IF(VALUE(MID(AA55,2,1))<VALUE(MID(Z55,2,1)),"Downward (config / keys / sync)","Within layer"))) -> Upward (observables) | AC55: =IF(OR(Z55="",AA55=""),"",IF(AND(MIN(VALUE(MID(Z55,2,1)),VALUE(MID(AA55,2,1)))<=1,MAX(VALUE(MID(Z55,2,1)),VALUE(MID(AA55,2,1)))>=2),"✓","")) | AD55: =IF(OR(Z55="",AA55=""),"",IF(AND(MIN(VALUE(MID(Z55,2,1)),VALUE(MID(AA55,2,1)))<=2,MAX(VALUE(MID(Z55,2,1)),VALUE(MID(AA55,2,1)))>=3),"✓","")) -> ✓ | AE55: =IF(OR(Z55="",AA55=""),"",IF(AND(MIN(VALUE(MID(Z55,2,1)),VALUE(MID(AA55,2,1)))<=3,MAX(VALUE(MID(Z55,2,1)),VALUE(MID(AA55,2,1)))>=4),"✓","")) | AF55: None | AH55: =COUNTIF('CVE Register'!$P$6:$P$300,A55) -> 0 | AI55: M04; M17 | AJ55: Directly relevant to downlinked TOA/FOA observables. | AK55: Added 13 Oct 2026 | AL55: A2.1, A2.4 | AM55: Bound threats: T2.02, T2.09 | AN55: L1 > L2 > L3 > L4 (4 of 4 layers) L1: A1.7 | L2: [A2.1], [A2.4], A2.2 | L3: A3.1, A3.3, A3.4, A3.5, A3.6 | L4: A4.5, A4.6 Boundaries to first check A3.4/A3.5: 1 | to ATM A4.6: 2
A56: 51 | B56: Firefly: Spoofing Earth Observation Satellite Data through Radio Overshadowing | C56: Salkield et al. (2023) | D56: Workshop on the Security of Space and Satellite Systems (SpaceSec) | E56: Not ICORE-ranked | F56: Workshop; workshops not ranked | G56: Ground-based SDR attacker | H56: Protocol flaw: unauthenticated satellite downlinks | I56: Data spoofing via overshadowing | J56: Simulated / Proof-of-Concept | K56: Crafted data fed to a lab replica of the ground decoding pipeline; no over-the-air attack | L56: Spoofed Earth-observation data built from archived files was accepted by a lab replica of an open-source ground decoding pipeline. | M56: Salkield2023Firefly | N56: Satellite & space | O56: E1 | P56: Not in draft | Q56: Peer-reviewed workshop | R56: =IF(LEFT(Q56,13)="Peer-reviewed","Yes","No") -> Yes | S56: =C56&". "&CHAR(34)&B56&CHAR(34)&". "&D56&"." -> Salkield et al. (2023). "Firefly: Spoofing Earth Observation Satellite Data through Radio Overshadowing". Workshop on the Security of Space and Satellite Systems (SpaceSec). | T56: https://www.ndss-symposium.org/wp-content/uploads/2023/06/spacesec2023-231879-paper.pdf | U56: Page fetched 13 Oct 2026: title matches (paper PDF; DOI 10.14722/spacesec.2023.231879) | V56: Protocol design gap | W56: Spoofing / injection | X56: Spoofed downlink data accepted by ground processing. | Y56: L2 · ISLs & downlinks (observables in transit) | Z56: L2 | AA56: L3 | AB56: =IF(OR(Z56="",AA56=""),"",IF(VALUE(MID(AA56,2,1))>VALUE(MID(Z56,2,1)),"Upward (observables)",IF(VALUE(MID(AA56,2,1))<VALUE(MID(Z56,2,1)),"Downward (config / keys / sync)","Within layer"))) -> Upward (observables) | AC56: =IF(OR(Z56="",AA56=""),"",IF(AND(MIN(VALUE(MID(Z56,2,1)),VALUE(MID(AA56,2,1)))<=1,MAX(VALUE(MID(Z56,2,1)),VALUE(MID(AA56,2,1)))>=2),"✓","")) | AD56: =IF(OR(Z56="",AA56=""),"",IF(AND(MIN(VALUE(MID(Z56,2,1)),VALUE(MID(AA56,2,1)))<=2,MAX(VALUE(MID(Z56,2,1)),VALUE(MID(AA56,2,1)))>=3),"✓","")) -> ✓ | AE56: =IF(OR(Z56="",AA56=""),"",IF(AND(MIN(VALUE(MID(Z56,2,1)),VALUE(MID(AA56,2,1)))<=3,MAX(VALUE(MID(Z56,2,1)),VALUE(MID(AA56,2,1)))>=4),"✓","")) | AF56: None | AH56: =COUNTIF('CVE Register'!$P$6:$P$300,A56) -> 0 | AI56: M04; M17 | AK56: Added 13 Oct 2026 | AL56: A2.1 | AM56: Bound threats: T2.02, T2.03 | AN56: L1 > L2 > L3 > L4 (4 of 4 layers) L1: A1.7 | L2: [A2.1], A2.2, A2.4 | L3: A3.1, A3.3, A3.4, A3.5, A3.6 | L4: A4.5, A4.6 Boundaries to first check A3.4/A3.5: 1 | to ATM A4.6: 2
A57: 52 | B57: On the Security of Satellite-Based Air Traffic Control (ADS-C) | C57: Lüscher, Strohmeier & Lenders (2024) | D57: Workshop on the Security of Space and Satellite Systems (SpaceSec) | E57: Not ICORE-ranked | F57: Workshop; workshops not ranked | G57: Passive listener; active RF attacker (lab only) | H57: Protocol flaw: unauthenticated ADS-C over satellite data links | I57: Eavesdropping and tracking; fake position injection; contract manipulation | J57: Demonstrated in Real-World / Active Exploit | K57: Passive collection of over 120,000 live messages; active attacks only in lab tests | L57: Passively collected over 120,000 live ADS-C messages and showed in lab tests that downlink and uplink injection and contract manipulation are feasible. | M57: Luscher2024ADSC | N57: Aviation data links | O57: E3 | P57: Not in draft; candidate for Table 2 | Q57: Peer-reviewed workshop | R57: =IF(LEFT(Q57,13)="Peer-reviewed","Yes","No") -> Yes | S57: =C57&". "&CHAR(34)&B57&CHAR(34)&". "&D57&"." -> Lüscher, Strohmeier & Lenders (2024). "On the Security of Satellite-Based Air Traffic Control (ADS-C)". Workshop on the Security of Space and Satellite Systems (SpaceSec). | T57: https://doi.org/10.14722/spacesec.2024.23022 | U57: Page fetched 13 Oct 2026: title matches (DOI printed on paper PDF; Oxford record title matches) | V57: Protocol design gap | W57: Eavesdropping / traffic analysis | X57: Passive tracking via satellite ADS-C; injection and contract manipulation shown in the lab. | Y57: L2 · Aeronautical data links (ACARS, CPDLC, ADS-C, LDACS) | Z57: L2 | AA57: L4 | AB57: =IF(OR(Z57="",AA57=""),"",IF(VALUE(MID(AA57,2,1))>VALUE(MID(Z57,2,1)),"Upward (observables)",IF(VALUE(MID(AA57,2,1))<VALUE(MID(Z57,2,1)),"Downward (config / keys / sync)","Within layer"))) -> Upward (observables) | AC57: =IF(OR(Z57="",AA57=""),"",IF(AND(MIN(VALUE(MID(Z57,2,1)),VALUE(MID(AA57,2,1)))<=1,MAX(VALUE(MID(Z57,2,1)),VALUE(MID(AA57,2,1)))>=2),"✓","")) | AD57: =IF(OR(Z57="",AA57=""),"",IF(AND(MIN(VALUE(MID(Z57,2,1)),VALUE(MID(AA57,2,1)))<=2,MAX(VALUE(MID(Z57,2,1)),VALUE(MID(AA57,2,1)))>=3),"✓","")) -> ✓ | AE57: =IF(OR(Z57="",AA57=""),"",IF(AND(MIN(VALUE(MID(Z57,2,1)),VALUE(MID(AA57,2,1)))<=3,MAX(VALUE(MID(Z57,2,1)),VALUE(MID(AA57,2,1)))>=4),"✓","")) -> ✓ | AF57: None | AH57: =COUNTIF('CVE Register'!$P$6:$P$300,A57) -> 0 | AI57: M22 | AJ57: E3 rests on passive collection only. | AK57: Added 13 Oct 2026 | AL57: A2.4 | AM57: Bound threats: T2.09 | AN57: L1 > L2 > L3 > L4 (4 of 4 layers) L1: A1.7 | L2: [A2.4] | L3: A3.1, A3.3, A3.4, A3.5, A3.6 | L4: A4.5, A4.6 Boundaries to first check A3.4/A3.5: 1 | to ATM A4.6: 2
A58: 53 | B58: GNSS Spoofing Detection via Opportunistic IRIDIUM Signals | C58: Oligeri, Sciancalepore & Di Pietro (2020) | D58: ACM WiSec | E58: ICORE2026 B | F58: ICORE: ACM_WiSec | G58: GNSS spoofer | H58: Design gap: unauthenticated civil GNSS | I58: GNSS spoofing | J58: Simulated / Proof-of-Concept | K58: Real Iridium signal measurements; spoofing evaluated on collected data | L58: Uses received Iridium LEO signals as a GNSS-independent reference to detect GNSS spoofing. | M58: Oligeri2020Iridium | N58: GNSS | O58: E1 | P58: Not in draft; candidate for mitigation discussion | Q58: Peer-reviewed conference | R58: =IF(LEFT(Q58,13)="Peer-reviewed","Yes","No") -> Yes | S58: =C58&". "&CHAR(34)&B58&CHAR(34)&". "&D58&"." -> Oligeri, Sciancalepore & Di Pietro (2020). "GNSS Spoofing Detection via Opportunistic IRIDIUM Signals". ACM WiSec. | T58: https://doi.org/10.1145/3395351.3399350 | U58: Page fetched 13 Oct 2026: title matches (TU/e record lists this DOI) | V58: Protocol design gap | W58: Spoofing / injection | X58: GNSS spoofing detected by cross-checking against LEO signals of opportunity. | Y58: L1 · GNSS receiver / onboard clock | Z58: L1 | AA58: L1 | AB58: =IF(OR(Z58="",AA58=""),"",IF(VALUE(MID(AA58,2,1))>VALUE(MID(Z58,2,1)),"Upward (observables)",IF(VALUE(MID(AA58,2,1))<VALUE(MID(Z58,2,1)),"Downward (config / keys / sync)","Within layer"))) -> Within layer | AC58: =IF(OR(Z58="",AA58=""),"",IF(AND(MIN(VALUE(MID(Z58,2,1)),VALUE(MID(AA58,2,1)))<=1,MAX(VALUE(MID(Z58,2,1)),VALUE(MID(AA58,2,1)))>=2),"✓","")) | AD58: =IF(OR(Z58="",AA58=""),"",IF(AND(MIN(VALUE(MID(Z58,2,1)),VALUE(MID(AA58,2,1)))<=2,MAX(VALUE(MID(Z58,2,1)),VALUE(MID(AA58,2,1)))>=3),"✓","")) | AE58: =IF(OR(Z58="",AA58=""),"",IF(AND(MIN(VALUE(MID(Z58,2,1)),VALUE(MID(AA58,2,1)))<=3,MAX(VALUE(MID(Z58,2,1)),VALUE(MID(AA58,2,1)))>=4),"✓","")) | AF58: Direct | AH58: =COUNTIF('CVE Register'!$P$6:$P$300,A58) -> 0 | AI58: M19 | AJ58: LEO-based cross-check, close to PRISM-LEO's GNSS-independence goal. | AK58: Added 13 Oct 2026 | AL58: A1.2, A1.5 | AM58: Bound threats: T1.11 | AN58: L1 > L2 > L3 > L4 (4 of 4 layers) L1: [A1.2], [A1.5], A1.4, A1.7 | L2: A2.1, A2.2, A2.4 | L3: A3.1, A3.2, A3.3, A3.4, A3.5, A3.6 | L4: A4.5, A4.6 Boundaries to first check A3.4/A3.5: 2 | to ATM A4.6: 3
A59: 54 | B59: Impacts of Global Navigation Satellite System Jamming on Aviation | C59: Felux, Fol, Figuet, Waltert & Olive (2024) | D59: NAVIGATION: Journal of the Institute of Navigation (ION) | E59: SJR 2025 Q1 | F59: SCImago: NAVIGATION (checked 13 Oct 2026) | G59: State-level GNSS jammers | H59: Low-power, unauthenticated GNSS signals | I59: GNSS jamming | J59: Demonstrated in Real-World / Active Exploit | K59: Crowdsourced ADS-B data from live flights, Feb-Dec 2022 | L59: Quantified GNSS jamming in three European regions (over 70% of flights affected at peak near Cyprus) and its ADS-B outage effects on flights. | M59: Felux2024Jamming | N59: GNSS | O59: E3 | P59: Not in draft; peer-reviewed in-the-wild evidence for Table 1 | Q59: Peer-reviewed journal | R59: =IF(LEFT(Q59,13)="Peer-reviewed","Yes","No") -> Yes | S59: =C59&". "&CHAR(34)&B59&CHAR(34)&". "&D59&"." -> Felux, Fol, Figuet, Waltert & Olive (2024). "Impacts of Global Navigation Satellite System Jamming on Aviation". NAVIGATION: Journal of the Institute of Navigation (ION). | T59: https://doi.org/10.33012/navi.657 | U59: Page fetched 13 Oct 2026: title matches (navi.ion.org article page) | V59: Physical-layer susceptibility | W59: Jamming / denial of service | X59: Wide-area GNSS jamming degrading aircraft navigation and ADS-B surveillance. | Y59: L1 · GNSS receiver / onboard clock | Z59: L1 | AA59: L4 | AB59: =IF(OR(Z59="",AA59=""),"",IF(VALUE(MID(AA59,2,1))>VALUE(MID(Z59,2,1)),"Upward (observables)",IF(VALUE(MID(AA59,2,1))<VALUE(MID(Z59,2,1)),"Downward (config / keys / sync)","Within layer"))) -> Upward (observables) | AC59: =IF(OR(Z59="",AA59=""),"",IF(AND(MIN(VALUE(MID(Z59,2,1)),VALUE(MID(AA59,2,1)))<=1,MAX(VALUE(MID(Z59,2,1)),VALUE(MID(AA59,2,1)))>=2),"✓","")) -> ✓ | AD59: =IF(OR(Z59="",AA59=""),"",IF(AND(MIN(VALUE(MID(Z59,2,1)),VALUE(MID(AA59,2,1)))<=2,MAX(VALUE(MID(Z59,2,1)),VALUE(MID(AA59,2,1)))>=3),"✓","")) -> ✓ | AE59: =IF(OR(Z59="",AA59=""),"",IF(AND(MIN(VALUE(MID(Z59,2,1)),VALUE(MID(AA59,2,1)))<=3,MAX(VALUE(MID(Z59,2,1)),VALUE(MID(AA59,2,1)))>=4),"✓","")) -> ✓ | AF59: Direct | AH59: =COUNTIF('CVE Register'!$P$6:$P$300,A59) -> 0 | AI59: M14; M18; M23 | AJ59: Peer-reviewed operational evidence. | AK59: Added 13 Oct 2026 | AL59: A1.2, A1.5 | AM59: Bound threats: T1.10 | AN59: L1 > L2 > L3 > L4 (4 of 4 layers) L1: [A1.2], [A1.5], A1.4, A1.7 | L2: A2.1, A2.2, A2.4 | L3: A3.1, A3.2, A3.3, A3.4, A3.5, A3.6 | L4: A4.5, A4.6 Boundaries to first check A3.4/A3.5: 2 | to ATM A4.6: 3
A60: 55 | B60: Navigating Turbulence: Understanding New GNSS Risks in Conflict Zones | C60: Felux, Lenders, Strohmeier, Figuet & Monstein (2025) | D60: Int. Conf. on Cyber Conflict (CyCon), NATO CCDCOE | E60: To check | F60: Not yet checked against ICORE | G60: State-level jammers and spoofers | H60: Design gap: unauthenticated civil GNSS | I60: GNSS jamming and spoofing | J60: Demonstrated in Real-World / Active Exploit | K60: Crowdsourced OpenSky ADS-B data, 2024 | L60: Mapped 2024 GNSS jamming and spoofing hotspots from ADS-B; affected flights peaked near 1,500 per day before falling to about 500 by late 2024. | M60: Felux2025CyCon | N60: GNSS | O60: E3 | P60: Not in draft; peer-reviewed in-the-wild evidence for Table 1 | Q60: Peer-reviewed conference | R60: =IF(LEFT(Q60,13)="Peer-reviewed","Yes","No") -> Yes | S60: =C60&". "&CHAR(34)&B60&CHAR(34)&". "&D60&"." -> Felux, Lenders, Strohmeier, Figuet & Monstein (2025). "Navigating Turbulence: Understanding New GNSS Risks in Conflict Zones". Int. Conf. on Cyber Conflict (CyCon), NATO CCDCOE. | T60: https://www.lenders.ch/publications/conferences/cycon25_2.pdf | U60: Page fetched 13 Oct 2026: title matches (author-hosted paper PDF) | V60: Protocol design gap | W60: Spoofing / injection | X60: GNSS spoofing and jamming of aircraft observed in conflict-zone airspace. | Y60: L1 · GNSS receiver / onboard clock | Z60: L1 | AA60: L4 | AB60: =IF(OR(Z60="",AA60=""),"",IF(VALUE(MID(AA60,2,1))>VALUE(MID(Z60,2,1)),"Upward (observables)",IF(VALUE(MID(AA60,2,1))<VALUE(MID(Z60,2,1)),"Downward (config / keys / sync)","Within layer"))) -> Upward (observables) | AC60: =IF(OR(Z60="",AA60=""),"",IF(AND(MIN(VALUE(MID(Z60,2,1)),VALUE(MID(AA60,2,1)))<=1,MAX(VALUE(MID(Z60,2,1)),VALUE(MID(AA60,2,1)))>=2),"✓","")) -> ✓ | AD60: =IF(OR(Z60="",AA60=""),"",IF(AND(MIN(VALUE(MID(Z60,2,1)),VALUE(MID(AA60,2,1)))<=2,MAX(VALUE(MID(Z60,2,1)),VALUE(MID(AA60,2,1)))>=3),"✓","")) -> ✓ | AE60: =IF(OR(Z60="",AA60=""),"",IF(AND(MIN(VALUE(MID(Z60,2,1)),VALUE(MID(AA60,2,1)))<=3,MAX(VALUE(MID(Z60,2,1)),VALUE(MID(AA60,2,1)))>=4),"✓","")) -> ✓ | AF60: Direct | AH60: =COUNTIF('CVE Register'!$P$6:$P$300,A60) -> 0 | AI60: M14; M18 | AJ60: Peer-reviewed operational evidence. | AK60: Added 13 Oct 2026 | AL60: A1.2, A1.5 | AM60: Group default (not bound to a catalogue threat) | AN60: L1 > L2 > L3 > L4 (4 of 4 layers) L1: [A1.2], [A1.5], A1.4, A1.7 | L2: A2.1, A2.2, A2.4 | L3: A3.1, A3.2, A3.3, A3.4, A3.5, A3.6 | L4: A4.5, A4.6 Boundaries to first check A3.4/A3.5: 2 | to ATM A4.6: 3
A61: 56 | B61: Global Incidents of Aviation Spoofing in 2024-2025 Detected with Automatic Dependent Surveillance Broadcast | C61: Lo, Liu, Ibrahim, Chen, Akos & Walter (2026) | D61: ION ITM 2026 per author-hosted file name (ION record not confirmed) | E61: To check | F61: Venue not confirmed | G61: State-level GNSS spoofers | H61: Design gap: unauthenticated civil GNSS | I61: GNSS spoofing of aircraft | J61: Demonstrated in Real-World / Active Exploit | K61: Operational ADS-B data (rfi.stanford.edu), MLAT and AIS | L61: Shows GNSS spoofing of aircraft is widespread and persistent (e.g. Russia, Myanmar, India-Pakistan border), using ADS-B, MLAT and AIS. | M61: Lo2026SpoofingADSB | N61: GNSS | O61: E3 | P61: Not in draft | Q61: Preprint / unconfirmed venue | R61: =IF(LEFT(Q61,13)="Peer-reviewed","Yes","No") -> No | S61: =C61&". "&CHAR(34)&B61&CHAR(34)&". "&D61&"." -> Lo, Liu, Ibrahim, Chen, Akos & Walter (2026). "Global Incidents of Aviation Spoofing in 2024-2025 Detected with Automatic Dependent Surveillance Broadcast". ION ITM 2026 per author-hosted file name (ION record not confirmed). | T61: https://web.stanford.edu/group/scpnt/gpslab/pubs/papers/Lo_ION_ITM_2026_Observations_of_Spoofing.pdf | U61: Page fetched 13 Oct 2026: title matches (author-hosted PDF) | V61: Protocol design gap | W61: Spoofing / injection | X61: GNSS spoofing of aircraft detected globally from ADS-B and MLAT data. | Y61: L1 · GNSS receiver / onboard clock | Z61: L1 | AA61: L3 | AB61: =IF(OR(Z61="",AA61=""),"",IF(VALUE(MID(AA61,2,1))>VALUE(MID(Z61,2,1)),"Upward (observables)",IF(VALUE(MID(AA61,2,1))<VALUE(MID(Z61,2,1)),"Downward (config / keys / sync)","Within layer"))) -> Upward (observables) | AC61: =IF(OR(Z61="",AA61=""),"",IF(AND(MIN(VALUE(MID(Z61,2,1)),VALUE(MID(AA61,2,1)))<=1,MAX(VALUE(MID(Z61,2,1)),VALUE(MID(AA61,2,1)))>=2),"✓","")) -> ✓ | AD61: =IF(OR(Z61="",AA61=""),"",IF(AND(MIN(VALUE(MID(Z61,2,1)),VALUE(MID(AA61,2,1)))<=2,MAX(VALUE(MID(Z61,2,1)),VALUE(MID(AA61,2,1)))>=3),"✓","")) -> ✓ | AE61: =IF(OR(Z61="",AA61=""),"",IF(AND(MIN(VALUE(MID(Z61,2,1)),VALUE(MID(AA61,2,1)))<=3,MAX(VALUE(MID(Z61,2,1)),VALUE(MID(AA61,2,1)))>=4),"✓","")) | AF61: Direct | AH61: =COUNTIF('CVE Register'!$P$6:$P$300,A61) -> 0 | AI61: M18; M15 | AJ61: Uses MLAT as an independent position check. | AK61: Added 13 Oct 2026 | AL61: A1.1 | AM61: Bound threats: T1.03 | AN61: L1 > L2 > L3 > L4 (4 of 4 layers) L1: [A1.1], A1.3, A1.4, A1.7 | L2: A2.1, A2.2, A2.4 | L3: A3.1, A3.3, A3.4, A3.5, A3.6 | L4: A4.5, A4.6 Boundaries to first check A3.4/A3.5: 2 | to ATM A4.6: 3
A62: 57 | B62: Practical Spoofing Attacks on Galileo Open Service Navigation Message Authentication | C62: Wang et al. (2025) | D62: arXiv preprint 2501.09246 (extends an ION GNSS+ 2023 paper) | E62: n/a (preprint) | F62: Preprint; not ranked | G62: Attacker able to manipulate receiver time synchronisation | H62: OSNMA relies on loose receiver time synchronisation | I62: Replay / forgery via time-synchronisation manipulation | J62: Simulated / Proof-of-Concept | K62: Over-the-air tests with a commercial receiver and SDRs in a controlled setting | L62: Showed OSNMA-enabled receivers can be spoofed when their time synchronisation is manipulated, using a commercial receiver and SDRs. | M62: Wang2025OSNMASpoof | N62: GNSS | O62: E2 | P62: Not in draft | Q62: Preprint / unconfirmed venue | R62: =IF(LEFT(Q62,13)="Peer-reviewed","Yes","No") -> No | S62: =C62&". "&CHAR(34)&B62&CHAR(34)&". "&D62&"." -> Wang et al. (2025). "Practical Spoofing Attacks on Galileo Open Service Navigation Message Authentication". arXiv preprint 2501.09246 (extends an ION GNSS+ 2023 paper). | T62: https://arxiv.org/abs/2501.09246 | U62: Page fetched 13 Oct 2026: title matches (arXiv HTML v1) | V62: Protocol design gap | W62: Timing & synchronisation attack | X62: Defeating navigation-message authentication by manipulating receiver time. | Y62: L1 · GNSS receiver / onboard clock | Z62: L1 | AA62: L1 | AB62: =IF(OR(Z62="",AA62=""),"",IF(VALUE(MID(AA62,2,1))>VALUE(MID(Z62,2,1)),"Upward (observables)",IF(VALUE(MID(AA62,2,1))<VALUE(MID(Z62,2,1)),"Downward (config / keys / sync)","Within layer"))) -> Within layer | AC62: =IF(OR(Z62="",AA62=""),"",IF(AND(MIN(VALUE(MID(Z62,2,1)),VALUE(MID(AA62,2,1)))<=1,MAX(VALUE(MID(Z62,2,1)),VALUE(MID(AA62,2,1)))>=2),"✓","")) | AD62: =IF(OR(Z62="",AA62=""),"",IF(AND(MIN(VALUE(MID(Z62,2,1)),VALUE(MID(AA62,2,1)))<=2,MAX(VALUE(MID(Z62,2,1)),VALUE(MID(AA62,2,1)))>=3),"✓","")) | AE62: =IF(OR(Z62="",AA62=""),"",IF(AND(MIN(VALUE(MID(Z62,2,1)),VALUE(MID(AA62,2,1)))<=3,MAX(VALUE(MID(Z62,2,1)),VALUE(MID(AA62,2,1)))>=4),"✓","")) | AF62: Direct | AH62: =COUNTIF('CVE Register'!$P$6:$P$300,A62) -> 0 | AI62: M01; M23 | AJ62: Known limitation of M01 (OSNMA). | AK62: Added 13 Oct 2026 | AL62: A1.2, A1.5 | AM62: Bound threats: T1.11 | AN62: L1 > L2 > L3 > L4 (4 of 4 layers) L1: [A1.2], [A1.5], A1.4, A1.7 | L2: A2.1, A2.2, A2.4 | L3: A3.1, A3.2, A3.3, A3.4, A3.5, A3.6 | L4: A4.5, A4.6 Boundaries to first check A3.4/A3.5: 2 | to ATM A4.6: 3
A63: 58 | B63: Satellite Cybersecurity Across Orbital Altitudes: Analyzing Ground-Based Threats to LEO, MEO, and GEO | C63: Ballard, Song & Zhu (2025) | D63: arXiv preprint 2512.21367 | E63: n/a (preprint) | F63: Preprint; not ranked | G63: Ground-based attackers | H63: Multiple, across orbital regimes | I63: Multiple | J63: Theoretical / Unexploited | K63: Analysis of 60 documented incidents; no attack executed | L63: Compares cyber threats across LEO, MEO and GEO using 60 documented incidents and vulnerability indicators such as TT&C anomalies and weak encryption. | M63: BallardSong2025Orbital | N63: Satellite & space | O63: E0 | P63: Table 3, [60] (Paper Alignment) | Q63: Preprint / unconfirmed venue | R63: =IF(LEFT(Q63,13)="Peer-reviewed","Yes","No") -> No | S63: =C63&". "&CHAR(34)&B63&CHAR(34)&". "&D63&"." -> Ballard, Song & Zhu (2025). "Satellite Cybersecurity Across Orbital Altitudes: Analyzing Ground-Based Threats to LEO, MEO, and GEO". arXiv preprint 2512.21367. | T63: https://arxiv.org/abs/2512.21367 | U63: Page fetched 13 Oct 2026: title matches | V63: Multiple (survey / SoK) | W63: Multiple (survey / SoK) | X63: Incident-based comparison of ground-originated threats across orbits. | Y63: Multiple assets (survey / SoK) | Z63: L1 | AA63: L2 | AB63: =IF(OR(Z63="",AA63=""),"",IF(VALUE(MID(AA63,2,1))>VALUE(MID(Z63,2,1)),"Upward (observables)",IF(VALUE(MID(AA63,2,1))<VALUE(MID(Z63,2,1)),"Downward (config / keys / sync)","Within layer"))) -> Upward (observables) | AC63: =IF(OR(Z63="",AA63=""),"",IF(AND(MIN(VALUE(MID(Z63,2,1)),VALUE(MID(AA63,2,1)))<=1,MAX(VALUE(MID(Z63,2,1)),VALUE(MID(AA63,2,1)))>=2),"✓","")) -> ✓ | AD63: =IF(OR(Z63="",AA63=""),"",IF(AND(MIN(VALUE(MID(Z63,2,1)),VALUE(MID(AA63,2,1)))<=2,MAX(VALUE(MID(Z63,2,1)),VALUE(MID(AA63,2,1)))>=3),"✓","")) | AE63: =IF(OR(Z63="",AA63=""),"",IF(AND(MIN(VALUE(MID(Z63,2,1)),VALUE(MID(AA63,2,1)))<=3,MAX(VALUE(MID(Z63,2,1)),VALUE(MID(AA63,2,1)))>=4),"✓","")) | AF63: None | AH63: =COUNTIF('CVE Register'!$P$6:$P$300,A63) -> 0 | AI63: M25 | AJ63: Was on Excluded Entries (not peer-reviewed). | AK63: Added 13 Oct 2026 | AL63: — | AM63: Not mapped (survey / SoK spans many assets) | AN63: n/a: survey or SoK, no single entry asset
A64: 59 | B64: Ghost in the Air(Traffic): On Insecurity of ADS-B Protocol and Practical Attacks on ADS-B Devices | C64: Costin & Francillon (2012) | D64: Black Hat USA 2012 (talk + white paper) | E64: n/a (not peer-reviewed) | F64: Conference talk; not ranked | G64: Low-cost SDR attacker | H64: Protocol flaw: unauthenticated ADS-B broadcast | I64: Ghost injection; eavesdropping | J64: Simulated / Proof-of-Concept | K64: Attacks on COTS ADS-B devices in a controlled setting | L64: Showed practical ghost-aircraft injection against commercial ADS-B receivers with commodity SDR. | M64: Costin2012ADSB | N64: Aviation surveillance (ADS-B / MLAT) | O64: E2 | P64: Table 1, [5] (Paper Alignment) | Q64: Conference talk / event (non-peer-reviewed) | R64: =IF(LEFT(Q64,13)="Peer-reviewed","Yes","No") -> No | S64: =C64&". "&CHAR(34)&B64&CHAR(34)&". "&D64&"." -> Costin & Francillon (2012). "Ghost in the Air(Traffic): On Insecurity of ADS-B Protocol and Practical Attacks on ADS-B Devices". Black Hat USA 2012 (talk + white paper). | T64: https://www.eurecom.fr/publication/3788 | U64: Search index 13 Oct 2026: page title matches, page not fetchable (EURECOM record) | V64: Protocol design gap | W64: Spoofing / injection | X64: Ghost-aircraft injection into COTS ADS-B receivers using commodity SDR. | Y64: L1 · Transponder signals & satellite receivers (ADS-B / Mode S) | Z64: L1 | AA64: L1 | AB64: =IF(OR(Z64="",AA64=""),"",IF(VALUE(MID(AA64,2,1))>VALUE(MID(Z64,2,1)),"Upward (observables)",IF(VALUE(MID(AA64,2,1))<VALUE(MID(Z64,2,1)),"Downward (config / keys / sync)","Within layer"))) -> Within layer | AC64: =IF(OR(Z64="",AA64=""),"",IF(AND(MIN(VALUE(MID(Z64,2,1)),VALUE(MID(AA64,2,1)))<=1,MAX(VALUE(MID(Z64,2,1)),VALUE(MID(AA64,2,1)))>=2),"✓","")) | AD64: =IF(OR(Z64="",AA64=""),"",IF(AND(MIN(VALUE(MID(Z64,2,1)),VALUE(MID(AA64,2,1)))<=2,MAX(VALUE(MID(Z64,2,1)),VALUE(MID(AA64,2,1)))>=3),"✓","")) | AE64: =IF(OR(Z64="",AA64=""),"",IF(AND(MIN(VALUE(MID(Z64,2,1)),VALUE(MID(AA64,2,1)))<=3,MAX(VALUE(MID(Z64,2,1)),VALUE(MID(AA64,2,1)))>=4),"✓","")) | AF64: None | AH64: =COUNTIF('CVE Register'!$P$6:$P$300,A64) -> 0 | AI64: M15; M17; M21 | AJ64: Was on Excluded Entries (not peer-reviewed). | AK64: Added 13 Oct 2026 | AL64: A1.1 | AM64: Bound threats: T1.01, T1.02 | AN64: L1 > L2 > L3 > L4 (4 of 4 layers) L1: [A1.1], A1.3, A1.4, A1.7 | L2: A2.1, A2.2, A2.4 | L3: A3.1, A3.3, A3.4, A3.5, A3.6 | L4: A4.5, A4.6 Boundaries to first check A3.4/A3.5: 2 | to ATM A4.6: 3
A65: 60 | B65: Aircraft Hacking: Practical Aero Series | C65: Teso (2013) | D65: HITBSecConf 2013 Amsterdam (talk) | E65: n/a (not peer-reviewed) | F65: Conference talk; not ranked | G65: Remote attacker with data-link access | H65: Unauthenticated data link; on-board software flaws (claimed) | I65: Data-link-borne exploitation of on-board systems | J65: Simulated / Proof-of-Concept | K65: Lab setup attacking virtual (simulated) aircraft systems; not shown on certified avionics | L65: Claimed data-link-delivered exploitation of on-board flight-management software, demonstrated only against simulated aircraft systems in a lab. | M65: Teso2013AeroHacking | N65: Aviation data links | O65: E1 | P65: Not in draft | Q65: Conference talk / event (non-peer-reviewed) | R65: =IF(LEFT(Q65,13)="Peer-reviewed","Yes","No") -> No | S65: =C65&". "&CHAR(34)&B65&CHAR(34)&". "&D65&"." -> Teso (2013). "Aircraft Hacking: Practical Aero Series". HITBSecConf 2013 Amsterdam (talk). | T65: https://archive.conference.hitb.org/hitbsecconf2013ams/index.html_p=2991.html | U65: Page fetched 13 Oct 2026: title matches (HITB archive talk page) | V65: Implementation flaw | W65: Software exploitation / takeover | X65: Exploiting on-board software through an unauthenticated data link (simulated systems only). | Y65: L2 · Aeronautical data links (ACARS, CPDLC, ADS-C, LDACS) | Z65: L2 | AA65: L1 | AB65: =IF(OR(Z65="",AA65=""),"",IF(VALUE(MID(AA65,2,1))>VALUE(MID(Z65,2,1)),"Upward (observables)",IF(VALUE(MID(AA65,2,1))<VALUE(MID(Z65,2,1)),"Downward (config / keys / sync)","Within layer"))) -> Downward (config / keys / sync) | AC65: =IF(OR(Z65="",AA65=""),"",IF(AND(MIN(VALUE(MID(Z65,2,1)),VALUE(MID(AA65,2,1)))<=1,MAX(VALUE(MID(Z65,2,1)),VALUE(MID(AA65,2,1)))>=2),"✓","")) -> ✓ | AD65: =IF(OR(Z65="",AA65=""),"",IF(AND(MIN(VALUE(MID(Z65,2,1)),VALUE(MID(AA65,2,1)))<=2,MAX(VALUE(MID(Z65,2,1)),VALUE(MID(AA65,2,1)))>=3),"✓","")) | AE65: =IF(OR(Z65="",AA65=""),"",IF(AND(MIN(VALUE(MID(Z65,2,1)),VALUE(MID(AA65,2,1)))<=3,MAX(VALUE(MID(Z65,2,1)),VALUE(MID(AA65,2,1)))>=4),"✓","")) | AF65: None | AH65: =COUNTIF('CVE Register'!$P$6:$P$300,A65) -> 0 | AI65: M22; M06 | AJ65: Contested applicability to certified avionics. | AK65: Added 13 Oct 2026 | AL65: A1.6, A2.5 | AM65: Bound threats: T1.12, T2.11 | AN65: L1 > L2 > L3 > L4 (4 of 4 layers) L1: [A1.6], A1.4†, A1.5†, A1.7† | L2: [A2.5], A2.1†, A2.2†, A2.4† | L3: A3.1†, A3.2†, A3.3†, A3.4†, A3.5†, A3.6† | L4: A4.5†, A4.6† Boundaries to first check A3.4/A3.5: 2 | to ATM A4.6: 3
A66: 61 | B66: SATCOM Terminals: Hacking by Air, Sea, and Land | C66: Santamarta (2014) | D66: Black Hat USA 2014 (talk + white paper) | E66: n/a (not peer-reviewed) | F66: Conference talk; not ranked | G66: Attacker with network, serial or RF access to terminals | H66: Software bugs: hard-coded credentials, backdoors, weak algorithms | I66: Terminal compromise; privilege escalation | J66: Simulated / Proof-of-Concept | K66: Firmware reverse engineering of commercial terminals; issues coordinated via CERT/CC (VU#882207, VU#269991) | L66: Found backdoors, hard-coded credentials and weak algorithms in aviation and maritime SATCOM terminal firmware. | M66: Santamarta2014SATCOM | N66: Aviation data links | O66: E1 | P66: Not in draft | Q66: Conference talk / event (non-peer-reviewed) | R66: =IF(LEFT(Q66,13)="Peer-reviewed","Yes","No") -> No | S66: =C66&". "&CHAR(34)&B66&CHAR(34)&". "&D66&"." -> Santamarta (2014). "SATCOM Terminals: Hacking by Air, Sea, and Land". Black Hat USA 2014 (talk + white paper). | T66: https://www.blackhat.com/docs/us-14/materials/us-14-Santamarta-SATCOM-Terminals-Hacking-By-Air-Sea-And-Land-WP.pdf | U66: Search index 13 Oct 2026: page title matches, page not fetchable (Black Hat white paper) | V66: Implementation flaw | W66: Configuration, key & access abuse | X66: Abuse of hard-coded credentials and weak PIN algorithms in SATCOM terminals. | Y66: L1 · SATCOM user terminal | Z66: L1 | AA66: L2 | AB66: =IF(OR(Z66="",AA66=""),"",IF(VALUE(MID(AA66,2,1))>VALUE(MID(Z66,2,1)),"Upward (observables)",IF(VALUE(MID(AA66,2,1))<VALUE(MID(Z66,2,1)),"Downward (config / keys / sync)","Within layer"))) -> Upward (observables) | AC66: =IF(OR(Z66="",AA66=""),"",IF(AND(MIN(VALUE(MID(Z66,2,1)),VALUE(MID(AA66,2,1)))<=1,MAX(VALUE(MID(Z66,2,1)),VALUE(MID(AA66,2,1)))>=2),"✓","")) -> ✓ | AD66: =IF(OR(Z66="",AA66=""),"",IF(AND(MIN(VALUE(MID(Z66,2,1)),VALUE(MID(AA66,2,1)))<=2,MAX(VALUE(MID(Z66,2,1)),VALUE(MID(AA66,2,1)))>=3),"✓","")) | AE66: =IF(OR(Z66="",AA66=""),"",IF(AND(MIN(VALUE(MID(Z66,2,1)),VALUE(MID(AA66,2,1)))<=3,MAX(VALUE(MID(Z66,2,1)),VALUE(MID(AA66,2,1)))>=4),"✓","")) | AF66: None | AG66: CVE-2014-2941; CVE-2014-2942; CVE-2014-2964 | AH66: =COUNTIF('CVE Register'!$P$6:$P$300,A66) -> 3 | AI66: M06; M24 | AJ66: CVE-2014-2941 is disputed by the vendor. | AK66: Added 13 Oct 2026 | AL66: A1.7, A2.4, A4.3 | AM66: Bound threats: T1.15, T2.12, T4.04 | AN66: L1 > L2 > L3 > L4 (4 of 4 layers) L1: [A1.7] | L2: [A2.4] | L3: A3.1, A3.3, A3.4, A3.5, A3.6 | L4: A4.5, A4.6 Boundaries to first check A3.4/A3.5: 1 | to ATM A4.6: 2
A67: 62 | B67: Last Call for SATCOM Security | C67: Santamarta (2018) | D67: Black Hat USA 2018 (talk + white paper) | E67: n/a (not peer-reviewed) | F67: Conference talk; not ranked | G67: Remote internet attacker | H67: Software bugs and insecure configuration in in-service SATCOM terminals | I67: Remote terminal compromise; exposure of in-flight terminals | J67: Demonstrated in Real-World / Active Exploit | K67: Internet-exposed in-service terminals identified on live systems (coded E3 on Paper Alignment) | L67: Reported that SATCOM terminals on in-service aircraft, vessels and military sites were remotely reachable and exploitable. | M67: Santamarta2018SATCOM | N67: Aviation data links | O67: E3 | P67: Table 2, [49] (Paper Alignment) | Q67: Conference talk / event (non-peer-reviewed) | R67: =IF(LEFT(Q67,13)="Peer-reviewed","Yes","No") -> No | S67: =C67&". "&CHAR(34)&B67&CHAR(34)&". "&D67&"." -> Santamarta (2018). "Last Call for SATCOM Security". Black Hat USA 2018 (talk + white paper). | T67: https://i.blackhat.com/us-18/Thu-August-9/us-18-Santamarta-Last-Call-For-Satcom-Security.pdf | U67: Search index 13 Oct 2026: page title matches, page not fetchable (Black Hat slides) | V67: Configuration / access-control weakness | W67: Software exploitation / takeover | X67: Remote compromise of internet-exposed in-service SATCOM terminals. | Y67: L1 · SATCOM user terminal | Z67: L1 | AA67: L2 | AB67: =IF(OR(Z67="",AA67=""),"",IF(VALUE(MID(AA67,2,1))>VALUE(MID(Z67,2,1)),"Upward (observables)",IF(VALUE(MID(AA67,2,1))<VALUE(MID(Z67,2,1)),"Downward (config / keys / sync)","Within layer"))) -> Upward (observables) | AC67: =IF(OR(Z67="",AA67=""),"",IF(AND(MIN(VALUE(MID(Z67,2,1)),VALUE(MID(AA67,2,1)))<=1,MAX(VALUE(MID(Z67,2,1)),VALUE(MID(AA67,2,1)))>=2),"✓","")) -> ✓ | AD67: =IF(OR(Z67="",AA67=""),"",IF(AND(MIN(VALUE(MID(Z67,2,1)),VALUE(MID(AA67,2,1)))<=2,MAX(VALUE(MID(Z67,2,1)),VALUE(MID(AA67,2,1)))>=3),"✓","")) | AE67: =IF(OR(Z67="",AA67=""),"",IF(AND(MIN(VALUE(MID(Z67,2,1)),VALUE(MID(AA67,2,1)))<=3,MAX(VALUE(MID(Z67,2,1)),VALUE(MID(AA67,2,1)))>=4),"✓","")) | AF67: None | AH67: =COUNTIF('CVE Register'!$P$6:$P$300,A67) -> 0 | AI67: M13; M24; M06 | AJ67: Was on Excluded Entries (not peer-reviewed). | AK67: Added 13 Oct 2026 | AL67: A1.7 | AM67: Bound threats: T1.15 | AN67: L1 > L3 > L4 (3 of 4 layers) L1: [A1.7] | L3: A3.1, A3.3, A3.4, A3.5, A3.6 | L4: A4.5, A4.6 Boundaries to first check A3.4/A3.5: 2 | to ATM A4.6: 3
A68: 63 | B68: Whispers Among the Stars: Perpetrating (and Preventing) Satellite Eavesdropping Attacks | C68: Pavur (2020) | D68: Black Hat USA 2020 (talk) | E68: n/a (not peer-reviewed) | F68: Conference talk; not ranked | G68: Passive eavesdropper with consumer satellite-TV equipment | H68: Unencrypted satellite broadband links | I68: Eavesdropping | J68: Demonstrated in Real-World / Active Exploit | K68: Passive interception of live third-party satellite broadband traffic, incl. in-flight connectivity | L68: Showed that a few hundred dollars of equipment can passively intercept live satellite broadband traffic, including aviation in-flight connectivity. | M68: Pavur2020Whispers | N68: Satellite & space | O68: E3 | P68: Not in draft; companion to Table 2, [50] | Q68: Conference talk / event (non-peer-reviewed) | R68: =IF(LEFT(Q68,13)="Peer-reviewed","Yes","No") -> No | S68: =C68&". "&CHAR(34)&B68&CHAR(34)&". "&D68&"." -> Pavur (2020). "Whispers Among the Stars: Perpetrating (and Preventing) Satellite Eavesdropping Attacks". Black Hat USA 2020 (talk). | T68: https://i.blackhat.com/USA-20/Wednesday/us-20-Pavur-Whispers-Among-The-Stars-Perpetrating-And-Preventing-Satellite-Eavesdropping-Attacks.pdf | U68: Search index 13 Oct 2026: page title matches, page not fetchable (Black Hat slides) | V68: Protocol design gap | W68: Eavesdropping / traffic analysis | X68: Passive interception of unencrypted satellite broadband downlinks. | Y68: L2 · SATCOM broadband links | Z68: L2 | AA68: L2 | AB68: =IF(OR(Z68="",AA68=""),"",IF(VALUE(MID(AA68,2,1))>VALUE(MID(Z68,2,1)),"Upward (observables)",IF(VALUE(MID(AA68,2,1))<VALUE(MID(Z68,2,1)),"Downward (config / keys / sync)","Within layer"))) -> Within layer | AC68: =IF(OR(Z68="",AA68=""),"",IF(AND(MIN(VALUE(MID(Z68,2,1)),VALUE(MID(AA68,2,1)))<=1,MAX(VALUE(MID(Z68,2,1)),VALUE(MID(AA68,2,1)))>=2),"✓","")) | AD68: =IF(OR(Z68="",AA68=""),"",IF(AND(MIN(VALUE(MID(Z68,2,1)),VALUE(MID(AA68,2,1)))<=2,MAX(VALUE(MID(Z68,2,1)),VALUE(MID(AA68,2,1)))>=3),"✓","")) | AE68: =IF(OR(Z68="",AA68=""),"",IF(AND(MIN(VALUE(MID(Z68,2,1)),VALUE(MID(AA68,2,1)))<=3,MAX(VALUE(MID(Z68,2,1)),VALUE(MID(AA68,2,1)))>=4),"✓","")) | AF68: None | AH68: =COUNTIF('CVE Register'!$P$6:$P$300,A68) -> 0 | AI68: M13 | AK68: Added 13 Oct 2026 | AL68: A2.4 | AM68: Bound threats: T2.08 | AN68: Contained: disclosure only, no downstream state change. Exposure at L2: [A2.4]
A69: 64 | B69: Glitched on Earth by Humans: A Black-Box Security Evaluation of the SpaceX Starlink User Terminal | C69: Wouters (2022) | D69: Black Hat USA 2022 (talk) | E69: n/a (not peer-reviewed) | F69: Conference talk; not ranked | G69: Attacker with physical access to a user terminal | H69: Hardware fault-injection susceptibility in secure boot | I69: Fault injection; terminal takeover | J69: Simulated / Proof-of-Concept | K69: Attack on the researcher's own Starlink terminal (real hardware) | L69: Voltage fault injection on a real Starlink user terminal bypassed secure boot and gave root access on the researcher's own device. | M69: Wouters2022Starlink | N69: Satellite & space | O69: E2 | P69: Table 3, [53] (Paper Alignment) | Q69: Conference talk / event (non-peer-reviewed) | R69: =IF(LEFT(Q69,13)="Peer-reviewed","Yes","No") -> No | S69: =C69&". "&CHAR(34)&B69&CHAR(34)&". "&D69&"." -> Wouters (2022). "Glitched on Earth by Humans: A Black-Box Security Evaluation of the SpaceX Starlink User Terminal". Black Hat USA 2022 (talk). | T69: https://infocondb.org/con/black-hat/black-hat-usa-2022/glitched-on-earth-by-humans-a-black-box-security-evaluation-of-the-spacex-starlink-user-terminal | U69: Search index 13 Oct 2026: page title matches, page not fetchable (InfoconDB talk record; official Black Hat page not located) | V69: Implementation flaw | W69: Software exploitation / takeover | X69: Fault injection on a user terminal to bypass secure boot. | Y69: L1 · SATCOM user terminal | Z69: L1 | AA69: L1 | AB69: =IF(OR(Z69="",AA69=""),"",IF(VALUE(MID(AA69,2,1))>VALUE(MID(Z69,2,1)),"Upward (observables)",IF(VALUE(MID(AA69,2,1))<VALUE(MID(Z69,2,1)),"Downward (config / keys / sync)","Within layer"))) -> Within layer | AC69: =IF(OR(Z69="",AA69=""),"",IF(AND(MIN(VALUE(MID(Z69,2,1)),VALUE(MID(AA69,2,1)))<=1,MAX(VALUE(MID(Z69,2,1)),VALUE(MID(AA69,2,1)))>=2),"✓","")) | AD69: =IF(OR(Z69="",AA69=""),"",IF(AND(MIN(VALUE(MID(Z69,2,1)),VALUE(MID(AA69,2,1)))<=2,MAX(VALUE(MID(Z69,2,1)),VALUE(MID(AA69,2,1)))>=3),"✓","")) | AE69: =IF(OR(Z69="",AA69=""),"",IF(AND(MIN(VALUE(MID(Z69,2,1)),VALUE(MID(AA69,2,1)))<=3,MAX(VALUE(MID(Z69,2,1)),VALUE(MID(AA69,2,1)))>=4),"✓","")) | AF69: None | AH69: =COUNTIF('CVE Register'!$P$6:$P$300,A69) -> 0 | AI69: M24 | AJ69: Was on Excluded Entries (not peer-reviewed). | AK69: Added 13 Oct 2026 | AL69: A1.6 | AM69: Bound threats: T1.14 | AN69: L1 > L2 > L3 > L4 (4 of 4 layers) L1: [A1.6], A1.4†, A1.5†, A1.7† | L2: A2.1†, A2.2†, A2.4† | L3: A3.1†, A3.2†, A3.3†, A3.4†, A3.5†, A3.6† | L4: A4.5†, A4.6† Boundaries to first check A3.4/A3.5: 2 | to ATM A4.6: 3
A70: 65 | B70: Burning, Trashing, Spacecraft Crashing: A Collection of Vulnerabilities that will End your Space Mission | C70: Olchawa, Starcik, Fradique & Boulaich (2025) | D70: Black Hat USA 2025 (talk) | E70: n/a (not peer-reviewed) | F70: Conference talk; not ranked | G70: Network attacker reaching ground-segment or flight-software interfaces | H70: Software bugs in open-source mission control, flight software and an SDLS library | I70: RCE, path traversal, XSS, memory corruption, DoS | J70: Simulated / Proof-of-Concept | K70: Testing of real open-source space software in the researchers' lab; coordinated disclosure with CVEs | L70: Lists 45 CVEs across Yamcs, OpenC3 COSMOS, NASA Open MCT, cFS, CryptoLib, F Prime and AIT-Core, including remote code execution on ground C2 and flight software. | M70: Olchawa2025SpacecraftCrashing | N70: Satellite & space | O70: E2 | P70: Not in draft; first L4 (governance) attack evidence in the set | Q70: Conference talk / event (non-peer-reviewed) | R70: =IF(LEFT(Q70,13)="Peer-reviewed","Yes","No") -> No | S70: =C70&". "&CHAR(34)&B70&CHAR(34)&". "&D70&"." -> Olchawa, Starcik, Fradique & Boulaich (2025). "Burning, Trashing, Spacecraft Crashing: A Collection of Vulnerabilities that will End your Space Mission". Black Hat USA 2025 (talk). | T70: https://i.blackhat.com/BH-USA-25/Presentations/USA-25-OlchawaStarcik-Burning-Trashing-Spacecraft-Crashing.pdf | U70: Page fetched 13 Oct 2026: title matches (slides; CVE list read from 'Public Disclosures') | V70: Implementation flaw | W70: Software exploitation / takeover | X70: Exploiting mission-control, flight-software and SDLS-library bugs to disrupt or seize a mission. | Y70: L4 · Ground segment C2, mission control & keys | Z70: L4 | AA70: L1 | AB70: =IF(OR(Z70="",AA70=""),"",IF(VALUE(MID(AA70,2,1))>VALUE(MID(Z70,2,1)),"Upward (observables)",IF(VALUE(MID(AA70,2,1))<VALUE(MID(Z70,2,1)),"Downward (config / keys / sync)","Within layer"))) -> Downward (config / keys / sync) | AC70: =IF(OR(Z70="",AA70=""),"",IF(AND(MIN(VALUE(MID(Z70,2,1)),VALUE(MID(AA70,2,1)))<=1,MAX(VALUE(MID(Z70,2,1)),VALUE(MID(AA70,2,1)))>=2),"✓","")) -> ✓ | AD70: =IF(OR(Z70="",AA70=""),"",IF(AND(MIN(VALUE(MID(Z70,2,1)),VALUE(MID(AA70,2,1)))<=2,MAX(VALUE(MID(Z70,2,1)),VALUE(MID(AA70,2,1)))>=3),"✓","")) -> ✓ | AE70: =IF(OR(Z70="",AA70=""),"",IF(AND(MIN(VALUE(MID(Z70,2,1)),VALUE(MID(AA70,2,1)))<=3,MAX(VALUE(MID(Z70,2,1)),VALUE(MID(AA70,2,1)))>=4),"✓","")) -> ✓ | AF70: None | AG70: CVE-2025-28380; CVE-2025-28381; CVE-2025-28382; CVE-2025-28384; CVE-2025-28386; CVE-2025-28388; CVE-2025-28389; CVE-2023-45277; CVE-2023-45278; CVE-2023-45279; CVE-2023-45280; CVE-2023-45281; CVE-2023-46470; CVE-2023-46471; CVE-2023-47311; CVE-2023-45282; CVE-2023-45884; CVE-2023-45885; CVE-2025-25371; CVE-2025-25372; CVE-2025-25373; CVE-2025-25374; CVE-2024-44910; CVE-2024-44911; CVE-2024-44912; CVE-2024-55028; CVE-2024-55029; CVE-2024-55030; CVE-2024-35056; CVE-2024-35057; CVE-2024-35058; CVE-2024-35059; CVE-2024-35060; CVE-2024-35061; CVE-2025-29909; CVE-2025-29910; CVE-2025-29911; CVE-2025-29912; CVE-2025-29913; CVE-2025-30216; CVE-2025-30356; CVE-2025-46672; CVE-2025-46673; CVE-2025-46674; CVE-2025-46675 | AH70: =COUNTIF('CVE Register'!$P$6:$P$300,A70) -> 45 | AI70: M24; M04; M05; M10; M13 | AJ70: Ground C2 (L4) to spacecraft (L1): crosses TB3, TB2, TB1 downward. | AK70: Added 13 Oct 2026 | AL70: A1.6, A2.4, A3.3, A3.7, A4.8 | AM70: Bound threats: T1.13, T2.12, T3.05, T3.11, T3.12, T4.15 | AN70: L1 > L2 > L3 > L4 (4 of 4 layers) L1: [A1.6], A1.4†, A1.5†, A1.7 | L2: [A2.4], A2.1†, A2.2†, A2.3†, A2.5 | L3: [A3.3], [A3.7], A3.1, A3.2, A3.4, A3.5, A3.6 | L4: [A4.8], A4.1, A4.2, A4.3, A4.4, A4.5, A4.6 Boundaries to first check A3.4/A3.5: 0 (an origin is a check) | to ATM A4.6: 1
A71: 66 | B71: Investigating the Iridium Satellite Network | C71: Sec & schneider (2024) | D71: 38th Chaos Communication Congress (38C3) (talk) | E71: n/a (not peer-reviewed) | F71: Conference talk; not ranked | G71: Passive SDR listener | H71: Unencrypted satellite signalling and service frames | I71: Eavesdropping; location tracking | J71: Demonstrated in Real-World / Active Exploit | K71: Reception of live Iridium signals with new antennas and SDR tools | L71: Received live Iridium signals and analysed metadata incl. beam patterns, Time and Location service frames and handset location updates. | M71: Sec2024Iridium38C3 | N71: Satellite & space | O71: E3 | P71: Not in draft | Q71: Conference talk / event (non-peer-reviewed) | R71: =IF(LEFT(Q71,13)="Peer-reviewed","Yes","No") -> No | S71: =C71&". "&CHAR(34)&B71&CHAR(34)&". "&D71&"." -> Sec & schneider (2024). "Investigating the Iridium Satellite Network". 38th Chaos Communication Congress (38C3) (talk). | T71: https://media.ccc.de/v/7586d408-8e63-5734-889c-acf80bec8760 | U71: Page fetched 13 Oct 2026: title matches (media.ccc.de talk page) | V71: Protocol design gap | W71: Eavesdropping / traffic analysis | X71: Passive reception and analysis of LEO satellite signalling and timing-service frames. | Y71: L2 · ISLs & downlinks (observables in transit) | Z71: L2 | AA71: L2 | AB71: =IF(OR(Z71="",AA71=""),"",IF(VALUE(MID(AA71,2,1))>VALUE(MID(Z71,2,1)),"Upward (observables)",IF(VALUE(MID(AA71,2,1))<VALUE(MID(Z71,2,1)),"Downward (config / keys / sync)","Within layer"))) -> Within layer | AC71: =IF(OR(Z71="",AA71=""),"",IF(AND(MIN(VALUE(MID(Z71,2,1)),VALUE(MID(AA71,2,1)))<=1,MAX(VALUE(MID(Z71,2,1)),VALUE(MID(AA71,2,1)))>=2),"✓","")) | AD71: =IF(OR(Z71="",AA71=""),"",IF(AND(MIN(VALUE(MID(Z71,2,1)),VALUE(MID(AA71,2,1)))<=2,MAX(VALUE(MID(Z71,2,1)),VALUE(MID(AA71,2,1)))>=3),"✓","")) | AE71: =IF(OR(Z71="",AA71=""),"",IF(AND(MIN(VALUE(MID(Z71,2,1)),VALUE(MID(AA71,2,1)))<=3,MAX(VALUE(MID(Z71,2,1)),VALUE(MID(AA71,2,1)))>=4),"✓","")) | AF71: Indirect | AH71: =COUNTIF('CVE Register'!$P$6:$P$300,A71) -> 0 | AI71: M09 | AJ71: LEO timing-service frames are observable to third parties. | AK71: Added 13 Oct 2026 | AL71: A2.4, A2.5 | AM71: Bound threats: T2.08, T2.10 | AN71: Contained: disclosure only, no downstream state change. Exposure at L2: [A2.4], [A2.5]
A72: 67 | B72: Moonlighter on-orbit hacking sandbox (Hack-A-Sat 4 finals, DEF CON 31) | C72: AFRL / US Space Force & Aerospace Corp. (2023) | D72: DEF CON 31 Hack-A-Sat 4 (competition event) | E72: n/a (not peer-reviewed) | F72: Event; not ranked | G72: Competition teams with authorised uplink access | H72: Deliberately exposed on-board software sandbox | I72: On-orbit software exploitation (authorised CTF) | J72: Simulated / Proof-of-Concept | K72: Real satellite in orbit; attacks confined to a sandbox under organisers' control | L72: First on-orbit capture-the-flag: teams attacked the software sandbox of a purpose-built 3U CubeSat in orbit. | M72: Aerospace2023Moonlighter | N72: Satellite & space | O72: E2 | P72: Not in draft | Q72: Conference talk / event (non-peer-reviewed) | R72: =IF(LEFT(Q72,13)="Peer-reviewed","Yes","No") -> No | S72: =C72&". "&CHAR(34)&B72&CHAR(34)&". "&D72&"." -> AFRL / US Space Force & Aerospace Corp. (2023). "Moonlighter on-orbit hacking sandbox (Hack-A-Sat 4 finals, DEF CON 31)". DEF CON 31 Hack-A-Sat 4 (competition event). | T72: https://afresearchlab.com/news/hack-a-sats-moonlighter-satellite-deploys-to-low-earth-orbit-after-last-months-successful-launch/ | U72: Page fetched 13 Oct 2026: title matches (AFRL news page) | V72: Implementation flaw | W72: Software exploitation / takeover | X72: Authorised exploitation of an on-orbit software sandbox via uplink. | Y72: L2 · Space link TC/TM (commanding & file transfer) | Z72: L2 | AA72: L1 | AB72: =IF(OR(Z72="",AA72=""),"",IF(VALUE(MID(AA72,2,1))>VALUE(MID(Z72,2,1)),"Upward (observables)",IF(VALUE(MID(AA72,2,1))<VALUE(MID(Z72,2,1)),"Downward (config / keys / sync)","Within layer"))) -> Downward (config / keys / sync) | AC72: =IF(OR(Z72="",AA72=""),"",IF(AND(MIN(VALUE(MID(Z72,2,1)),VALUE(MID(AA72,2,1)))<=1,MAX(VALUE(MID(Z72,2,1)),VALUE(MID(AA72,2,1)))>=2),"✓","")) -> ✓ | AD72: =IF(OR(Z72="",AA72=""),"",IF(AND(MIN(VALUE(MID(Z72,2,1)),VALUE(MID(AA72,2,1)))<=2,MAX(VALUE(MID(Z72,2,1)),VALUE(MID(AA72,2,1)))>=3),"✓","")) | AE72: =IF(OR(Z72="",AA72=""),"",IF(AND(MIN(VALUE(MID(Z72,2,1)),VALUE(MID(AA72,2,1)))<=3,MAX(VALUE(MID(Z72,2,1)),VALUE(MID(AA72,2,1)))>=4),"✓","")) | AF72: None | AH72: =COUNTIF('CVE Register'!$P$6:$P$300,A72) -> 0 | AI72: M24; M04 | AJ72: Was on Excluded Entries (not peer-reviewed). | AK72: Added 13 Oct 2026 | AL72: A1.6, A2.5, A4.4, A4.7, A4.8 | AM72: Bound threats: T1.12, T2.11, T4.06, T4.12 | AN72: L1 > L2 > L3 > L4 (4 of 4 layers) L1: [A1.6], A1.4†, A1.5†, A1.7† | L2: [A2.5], A2.1†, A2.2†, A2.3†, A2.4† | L3: A3.1, A3.2, A3.3, A3.4, A3.5, A3.6, A3.7 | L4: [A4.4], [A4.7], [A4.8], A4.1, A4.2, A4.3, A4.5, A4.6 Boundaries to first check A3.4/A3.5: 1 | to ATM A4.6: 2
A73: 68 | B73: Strengthening Cybersecurity of SATCOM Network Providers and Customers (AA22-076A) | C73: CISA & FBI (2022) | D73: CISA Cybersecurity Advisory (17 Mar 2022) | E73: n/a (not peer-reviewed) | F73: Government advisory | G73: State-linked actors targeting SATCOM providers | H73: Weak remote access and segmentation at SATCOM providers and customers | I73: Ground-network intrusion; service disruption | J73: Theoretical / Unexploited | K73: Government advisory; no incident detail | L73: Warned of possible threats to SATCOM networks and listed mitigations such as MFA, segmentation, monitoring and encryption. | M73: CISA2022AA22076A | N73: Satellite & space | O73: E0 | P73: Not in draft; mitigation source (M13) | Q73: Government / regulator advisory | R73: =IF(LEFT(Q73,13)="Peer-reviewed","Yes","No") -> No | S73: =C73&". "&CHAR(34)&B73&CHAR(34)&". "&D73&"." -> CISA & FBI (2022). "Strengthening Cybersecurity of SATCOM Network Providers and Customers (AA22-076A)". CISA Cybersecurity Advisory (17 Mar 2022). | T73: https://www.cisa.gov/uscert/ncas/alerts/aa22-076a | U73: Search index 13 Oct 2026: page title matches, page not fetchable (CISA advisory page) | V73: Configuration / access-control weakness | W73: Configuration, key & access abuse | X73: Intrusion into SATCOM provider or customer ground networks to disrupt service. | Y73: L4 · SATCOM provider ground network | Z73: L4 | AA73: L2 | AB73: =IF(OR(Z73="",AA73=""),"",IF(VALUE(MID(AA73,2,1))>VALUE(MID(Z73,2,1)),"Upward (observables)",IF(VALUE(MID(AA73,2,1))<VALUE(MID(Z73,2,1)),"Downward (config / keys / sync)","Within layer"))) -> Downward (config / keys / sync) | AC73: =IF(OR(Z73="",AA73=""),"",IF(AND(MIN(VALUE(MID(Z73,2,1)),VALUE(MID(AA73,2,1)))<=1,MAX(VALUE(MID(Z73,2,1)),VALUE(MID(AA73,2,1)))>=2),"✓","")) | AD73: =IF(OR(Z73="",AA73=""),"",IF(AND(MIN(VALUE(MID(Z73,2,1)),VALUE(MID(AA73,2,1)))<=2,MAX(VALUE(MID(Z73,2,1)),VALUE(MID(AA73,2,1)))>=3),"✓","")) -> ✓ | AE73: =IF(OR(Z73="",AA73=""),"",IF(AND(MIN(VALUE(MID(Z73,2,1)),VALUE(MID(AA73,2,1)))<=3,MAX(VALUE(MID(Z73,2,1)),VALUE(MID(AA73,2,1)))>=4),"✓","")) -> ✓ | AF73: None | AH73: =COUNTIF('CVE Register'!$P$6:$P$300,A73) -> 0 | AI73: M13 | AK73: Added 13 Oct 2026 | AL73: A2.4, A4.8 | AM73: Bound threats: T2.12, T4.15 | AN73: L1 > L2 > L3 > L4 (4 of 4 layers) L1: A1.4†, A1.5†, A1.6, A1.7 | L2: [A2.4], A2.1†, A2.2†, A2.3†, A2.5 | L3: A3.1, A3.2, A3.3, A3.4, A3.5, A3.6 | L4: [A4.8], A4.1, A4.2, A4.3, A4.4, A4.5, A4.6 Boundaries to first check A3.4/A3.5: 1 | to ATM A4.6: 2
A74: 69 | B74: Global Navigation Satellite System Outage and Alterations Leading to Navigation / Surveillance Degradation (SIB 2022-02R4) | C74: EASA (2026) | D74: EASA Safety Information Bulletin, revision 4 (3 Jul 2026) | E74: n/a (not peer-reviewed) | F74: Regulator bulletin | G74: State-level jammers and spoofers near conflict zones | H74: Low-power, unauthenticated GNSS signals | I74: GNSS jamming and spoofing | J74: Demonstrated in Real-World / Active Exploit | K74: Regulator bulletin on observed operational interference | L74: Updates operator, ATC and crew measures for persistent GNSS outages and alterations that degrade navigation and surveillance. | M74: EASA2026SIB202202R4 | N74: GNSS | O74: E3 | P74: Not in draft; mitigation source (M14) | Q74: Government / regulator advisory | R74: =IF(LEFT(Q74,13)="Peer-reviewed","Yes","No") -> No | S74: =C74&". "&CHAR(34)&B74&CHAR(34)&". "&D74&"." -> EASA (2026). "Global Navigation Satellite System Outage and Alterations Leading to Navigation / Surveillance Degradation (SIB 2022-02R4)". EASA Safety Information Bulletin, revision 4 (3 Jul 2026). | T74: https://www.easa.europa.eu/en/newsroom-and-events/news/easa-updates-safety-information-bulletin-gnss-interference | U74: Page fetched 13 Oct 2026: title matches (EASA news on R4; previous R3 on 5 Jul 2024) | V74: Physical-layer susceptibility | W74: Jamming / denial of service | X74: Wide-area GNSS jamming and spoofing degrading aircraft navigation and ADS-B surveillance. | Y74: L1 · GNSS receiver / onboard clock | Z74: L1 | AA74: L4 | AB74: =IF(OR(Z74="",AA74=""),"",IF(VALUE(MID(AA74,2,1))>VALUE(MID(Z74,2,1)),"Upward (observables)",IF(VALUE(MID(AA74,2,1))<VALUE(MID(Z74,2,1)),"Downward (config / keys / sync)","Within layer"))) -> Upward (observables) | AC74: =IF(OR(Z74="",AA74=""),"",IF(AND(MIN(VALUE(MID(Z74,2,1)),VALUE(MID(AA74,2,1)))<=1,MAX(VALUE(MID(Z74,2,1)),VALUE(MID(AA74,2,1)))>=2),"✓","")) -> ✓ | AD74: =IF(OR(Z74="",AA74=""),"",IF(AND(MIN(VALUE(MID(Z74,2,1)),VALUE(MID(AA74,2,1)))<=2,MAX(VALUE(MID(Z74,2,1)),VALUE(MID(AA74,2,1)))>=3),"✓","")) -> ✓ | AE74: =IF(OR(Z74="",AA74=""),"",IF(AND(MIN(VALUE(MID(Z74,2,1)),VALUE(MID(AA74,2,1)))<=3,MAX(VALUE(MID(Z74,2,1)),VALUE(MID(AA74,2,1)))>=4),"✓","")) -> ✓ | AF74: Direct | AH74: =COUNTIF('CVE Register'!$P$6:$P$300,A74) -> 0 | AI74: M14; M23; M01 | AK74: Added 13 Oct 2026 | AL74: A1.2, A1.5 | AM74: Bound threats: T1.10 | AN74: L1 > L2 > L3 > L4 (4 of 4 layers) L1: [A1.2], [A1.5], A1.4, A1.7 | L2: A2.1, A2.2, A2.4 | L3: A3.1, A3.2, A3.3, A3.4, A3.5, A3.6 | L4: A4.5, A4.6 Boundaries to first check A3.4/A3.5: 2 | to ATM A4.6: 3
A75: 70 | B75: Recognizing and Mitigating GPS / GNSS Disruptions (SAFO 24002) | C75: FAA (2024) | D75: FAA Safety Alert for Operators (2 Feb 2024) | E75: n/a (not peer-reviewed) | F75: Regulator alert | G75: State-level jammers and spoofers | H75: Design gap: unauthenticated civil GNSS | I75: GNSS jamming and spoofing | J75: Demonstrated in Real-World / Active Exploit | K75: Regulator alert citing operational disruptions near conflict zones | L75: Guidance for operators and manufacturers on recognising and handling GPS/GNSS jamming and spoofing in flight. | M75: FAA2024SAFO24002 | N75: GNSS | O75: E3 | P75: Not in draft; mitigation source (M14) | Q75: Government / regulator advisory | R75: =IF(LEFT(Q75,13)="Peer-reviewed","Yes","No") -> No | S75: =C75&". "&CHAR(34)&B75&CHAR(34)&". "&D75&"." -> FAA (2024). "Recognizing and Mitigating GPS / GNSS Disruptions (SAFO 24002)". FAA Safety Alert for Operators (2 Feb 2024). | T75: https://www.FAASafety.gov/SPANS/noticeView.aspx?nid=13415 | U75: Page fetched 13 Oct 2026: title matches (FAASafety notice NOTC3415) | V75: Protocol design gap | W75: Spoofing / injection | X75: GNSS spoofing and jamming of aircraft near conflict zones and counter-UAS areas. | Y75: L1 · GNSS receiver / onboard clock | Z75: L1 | AA75: L4 | AB75: =IF(OR(Z75="",AA75=""),"",IF(VALUE(MID(AA75,2,1))>VALUE(MID(Z75,2,1)),"Upward (observables)",IF(VALUE(MID(AA75,2,1))<VALUE(MID(Z75,2,1)),"Downward (config / keys / sync)","Within layer"))) -> Upward (observables) | AC75: =IF(OR(Z75="",AA75=""),"",IF(AND(MIN(VALUE(MID(Z75,2,1)),VALUE(MID(AA75,2,1)))<=1,MAX(VALUE(MID(Z75,2,1)),VALUE(MID(AA75,2,1)))>=2),"✓","")) -> ✓ | AD75: =IF(OR(Z75="",AA75=""),"",IF(AND(MIN(VALUE(MID(Z75,2,1)),VALUE(MID(AA75,2,1)))<=2,MAX(VALUE(MID(Z75,2,1)),VALUE(MID(AA75,2,1)))>=3),"✓","")) -> ✓ | AE75: =IF(OR(Z75="",AA75=""),"",IF(AND(MIN(VALUE(MID(Z75,2,1)),VALUE(MID(AA75,2,1)))<=3,MAX(VALUE(MID(Z75,2,1)),VALUE(MID(AA75,2,1)))>=4),"✓","")) -> ✓ | AF75: Direct | AH75: =COUNTIF('CVE Register'!$P$6:$P$300,A75) -> 0 | AI75: M14; M23 | AK75: Added 13 Oct 2026 | AL75: A1.2, A1.5 | AM75: Bound threats: T1.10 | AN75: L1 > L2 > L3 > L4 (4 of 4 layers) L1: [A1.2], [A1.5], A1.4, A1.7 | L2: A2.1, A2.2, A2.4 | L3: A3.1, A3.2, A3.3, A3.4, A3.5, A3.6 | L4: A4.5, A4.6 Boundaries to first check A3.4/A3.5: 2 | to ATM A4.6: 3
