Workbook

Sheet README
A1: SATERA Extended Threat Catalogue
A2: Companion workbook to the IEEE TDSC paper: threat model of GNSS-independent LEO multilateration surveillance. Release version 1.3, 30 October 2026.
A4: Purpose | B4: Final extended catalogue of 55 threats (T1.01-T4.15). It refines the earlier asset-level SATERA catalogue of 17 entries (SC-1 to SC-17, sheet SATERA): 44 of the 55 threats refine at least one of those entries and 11 are new. Built with the methodology of the paper: STRIDE-tau for enumeration, PASTA as the process, effect-transfer graphs for propagation and PA-DREAD for ranking. Every number the paper states about the catalogue is recomputed here (sheet Checks).
A5: Sheets | B5: Catalogue: the 55 threats with scores, reach, evidence and framework mappings (filterable). Rubric: lookup tables and anchors that drive every score. Binding: threat x atlas source, with evidence level, peer-review status and verified link. Worked: Tables 4 and 5 of the paper recomputed from the Catalogue. Assets: 27-asset register with live threat counts. SATERA: the earlier 17 entries, corrected and linked to the extended threats. Checks: paper statistic vs workbook. Review: mistakes found in the earlier workbook and open items. Legends: definitions. CVE Register: the 57 CVEs of the Threat and Exploit Atlas V4, each mapped to register assets and catalogue threats (added 29 Oct 2026).
A6: How a score is made | B6: D from the goals the threat serves (and Affected users); R from the highest evidence among bound atlas entries, minus one if analogue-only; E from the adversary tier; A and Di are analyst inputs read from the attack graph (basis columns state why); S = D+R+E+A+Di; bands Low 5-9, Medium 10-14, High 15-19, Critical 20-25. Evidence, R, E, D, S and bands are formulas: change a binding, a tier or a rubric value and everything updates.
A7: Colour code | B7: Blue text = analyst input or published constant; black = formula or text. Row shading marks the layer.
A8: Status | B8: Final release. Every record (title, description, asset binding, adversary class, tier, Affected-users and Discoverability values, atlas bindings and framework mappings) was validated by a blind multi-vendor LLM panel (four models, 220 ratings; repository folder llm_panel) and then evaluated by the co-authors. The scores and the scoring algorithms were verified: sheet Checks recomputes every statistic the paper states. Column "Review status" separates the 7 baseline records, which reproduce printed values of the paper (Table 5), from the 48 extended records, which carry the same validation.
A9: Not claimed | B9: Scores are ordinal analyst derivations from the stated rubric, not probabilities. The agreement of the LLM panel on the scored fields is reported in the paper (Sec. 4.11) and in the repository folder llm_panel/results. Detection thresholds of the SATERA integrity monitor are not published, so strong/weak-pass Discoverability rests on assumptions W2 and W3. Spearman correlation and radii of the dependency graph (41 edges) are not reproduced here because the edge list is not part of this workbook.
A10: Responsible handling | B10: High-level mechanisms only: no parameters, procedures or tooling, as for the atlas.
A11: Sources | B11: Threat and Exploit Atlas (78 sources, links verified 13 Oct 2026); SATERA D6.1; Leonardi et al. 2026; SPARTA technique list and MITRE ATT&CK v20 (see Legends for what was checked).
A12: Version v1.2 (29 Oct 2026) | B12: Added: sheet CVE Register (57 CVEs from the Threat and Exploit Atlas V4, mapped to assets and threats); Catalogue columns AT to AV (related CVEs and cross-layer propagation); Assets columns M and N (CVE count and propagation per asset); five checks. Cross-layer propagation lists, for the asset a threat acts on, the layers and assets its effect can reach along the data, timing, control and hosting dependencies of the paper (assets reached only through the inferred dependencies S1 and S2 carry a dagger). Existing columns and formulas are unchanged.
A14: Quick results
A15: Threats | B15: =COUNTA(Catalogue!$A$5:$A$59) -> 55
A16: Checks passing | B16: =Checks!C118 -> 112
A17: Checks failing | B17: =Checks!C119 -> 0
A18: High or Critical (strong pass) | B18: =COUNTIF(Catalogue!$AJ$5:$AJ$59,"High")+COUNTIF(Catalogue!$AJ$5:$AJ$59,"Critical") -> 47
A19: High or Critical (weak pass) | B19: =COUNTIF(Catalogue!$AK$5:$AK$59,"High")+COUNTIF(Catalogue!$AK$5:$AK$59,"Critical") -> 47
A20: CVEs in register | B20: =COUNTA('CVE Register'!$B$5:$B$61) -> 57
A21: Threats with a related CVE | B21: =COUNTIF(Catalogue!$AT$5:$AT$59,">0") -> 12

Sheet Catalogue
A1: SATERA Extended Threat Catalogue: 55 threats, T1.01 to T4.15
A2: Built with STRIDE-tau (enumeration), PASTA (process), effect-transfer graphs and PA-DREAD (ranking) as defined in the paper, Sec. 4. Blue = analyst input; black = formula. All records were validated by a blind multi-vendor LLM panel and then evaluated by the co-authors.
A3: Identification | H3: STRIDE-tau and timing | L3: Adversary and goals | T3: Evidence (atlas) | Z3: Propagation reach | AB3: PA-DREAD (Sec. 4.8) | AL3: Basis of the scores | AO3: Cross references | AT3: CVEs and propagation (added 29 Oct 2026)
A4: ID | B4: Layer | C4: Threat | D4: Description (mechanism level) | E4: Attack vector | F4: Asset(s) | G4: Trust boundary (sits at / crosses) | H4: STRIDE-tau primary | I4: Secondary | J4: Authentication-invariance test / tau note | K4: Timing relation | L4: Adversary class | M4: Tier code | N4: Displacement | O4: Denial | P4: Deception | Q4: Disclosure | R4: Goals (n) | S4: Role | T4: Evidence | U4: Analogue only | V4: Support not peer-reviewed | W4: Bound atlas sources (#) | X4: Path evidence (#) | Y4: Mitigation IDs (from bound sources) | Z4: rho_det | AA4: rho_root | AB4: D | AC4: R | AD4: E | AE4: A | AF4: Di strong | AG4: Di weak | AH4: S strong | AI4: S weak | AJ4: Band strong | AK4: Band weak | AL4: First detection predicate / reason for Di | AM4: Affected-users basis | AN4: Displacement route | AO4: SATERA entries refined | AP4: SPARTA technique (confidence) | AQ4: ATT&CK technique (confidence) | AR4: Mapping confidence | AS4: Review status | AT4: Related CVEs (n) | AU4: Related CVEs (IDs, or products when more than four) | AV4: Cross-layer propagation (layers and assets the effect can reach)
A5: T1.01 | B5: L1 | C5: Forged ADS-B injection | D5: An emitter in the footprint broadcasts fabricated 1090ES messages for a non-existent or misidentified aircraft; the self-report carries no authentication, so reception in orbit adds no protection. | E5: Crafted 1090 MHz transmissions from a ground or airborne emitter | F5: A1.1 | G5: TB0 | H5: S | I5: T | J5: n/a: no time offset on an asset of the timing dependency | L5: AC2 | M5: T1p | P5: Y | R5: =COUNTIF(N5:Q5,"Y") -> 1 | S5: Leaf | T5: =IF(COUNTIFS(Binding!$A$5:$A$108,A5,Binding!$C$5:$C$108,"Attack")=0,"P","E"&MAXIFS(Binding!$J$5:$J$108,Binding!$A$5:$A$108,A5,Binding!$C$5:$C$108,"Attack")) -> E2 | U5: N | V5: =IF(T5="P","",IF(COUNTIFS(Binding!$A$5:$A$108,A5,Binding!$C$5:$C$108,"Attack",Binding!$J$5:$J$108,MAXIFS(Binding!$J$5:$J$108,Binding!$A$5:$A$108,A5,Binding!$C$5:$C$108,"Attack"),Binding!$H$5:$H$108,"Yes")=0,"Yes","No")) -> No | W5: #3, #59, #23, #26 | Y5: M15; M16; M17; M21 | Z5: 2 | AA5: 3 | AB5: =IF(S5="Enabler","",MAX(IF(N5="Y",Rubric!$I$5,0),IF(P5="Y",Rubric!$I$6,0),IF(O5="Y",IF(AE5>=3,Rubric!$I$7,Rubric!$I$8),0),IF(Q5="Y",Rubric!$I$9,0))) -> 4 | AC5: {=MAX(1,INDEX(Rubric!$B$5:$B$9,MATCH(T5,Rubric!$A$5:$A$9,0))-IF(AND(U5="Y",T5<>"P"),Rubric!$I$11,0))} -> 4 | AD5: {=INDEX(Rubric!$E$5:$E$9,MATCH(M5,Rubric!$D$5:$D$9,0))} -> 5 | AE5: 2 | AF5: 3 | AG5: 3 | AH5: =IF(S5="Enabler","",AB5+AC5+AD5+AE5+AF5) -> 18 | AI5: =IF(S5="Enabler","",AB5+AC5+AD5+AE5+AG5) -> 18 | AJ5: {=IF(AH5="","",INDEX(Rubric!$M$5:$M$8,MATCH(AH5,Rubric!$L$5:$L$8,1)))} -> High | AK5: {=IF(AI5="","",INDEX(Rubric!$M$5:$M$8,MATCH(AI5,Rubric!$L$5:$L$8,1)))} -> High | AL5: L3 cross-check A3.5: arrival times do not match the claimed position | AM5: several aircraft | AO5: SC-1 | AP5: EX-0014 Spoofing; IMP-0001 Deception | AQ5: T1565.002 Transmitted Data Manipulation (medium) | AR5: medium | AS5: Validated: LLM panel and co-author evaluation | AT5: =COUNTIF('CVE Register'!$X$5:$X$61,"*"&A5&"*") -> 0 | AU5: — | AV5: L1 > L2 > L3 > L4 (4 of 4 layers) L1: [A1.1], A1.3, A1.4, A1.7 | L2: A2.1, A2.2, A2.4 | L3: A3.1, A3.3, A3.4, A3.5, A3.6 | L4: A4.5, A4.6 Boundaries to first check A3.4/A3.5: 2 | to ATM A4.6: 3
A6: T1.02 | B6: L1 | C6: Replay of recorded ADS-B | D6: Genuine messages are captured and rebroadcast later or elsewhere, so that a stale or displaced position is received as current. | E6: Capture-and-rebroadcast with a software-defined radio | F6: A1.1 | G6: TB0 | H6: S | I6: T | J6: n/a: no time offset on an asset of the timing dependency | L6: AC2 | M6: T1p | P6: Y | R6: =COUNTIF(N6:Q6,"Y") -> 1 | S6: Leaf | T6: =IF(COUNTIFS(Binding!$A$5:$A$108,A6,Binding!$C$5:$C$108,"Attack")=0,"P","E"&MAXIFS(Binding!$J$5:$J$108,Binding!$A$5:$A$108,A6,Binding!$C$5:$C$108,"Attack")) -> E2 | U6: N | V6: =IF(T6="P","",IF(COUNTIFS(Binding!$A$5:$A$108,A6,Binding!$C$5:$C$108,"Attack",Binding!$J$5:$J$108,MAXIFS(Binding!$J$5:$J$108,Binding!$A$5:$A$108,A6,Binding!$C$5:$C$108,"Attack"),Binding!$H$5:$H$108,"Yes")=0,"Yes","No")) -> No | W6: #3, #59, #7 | Y6: M15; M17; M21 | Z6: 2 | AA6: 3 | AB6: =IF(S6="Enabler","",MAX(IF(N6="Y",Rubric!$I$5,0),IF(P6="Y",Rubric!$I$6,0),IF(O6="Y",IF(AE6>=3,Rubric!$I$7,Rubric!$I$8),0),IF(Q6="Y",Rubric!$I$9,0))) -> 4 | AC6: {=MAX(1,INDEX(Rubric!$B$5:$B$9,MATCH(T6,Rubric!$A$5:$A$9,0))-IF(AND(U6="Y",T6<>"P"),Rubric!$I$11,0))} -> 4 | AD6: {=INDEX(Rubric!$E$5:$E$9,MATCH(M6,Rubric!$D$5:$D$9,0))} -> 5 | AE6: 2 | AF6: 3 | AG6: 3 | AH6: =IF(S6="Enabler","",AB6+AC6+AD6+AE6+AF6) -> 18 | AI6: =IF(S6="Enabler","",AB6+AC6+AD6+AE6+AG6) -> 18 | AJ6: {=IF(AH6="","",INDEX(Rubric!$M$5:$M$8,MATCH(AH6,Rubric!$L$5:$L$8,1)))} -> High | AK6: {=IF(AI6="","",INDEX(Rubric!$M$5:$M$8,MATCH(AI6,Rubric!$L$5:$L$8,1)))} -> High | AL6: L3 cross-check A3.5: arrival times are inconsistent with the replayed position | AM6: several aircraft | AO6: SC-1 | AP6: EX-0014 Spoofing; EXF-0001 Replay (medium) | AQ6: T1565.002 Transmitted Data Manipulation (medium) | AR6: medium | AS6: Validated: LLM panel and co-author evaluation | AT6: =COUNTIF('CVE Register'!$X$5:$X$61,"*"&A6&"*") -> 0 | AU6: — | AV6: L1 > L2 > L3 > L4 (4 of 4 layers) L1: [A1.1], A1.3, A1.4, A1.7 | L2: A2.1, A2.2, A2.4 | L3: A3.1, A3.3, A3.4, A3.5, A3.6 | L4: A4.5, A4.6 Boundaries to first check A3.4/A3.5: 2 | to ATM A4.6: 3
A7: T1.03 | B7: L1 | C7: False position from the true location | D7: A deceptive or deceived aircraft (AC1) broadcasts a wrong position from its real location. Arrival times stay true, so only the E-MLAT/ADS-B cross-check can expose it; a chain that masks the discrepancy defeats the purpose of the architecture. | E7: Modified avionics or transponder input; no external emitter needed | F7: A1.1 | G7: TB0 | H7: S | I7: T | J7: n/a: no time offset on an asset of the timing dependency | K7: Derived | L7: AC1 | M7: T1c | N7: Y | P7: Y | R7: =COUNTIF(N7:Q7,"Y") -> 2 | S7: Leaf | T7: =IF(COUNTIFS(Binding!$A$5:$A$108,A7,Binding!$C$5:$C$108,"Attack")=0,"P","E"&MAXIFS(Binding!$J$5:$J$108,Binding!$A$5:$A$108,A7,Binding!$C$5:$C$108,"Attack")) -> E3 | U7: N | V7: =IF(T7="P","",IF(COUNTIFS(Binding!$A$5:$A$108,A7,Binding!$C$5:$C$108,"Attack",Binding!$J$5:$J$108,MAXIFS(Binding!$J$5:$J$108,Binding!$A$5:$A$108,A7,Binding!$C$5:$C$108,"Attack"),Binding!$H$5:$H$108,"Yes")=0,"Yes","No")) -> Yes | W7: #72, #56, #6 | Y7: M15; M18 | Z7: 2 | AA7: 3 | AB7: =IF(S7="Enabler","",MAX(IF(N7="Y",Rubric!$I$5,0),IF(P7="Y",Rubric!$I$6,0),IF(O7="Y",IF(AE7>=3,Rubric!$I$7,Rubric!$I$8),0),IF(Q7="Y",Rubric!$I$9,0))) -> 5 | AC7: {=MAX(1,INDEX(Rubric!$B$5:$B$9,MATCH(T7,Rubric!$A$5:$A$9,0))-IF(AND(U7="Y",T7<>"P"),Rubric!$I$11,0))} -> 5 | AD7: {=INDEX(Rubric!$E$5:$E$9,MATCH(M7,Rubric!$D$5:$D$9,0))} -> 4 | AE7: 1 | AF7: 3 | AG7: 3 | AH7: =IF(S7="Enabler","",AB7+AC7+AD7+AE7+AF7) -> 18 | AI7: =IF(S7="Enabler","",AB7+AC7+AD7+AE7+AG7) -> 18 | AJ7: {=IF(AH7="","",INDEX(Rubric!$M$5:$M$8,MATCH(AH7,Rubric!$L$5:$L$8,1)))} -> High | AK7: {=IF(AI7="","",INDEX(Rubric!$M$5:$M$8,MATCH(AI7,Rubric!$L$5:$L$8,1)))} -> High | AL7: L3 cross-check A3.5: mismatch between independent and broadcast position | AM7: one aircraft | AN7: Emitter and position | AO7: SC-1 | AP7: IMP-0001 Deception | AQ7: T0832 Manipulation of View (medium) | AR7: medium | AS7: Validated: LLM panel and co-author evaluation | AT7: =COUNTIF('CVE Register'!$X$5:$X$61,"*"&A7&"*") -> 0 | AU7: — | AV7: L1 > L2 > L3 > L4 (4 of 4 layers) L1: [A1.1], A1.3, A1.4, A1.7 | L2: A2.1, A2.2, A2.4 | L3: A3.1, A3.3, A3.4, A3.5, A3.6 | L4: A4.5, A4.6 Boundaries to first check A3.4/A3.5: 2 | to ATM A4.6: 3
A8: T1.04 | B8: L1 | C8: 1090 MHz jamming | D8: In-band interference raises the noise floor at the payload so that valid emissions in the footprint are not decoded. | E8: Wide- or narrow-band RF interference in the footprint | F8: A1.3 | G8: TB0 | H8: D | J8: n/a: no time offset on an asset of the timing dependency | L8: AC2 | M8: T1p | O8: Y | R8: =COUNTIF(N8:Q8,"Y") -> 1 | S8: Leaf | T8: =IF(COUNTIFS(Binding!$A$5:$A$108,A8,Binding!$C$5:$C$108,"Attack")=0,"P","E"&MAXIFS(Binding!$J$5:$J$108,Binding!$A$5:$A$108,A8,Binding!$C$5:$C$108,"Attack")) -> E2 | U8: N | V8: =IF(T8="P","",IF(COUNTIFS(Binding!$A$5:$A$108,A8,Binding!$C$5:$C$108,"Attack",Binding!$J$5:$J$108,MAXIFS(Binding!$J$5:$J$108,Binding!$A$5:$A$108,A8,Binding!$C$5:$C$108,"Attack"),Binding!$H$5:$H$108,"Yes")=0,"Yes","No")) -> No | W8: #3, #23 | Y8: M15; M16; M17; M21 | Z8: 2 | AA8: 3 | AB8: =IF(S8="Enabler","",MAX(IF(N8="Y",Rubric!$I$5,0),IF(P8="Y",Rubric!$I$6,0),IF(O8="Y",IF(AE8>=3,Rubric!$I$7,Rubric!$I$8),0),IF(Q8="Y",Rubric!$I$9,0))) -> 3 | AC8: {=MAX(1,INDEX(Rubric!$B$5:$B$9,MATCH(T8,Rubric!$A$5:$A$9,0))-IF(AND(U8="Y",T8<>"P"),Rubric!$I$11,0))} -> 4 | AD8: {=INDEX(Rubric!$E$5:$E$9,MATCH(M8,Rubric!$D$5:$D$9,0))} -> 5 | AE8: 3 | AF8: 1 | AG8: 1 | AH8: =IF(S8="Enabler","",AB8+AC8+AD8+AE8+AF8) -> 16 | AI8: =IF(S8="Enabler","",AB8+AC8+AD8+AE8+AG8) -> 16 | AJ8: {=IF(AH8="","",INDEX(Rubric!$M$5:$M$8,MATCH(AH8,Rubric!$L$5:$L$8,1)))} -> High | AK8: {=IF(AI8="","",INDEX(Rubric!$M$5:$M$8,MATCH(AI8,Rubric!$L$5:$L$8,1)))} -> High | AL8: L1/L2: loss of receptions is visible as an availability drop | AM8: one footprint | AP8: EX-0016 Jamming; IMP-0003 Denial | AQ8: T0814 Denial of Service (medium) | AR8: medium | AS8: Validated: LLM panel and co-author evaluation | AT8: =COUNTIF('CVE Register'!$X$5:$X$61,"*"&A8&"*") -> 0 | AU8: — | AV8: L1 > L2 > L3 > L4 (4 of 4 layers) L1: [A1.3], A1.4, A1.7 | L2: A2.1, A2.2, A2.4 | L3: A3.1, A3.3, A3.4, A3.5, A3.6 | L4: A4.5, A4.6 Boundaries to first check A3.4/A3.5: 2 | to ATM A4.6: 3
A9: T1.05 | B9: L1 | C9: Synchronised multi-emitter ghost target | D9: Several time-synchronised emitters in the footprint transmit so that arrival-time differences at the satellites match a false position (AC3). Whether the payload's angular resolution separates the emitters depends on pass geometry. | E9: Time-synchronised transmitters at several sites | F9: A1.1 | G9: TB0 | H9: S | I9: T | J9: Not tau: it forges emissions, not a clock offset. Timing-related because it must reproduce TDOA. | K9: Target | L9: AC3 | M9: T2 | P9: Y | R9: =COUNTIF(N9:Q9,"Y") -> 1 | S9: Leaf | T9: =IF(COUNTIFS(Binding!$A$5:$A$108,A9,Binding!$C$5:$C$108,"Attack")=0,"P","E"&MAXIFS(Binding!$J$5:$J$108,Binding!$A$5:$A$108,A9,Binding!$C$5:$C$108,"Attack")) -> E2 | U9: Y | V9: =IF(T9="P","",IF(COUNTIFS(Binding!$A$5:$A$108,A9,Binding!$C$5:$C$108,"Attack",Binding!$J$5:$J$108,MAXIFS(Binding!$J$5:$J$108,Binding!$A$5:$A$108,A9,Binding!$C$5:$C$108,"Attack"),Binding!$H$5:$H$108,"Yes")=0,"Yes","No")) -> No | W9: #5, #20, #6 | Y9: M15; M16; M17 | Z9: 2 | AA9: 3 | AB9: =IF(S9="Enabler","",MAX(IF(N9="Y",Rubric!$I$5,0),IF(P9="Y",Rubric!$I$6,0),IF(O9="Y",IF(AE9>=3,Rubric!$I$7,Rubric!$I$8),0),IF(Q9="Y",Rubric!$I$9,0))) -> 4 | AC9: {=MAX(1,INDEX(Rubric!$B$5:$B$9,MATCH(T9,Rubric!$A$5:$A$9,0))-IF(AND(U9="Y",T9<>"P"),Rubric!$I$11,0))} -> 3 | AD9: {=INDEX(Rubric!$E$5:$E$9,MATCH(M9,Rubric!$D$5:$D$9,0))} -> 3 | AE9: 2 | AF9: 3 | AG9: 5 | AH9: =IF(S9="Enabler","",AB9+AC9+AD9+AE9+AF9) -> 15 | AI9: =IF(S9="Enabler","",AB9+AC9+AD9+AE9+AG9) -> 17 | AJ9: {=IF(AH9="","",INDEX(Rubric!$M$5:$M$8,MATCH(AH9,Rubric!$L$5:$L$8,1)))} -> High | AK9: {=IF(AI9="","",INDEX(Rubric!$M$5:$M$8,MATCH(AI9,Rubric!$L$5:$L$8,1)))} -> High | AL9: Strong pass: angular resolution separates the emitters (L1/L3); weak pass: no check | AM9: several aircraft | AO9: SC-1 | AP9: EX-0014 Spoofing; IMP-0001 Deception | AQ9: T0832 Manipulation of View (medium) | AR9: medium | AS9: Validated: LLM panel and co-author evaluation | AT9: =COUNTIF('CVE Register'!$X$5:$X$61,"*"&A9&"*") -> 0 | AU9: — | AV9: L1 > L2 > L3 > L4 (4 of 4 layers) L1: [A1.1], A1.3, A1.4, A1.7 | L2: A2.1, A2.2, A2.4 | L3: A3.1, A3.3, A3.4, A3.5, A3.6 | L4: A4.5, A4.6 Boundaries to first check A3.4/A3.5: 2 | to ATM A4.6: 3
A10: T1.06 | B10: L1 | C10: Multi-emitter takeover of a real track | D10: Synchronised emitters overwrite or shadow the emission of a real aircraft so that its multilaterated position follows the attacker's, producing displacement of a genuine track. | E10: Overshadowing a genuine emission with synchronised transmitters | F10: A1.1 | G10: TB0 | H10: S | I10: T | J10: Not tau: it overwrites an emission, not a clock. Timing-related because it must reproduce TDOA. | K10: Target | L10: AC3 | M10: T2 | N10: Y | R10: =COUNTIF(N10:Q10,"Y") -> 1 | S10: Leaf | T10: =IF(COUNTIFS(Binding!$A$5:$A$108,A10,Binding!$C$5:$C$108,"Attack")=0,"P","E"&MAXIFS(Binding!$J$5:$J$108,Binding!$A$5:$A$108,A10,Binding!$C$5:$C$108,"Attack")) -> E2 | U10: Y | V10: =IF(T10="P","",IF(COUNTIFS(Binding!$A$5:$A$108,A10,Binding!$C$5:$C$108,"Attack",Binding!$J$5:$J$108,MAXIFS(Binding!$J$5:$J$108,Binding!$A$5:$A$108,A10,Binding!$C$5:$C$108,"Attack"),Binding!$H$5:$H$108,"Yes")=0,"Yes","No")) -> No | W10: #5, #20 | Y10: M15; M16; M17 | Z10: 2 | AA10: 3 | AB10: =IF(S10="Enabler","",MAX(IF(N10="Y",Rubric!$I$5,0),IF(P10="Y",Rubric!$I$6,0),IF(O10="Y",IF(AE10>=3,Rubric!$I$7,Rubric!$I$8),0),IF(Q10="Y",Rubric!$I$9,0))) -> 5 | AC10: {=MAX(1,INDEX(Rubric!$B$5:$B$9,MATCH(T10,Rubric!$A$5:$A$9,0))-IF(AND(U10="Y",T10<>"P"),Rubric!$I$11,0))} -> 3 | AD10: {=INDEX(Rubric!$E$5:$E$9,MATCH(M10,Rubric!$D$5:$D$9,0))} -> 3 | AE10: 2 | AF10: 3 | AG10: 5 | AH10: =IF(S10="Enabler","",AB10+AC10+AD10+AE10+AF10) -> 16 | AI10: =IF(S10="Enabler","",AB10+AC10+AD10+AE10+AG10) -> 18 | AJ10: {=IF(AH10="","",INDEX(Rubric!$M$5:$M$8,MATCH(AH10,Rubric!$L$5:$L$8,1)))} -> High | AK10: {=IF(AI10="","",INDEX(Rubric!$M$5:$M$8,MATCH(AI10,Rubric!$L$5:$L$8,1)))} -> High | AL10: Strong pass: separation or residual test (L3); weak pass: no check | AM10: several aircraft | AN10: Emitter and position | AO10: SC-1 | AP10: EX-0014 Spoofing; IMP-0001 Deception | AQ10: T0832 Manipulation of View (medium) | AR10: medium | AS10: Validated: LLM panel and co-author evaluation | AT10: =COUNTIF('CVE Register'!$X$5:$X$61,"*"&A10&"*") -> 0 | AU10: — | AV10: L1 > L2 > L3 > L4 (4 of 4 layers) L1: [A1.1], A1.3, A1.4, A1.7 | L2: A2.1, A2.2, A2.4 | L3: A3.1, A3.3, A3.4, A3.5, A3.6 | L4: A4.5, A4.6 Boundaries to first check A3.4/A3.5: 2 | to ATM A4.6: 3
A11: T1.07 | B11: L1 | C11: Selective suppression of emissions | D11: Targeted overshadowing or nulling removes the emissions of chosen aircraft or beams from reception while other traffic is unaffected. | E11: Directional or time-gated interference against selected targets | F11: A1.3 | G11: TB0 | H11: D | J11: n/a: no time offset on an asset of the timing dependency | L11: AC2 | M11: T1c | O11: Y | R11: =COUNTIF(N11:Q11,"Y") -> 1 | S11: Leaf | T11: =IF(COUNTIFS(Binding!$A$5:$A$108,A11,Binding!$C$5:$C$108,"Attack")=0,"P","E"&MAXIFS(Binding!$J$5:$J$108,Binding!$A$5:$A$108,A11,Binding!$C$5:$C$108,"Attack")) -> E2 | U11: N | V11: =IF(T11="P","",IF(COUNTIFS(Binding!$A$5:$A$108,A11,Binding!$C$5:$C$108,"Attack",Binding!$J$5:$J$108,MAXIFS(Binding!$J$5:$J$108,Binding!$A$5:$A$108,A11,Binding!$C$5:$C$108,"Attack"),Binding!$H$5:$H$108,"Yes")=0,"Yes","No")) -> No | W11: #3, #44 | Y11: M15; M17; M21 | Z11: 2 | AA11: 3 | AB11: =IF(S11="Enabler","",MAX(IF(N11="Y",Rubric!$I$5,0),IF(P11="Y",Rubric!$I$6,0),IF(O11="Y",IF(AE11>=3,Rubric!$I$7,Rubric!$I$8),0),IF(Q11="Y",Rubric!$I$9,0))) -> 2 | AC11: {=MAX(1,INDEX(Rubric!$B$5:$B$9,MATCH(T11,Rubric!$A$5:$A$9,0))-IF(AND(U11="Y",T11<>"P"),Rubric!$I$11,0))} -> 4 | AD11: {=INDEX(Rubric!$E$5:$E$9,MATCH(M11,Rubric!$D$5:$D$9,0))} -> 4 | AE11: 2 | AF11: 2 | AG11: 2 | AH11: =IF(S11="Enabler","",AB11+AC11+AD11+AE11+AF11) -> 14 | AI11: =IF(S11="Enabler","",AB11+AC11+AD11+AE11+AG11) -> 14 | AJ11: {=IF(AH11="","",INDEX(Rubric!$M$5:$M$8,MATCH(AH11,Rubric!$L$5:$L$8,1)))} -> Medium | AK11: {=IF(AI11="","",INDEX(Rubric!$M$5:$M$8,MATCH(AI11,Rubric!$L$5:$L$8,1)))} -> Medium | AL11: L2: reports for the target are missing, noticed as a coverage gap | AM11: several aircraft | AP11: EX-0016 Jamming; DE-0002.02 Jam Link Signal (medium) | AQ11: T0814 Denial of Service (medium) | AR11: medium | AS11: Validated: LLM panel and co-author evaluation | AT11: =COUNTIF('CVE Register'!$X$5:$X$61,"*"&A11&"*") -> 0 | AU11: — | AV11: L1 > L2 > L3 > L4 (4 of 4 layers) L1: [A1.3], A1.4, A1.7 | L2: A2.1, A2.2, A2.4 | L3: A3.1, A3.3, A3.4, A3.5, A3.6 | L4: A4.5, A4.6 Boundaries to first check A3.4/A3.5: 2 | to ATM A4.6: 3
A12: T1.08 | B12: L1 | C12: Message flooding of the payload | D12: Large volumes of valid-looking or garbled 1090 MHz squitters saturate the receive and decode chain, so genuine messages are lost. | E12: High-rate message generation by one or more emitters | F12: A1.1 | G12: TB0 | H12: D | J12: n/a: no time offset on an asset of the timing dependency | L12: AC2 | M12: T1c | O12: Y | R12: =COUNTIF(N12:Q12,"Y") -> 1 | S12: Leaf | T12: =IF(COUNTIFS(Binding!$A$5:$A$108,A12,Binding!$C$5:$C$108,"Attack")=0,"P","E"&MAXIFS(Binding!$J$5:$J$108,Binding!$A$5:$A$108,A12,Binding!$C$5:$C$108,"Attack")) -> E1 | U12: Y | V12: =IF(T12="P","",IF(COUNTIFS(Binding!$A$5:$A$108,A12,Binding!$C$5:$C$108,"Attack",Binding!$J$5:$J$108,MAXIFS(Binding!$J$5:$J$108,Binding!$A$5:$A$108,A12,Binding!$C$5:$C$108,"Attack"),Binding!$H$5:$H$108,"Yes")=0,"Yes","No")) -> No | W12: #13, #16 | Y12: M09; M25 | Z12: 2 | AA12: 3 | AB12: =IF(S12="Enabler","",MAX(IF(N12="Y",Rubric!$I$5,0),IF(P12="Y",Rubric!$I$6,0),IF(O12="Y",IF(AE12>=3,Rubric!$I$7,Rubric!$I$8),0),IF(Q12="Y",Rubric!$I$9,0))) -> 3 | AC12: {=MAX(1,INDEX(Rubric!$B$5:$B$9,MATCH(T12,Rubric!$A$5:$A$9,0))-IF(AND(U12="Y",T12<>"P"),Rubric!$I$11,0))} -> 2 | AD12: {=INDEX(Rubric!$E$5:$E$9,MATCH(M12,Rubric!$D$5:$D$9,0))} -> 4 | AE12: 3 | AF12: 1 | AG12: 1 | AH12: =IF(S12="Enabler","",AB12+AC12+AD12+AE12+AF12) -> 13 | AI12: =IF(S12="Enabler","",AB12+AC12+AD12+AE12+AG12) -> 13 | AJ12: {=IF(AH12="","",INDEX(Rubric!$M$5:$M$8,MATCH(AH12,Rubric!$L$5:$L$8,1)))} -> Medium | AK12: {=IF(AI12="","",INDEX(Rubric!$M$5:$M$8,MATCH(AI12,Rubric!$L$5:$L$8,1)))} -> Medium | AL12: L1: saturation is observable in receiver statistics | AM12: one footprint | AP12: EX-0013 Flooding; EX-0013.02 Erroneous Input (high) | AQ12: T1499 Endpoint Denial of Service (medium) | AR12: medium | AS12: Validated: LLM panel and co-author evaluation | AT12: =COUNTIF('CVE Register'!$X$5:$X$61,"*"&A12&"*") -> 0 | AU12: — | AV12: L1 > L2 > L3 > L4 (4 of 4 layers) L1: [A1.1], A1.3, A1.4, A1.7 | L2: A2.1, A2.2, A2.4 | L3: A3.1, A3.3, A3.4, A3.5, A3.6 | L4: A4.5, A4.6 Boundaries to first check A3.4/A3.5: 2 | to ATM A4.6: 3
A13: T1.09 | B13: L1 | C13: Biased observables at reception | D13: Interference or crafted signal structure shifts the measured TOA, FOA or AOA of a genuine emission at the payload, so the observable is biased before it is stamped. | E13: Crafted RF injection, frequency offset, multipath or array spoofing | F13: A1.4 | G13: TB1 | H13: T | I13: S | J13: n/a: no time offset on an asset of the timing dependency | L13: AC3 | M13: T2 | N13: Y | R13: =COUNTIF(N13:Q13,"Y") -> 1 | S13: Leaf | T13: =IF(COUNTIFS(Binding!$A$5:$A$108,A13,Binding!$C$5:$C$108,"Attack")=0,"P","E"&MAXIFS(Binding!$J$5:$J$108,Binding!$A$5:$A$108,A13,Binding!$C$5:$C$108,"Attack")) -> E1 | U13: Y | V13: =IF(T13="P","",IF(COUNTIFS(Binding!$A$5:$A$108,A13,Binding!$C$5:$C$108,"Attack",Binding!$J$5:$J$108,MAXIFS(Binding!$J$5:$J$108,Binding!$A$5:$A$108,A13,Binding!$C$5:$C$108,"Attack"),Binding!$H$5:$H$108,"Yes")=0,"Yes","No")) -> No | W13: #8, #9, #6 | Y13: M15; M16 | Z13: 2 | AA13: 3 | AB13: =IF(S13="Enabler","",MAX(IF(N13="Y",Rubric!$I$5,0),IF(P13="Y",Rubric!$I$6,0),IF(O13="Y",IF(AE13>=3,Rubric!$I$7,Rubric!$I$8),0),IF(Q13="Y",Rubric!$I$9,0))) -> 5 | AC13: {=MAX(1,INDEX(Rubric!$B$5:$B$9,MATCH(T13,Rubric!$A$5:$A$9,0))-IF(AND(U13="Y",T13<>"P"),Rubric!$I$11,0))} -> 2 | AD13: {=INDEX(Rubric!$E$5:$E$9,MATCH(M13,Rubric!$D$5:$D$9,0))} -> 3 | AE13: 3 | AF13: 3 | AG13: 5 | AH13: =IF(S13="Enabler","",AB13+AC13+AD13+AE13+AF13) -> 16 | AI13: =IF(S13="Enabler","",AB13+AC13+AD13+AE13+AG13) -> 18 | AJ13: {=IF(AH13="","",INDEX(Rubric!$M$5:$M$8,MATCH(AH13,Rubric!$L$5:$L$8,1)))} -> High | AK13: {=IF(AI13="","",INDEX(Rubric!$M$5:$M$8,MATCH(AI13,Rubric!$L$5:$L$8,1)))} -> High | AL13: Strong pass: residual test A3.4 (L3); weak pass: bias inside the stealth window | AM13: one footprint | AN13: Observables | AO13: SC-2 | AP13: EX-0014.03 Spoofing: Sensor Data (medium) | AQ13: T1565.003 Runtime Data Manipulation (medium) | AR13: medium | AS13: Validated: LLM panel and co-author evaluation | AT13: =COUNTIF('CVE Register'!$X$5:$X$61,"*"&A13&"*") -> 0 | AU13: — | AV13: L1 > L2 > L3 > L4 (4 of 4 layers) L1: [A1.4], A1.7 | L2: A2.1, A2.2, A2.4 | L3: A3.1, A3.3, A3.4, A3.5, A3.6 | L4: A4.5, A4.6 Boundaries to first check A3.4/A3.5: 2 | to ATM A4.6: 3
A14: T1.10 | B14: L1 | C14: GNSS jamming of the onboard timing receiver | D14: Ground-based interference denies the GNSS input that disciplines the onboard clock, forcing holdover and degrading time quality. The primary effect is loss of an input; any drift is a secondary tau effect. | E14: Ground jammer pointed at the satellite's GNSS receiver | F14: A1.2, A1.5 | G14: TB0, TB1 | H14: D | I14: tau | J14: Primary D: the effect is loss of the GNSS input. Any holdover drift is recorded as a secondary tau effect. | K14: Target | L14: AC4 | M14: T2 | N14: Y | O14: Y | R14: =COUNTIF(N14:Q14,"Y") -> 2 | S14: Leaf | T14: =IF(COUNTIFS(Binding!$A$5:$A$108,A14,Binding!$C$5:$C$108,"Attack")=0,"P","E"&MAXIFS(Binding!$J$5:$J$108,Binding!$A$5:$A$108,A14,Binding!$C$5:$C$108,"Attack")) -> E3 | U14: Y | V14: =IF(T14="P","",IF(COUNTIFS(Binding!$A$5:$A$108,A14,Binding!$C$5:$C$108,"Attack",Binding!$J$5:$J$108,MAXIFS(Binding!$J$5:$J$108,Binding!$A$5:$A$108,A14,Binding!$C$5:$C$108,"Attack"),Binding!$H$5:$H$108,"Yes")=0,"Yes","No")) -> No | W14: #54, #75, #69, #70, #22, #25 | Y14: M01; M12; M14; M18; M19; M23 | Z14: 2 | AA14: 3 | AB14: =IF(S14="Enabler","",MAX(IF(N14="Y",Rubric!$I$5,0),IF(P14="Y",Rubric!$I$6,0),IF(O14="Y",IF(AE14>=3,Rubric!$I$7,Rubric!$I$8),0),IF(Q14="Y",Rubric!$I$9,0))) -> 5 | AC14: {=MAX(1,INDEX(Rubric!$B$5:$B$9,MATCH(T14,Rubric!$A$5:$A$9,0))-IF(AND(U14="Y",T14<>"P"),Rubric!$I$11,0))} -> 4 | AD14: {=INDEX(Rubric!$E$5:$E$9,MATCH(M14,Rubric!$D$5:$D$9,0))} -> 3 | AE14: 4 | AF14: 1 | AG14: 1 | AH14: =IF(S14="Enabler","",AB14+AC14+AD14+AE14+AF14) -> 17 | AI14: =IF(S14="Enabler","",AB14+AC14+AD14+AE14+AG14) -> 17 | AJ14: {=IF(AH14="","",INDEX(Rubric!$M$5:$M$8,MATCH(AH14,Rubric!$L$5:$L$8,1)))} -> High | AK14: {=IF(AI14="","",INDEX(Rubric!$M$5:$M$8,MATCH(AI14,Rubric!$L$5:$L$8,1)))} -> High | AL14: L1: the clock checks flag loss of lock | AM14: several footprints | AN14: Clock | AO14: SC-5 | AP14: EX-0016.03 Jamming: Position, Navigation, and Timing (high) | AQ14: (unmapped) | AR14: high | AS14: Validated: LLM panel and co-author evaluation | AT14: =COUNTIF('CVE Register'!$X$5:$X$61,"*"&A14&"*") -> 1 | AU14: CVE-2026-3893 | AV14: L1 > L2 > L3 > L4 (4 of 4 layers) L1: [A1.2], [A1.5], A1.4, A1.7 | L2: A2.1, A2.2, A2.4 | L3: A3.1, A3.2, A3.3, A3.4, A3.5, A3.6 | L4: A4.5, A4.6 Boundaries to first check A3.4/A3.5: 2 | to ATM A4.6: 3
A15: T1.11 | B15: L1 | C15: GNSS spoofing of the onboard clock | D15: Counterfeit GNSS signals pull the GNSS-disciplined onboard clock, biasing every observable it stamps. Every report stays authentic and wrong; a covert 100 ns step is the hardest case. | E15: Counterfeit GNSS signals with a tracking, directional transmitter | F15: A1.2, A1.5 | G15: TB0, TB1 | H15: tau | I15: S | J15: Authentication-invariance test: with every message authenticated (A3), the spoofed input still offsets the clock, so primary tau, secondary Spoofing. | K15: Target | L15: AC4 | M15: T3 | N15: Y | R15: =COUNTIF(N15:Q15,"Y") -> 1 | S15: Leaf | T15: =IF(COUNTIFS(Binding!$A$5:$A$108,A15,Binding!$C$5:$C$108,"Attack")=0,"P","E"&MAXIFS(Binding!$J$5:$J$108,Binding!$A$5:$A$108,A15,Binding!$C$5:$C$108,"Attack")) -> E2 | U15: Y | V15: =IF(T15="P","",IF(COUNTIFS(Binding!$A$5:$A$108,A15,Binding!$C$5:$C$108,"Attack",Binding!$J$5:$J$108,MAXIFS(Binding!$J$5:$J$108,Binding!$A$5:$A$108,A15,Binding!$C$5:$C$108,"Attack"),Binding!$H$5:$H$108,"Yes")=0,"Yes","No")) -> No | W15: #4, #47, #57, #19, #53 | X15: #76 | Y15: M01; M11; M12; M18; M19; M23 | Z15: 2 | AA15: 3 | AB15: =IF(S15="Enabler","",MAX(IF(N15="Y",Rubric!$I$5,0),IF(P15="Y",Rubric!$I$6,0),IF(O15="Y",IF(AE15>=3,Rubric!$I$7,Rubric!$I$8),0),IF(Q15="Y",Rubric!$I$9,0))) -> 5 | AC15: {=MAX(1,INDEX(Rubric!$B$5:$B$9,MATCH(T15,Rubric!$A$5:$A$9,0))-IF(AND(U15="Y",T15<>"P"),Rubric!$I$11,0))} -> 3 | AD15: {=INDEX(Rubric!$E$5:$E$9,MATCH(M15,Rubric!$D$5:$D$9,0))} -> 2 | AE15: 3 | AF15: 3 | AG15: 5 | AH15: =IF(S15="Enabler","",AB15+AC15+AD15+AE15+AF15) -> 16 | AI15: =IF(S15="Enabler","",AB15+AC15+AD15+AE15+AG15) -> 18 | AJ15: {=IF(AH15="","",INDEX(Rubric!$M$5:$M$8,MATCH(AH15,Rubric!$L$5:$L$8,1)))} -> High | AK15: {=IF(AI15="","",INDEX(Rubric!$M$5:$M$8,MATCH(AI15,Rubric!$L$5:$L$8,1)))} -> High | AL15: Strong pass: L3 residual test; weak pass: bias inside the stealth window | AM15: one footprint | AN15: Clock | AO15: SC-3; SC-5 | AP15: EX-0014.04 Spoofing: PNT; EX-0014.01 Spoofing: Time Spoof (high) | AQ15: (unmapped) | AR15: high | AS15: Baseline: reproduces Table 5 of the paper | AT15: =COUNTIF('CVE Register'!$X$5:$X$61,"*"&A15&"*") -> 1 | AU15: CVE-2026-3893 | AV15: L1 > L2 > L3 > L4 (4 of 4 layers) L1: [A1.2], [A1.5], A1.4, A1.7 | L2: A2.1, A2.2, A2.4 | L3: A3.1, A3.2, A3.3, A3.4, A3.5, A3.6 | L4: A4.5, A4.6 Boundaries to first check A3.4/A3.5: 2 | to ATM A4.6: 3
A16: T1.12 | B16: L1 | C16: Weakly authenticated telecommand acceptance | D16: The satellite accepts commands that lack effective link-layer authentication or replay protection, allowing unauthorised commanding of the bus and payload. Hosted-asset edges A1.6 to A1.4 and A1.5 are an inferred reading (S1). | E16: Command uplink without effective authentication | F16: A1.6 | G16: TB1 | H16: E | I16: S | J16: n/a: no time offset on an asset of the timing dependency | L16: AC6 | M16: T2 | N16: Y | O16: Y | R16: =COUNTIF(N16:Q16,"Y") -> 2 | S16: Leaf | T16: =IF(COUNTIFS(Binding!$A$5:$A$108,A16,Binding!$C$5:$C$108,"Attack")=0,"P","E"&MAXIFS(Binding!$J$5:$J$108,Binding!$A$5:$A$108,A16,Binding!$C$5:$C$108,"Attack")) -> E2 | U16: N | V16: =IF(T16="P","",IF(COUNTIFS(Binding!$A$5:$A$108,A16,Binding!$C$5:$C$108,"Attack",Binding!$J$5:$J$108,MAXIFS(Binding!$J$5:$J$108,Binding!$A$5:$A$108,A16,Binding!$C$5:$C$108,"Attack"),Binding!$H$5:$H$108,"Yes")=0,"Yes","No")) -> Yes | W16: #67, #15, #60 | Y16: M04; M06; M22; M24 | Z16: 2 | AA16: 3 | AB16: =IF(S16="Enabler","",MAX(IF(N16="Y",Rubric!$I$5,0),IF(P16="Y",Rubric!$I$6,0),IF(O16="Y",IF(AE16>=3,Rubric!$I$7,Rubric!$I$8),0),IF(Q16="Y",Rubric!$I$9,0))) -> 5 | AC16: {=MAX(1,INDEX(Rubric!$B$5:$B$9,MATCH(T16,Rubric!$A$5:$A$9,0))-IF(AND(U16="Y",T16<>"P"),Rubric!$I$11,0))} -> 4 | AD16: {=INDEX(Rubric!$E$5:$E$9,MATCH(M16,Rubric!$D$5:$D$9,0))} -> 3 | AE16: 4 | AF16: 4 | AG16: 4 | AH16: =IF(S16="Enabler","",AB16+AC16+AD16+AE16+AF16) -> 20 | AI16: =IF(S16="Enabler","",AB16+AC16+AD16+AE16+AG16) -> 20 | AJ16: {=IF(AH16="","",INDEX(Rubric!$M$5:$M$8,MATCH(AH16,Rubric!$L$5:$L$8,1)))} -> Critical | AK16: {=IF(AI16="","",INDEX(Rubric!$M$5:$M$8,MATCH(AI16,Rubric!$L$5:$L$8,1)))} -> Critical | AL16: L4 only: anomalous commands are found through telemetry audit | AM16: several footprints | AN16: Platform and command | AO16: SC-4; SC-15 | AP16: EX-0001 Replay (command packets); IA-0007.02 Malicious Commanding via Valid GS (medium) | AQ16: (unmapped) | AR16: medium | AS16: Validated: LLM panel and co-author evaluation | AT16: =COUNTIF('CVE Register'!$X$5:$X$61,"*"&A16&"*") -> 0 | AU16: — | AV16: L1 > L2 > L3 > L4 (4 of 4 layers) L1: [A1.6], A1.4†, A1.5†, A1.7† | L2: A2.1†, A2.2†, A2.4† | L3: A3.1†, A3.2†, A3.3†, A3.4†, A3.5†, A3.6† | L4: A4.5†, A4.6† Boundaries to first check A3.4/A3.5: 2 | to ATM A4.6: 3
A17: T1.13 | B17: L1 | C17: Flight-software memory-safety defect exploitation | D17: A defect in flight or bus software is exploited to gain control of the bus, the payload processor or the clock. | E17: Exploitable software defect reachable from the command path | F17: A1.6 | G17: TB1 | H17: E | I17: T | J17: n/a: no time offset on an asset of the timing dependency | L17: AC6 | M17: T2 | N17: Y | O17: Y | R17: =COUNTIF(N17:Q17,"Y") -> 2 | S17: Leaf | T17: =IF(COUNTIFS(Binding!$A$5:$A$108,A17,Binding!$C$5:$C$108,"Attack")=0,"P","E"&MAXIFS(Binding!$J$5:$J$108,Binding!$A$5:$A$108,A17,Binding!$C$5:$C$108,"Attack")) -> E2 | U17: Y | V17: =IF(T17="P","",IF(COUNTIFS(Binding!$A$5:$A$108,A17,Binding!$C$5:$C$108,"Attack",Binding!$J$5:$J$108,MAXIFS(Binding!$J$5:$J$108,Binding!$A$5:$A$108,A17,Binding!$C$5:$C$108,"Attack"),Binding!$H$5:$H$108,"Yes")=0,"Yes","No")) -> Yes | W17: #65, #15 | Y17: M04; M05; M10; M13; M24 | Z17: 2 | AA17: 3 | AB17: =IF(S17="Enabler","",MAX(IF(N17="Y",Rubric!$I$5,0),IF(P17="Y",Rubric!$I$6,0),IF(O17="Y",IF(AE17>=3,Rubric!$I$7,Rubric!$I$8),0),IF(Q17="Y",Rubric!$I$9,0))) -> 5 | AC17: {=MAX(1,INDEX(Rubric!$B$5:$B$9,MATCH(T17,Rubric!$A$5:$A$9,0))-IF(AND(U17="Y",T17<>"P"),Rubric!$I$11,0))} -> 3 | AD17: {=INDEX(Rubric!$E$5:$E$9,MATCH(M17,Rubric!$D$5:$D$9,0))} -> 3 | AE17: 4 | AF17: 4 | AG17: 4 | AH17: =IF(S17="Enabler","",AB17+AC17+AD17+AE17+AF17) -> 19 | AI17: =IF(S17="Enabler","",AB17+AC17+AD17+AE17+AG17) -> 19 | AJ17: {=IF(AH17="","",INDEX(Rubric!$M$5:$M$8,MATCH(AH17,Rubric!$L$5:$L$8,1)))} -> High | AK17: {=IF(AI17="","",INDEX(Rubric!$M$5:$M$8,MATCH(AI17,Rubric!$L$5:$L$8,1)))} -> High | AL17: L4 only: compromise is found through telemetry audit | AM17: several footprints | AN17: Platform and command | AO17: SC-4 | AP17: EX-0009.01 Exploit Code Flaws: Flight Software (high) | AQ17: T0890 Exploitation for Privilege Escalation (medium) | AR17: medium | AS17: Validated: LLM panel and co-author evaluation | AT17: =COUNTIF('CVE Register'!$X$5:$X$61,"*"&A17&"*") -> 5 | AU17: 5 CVEs: NASA cFS Aquila (4), NASA F Prime (1) | AV17: L1 > L2 > L3 > L4 (4 of 4 layers) L1: [A1.6], A1.4†, A1.5†, A1.7† | L2: A2.1†, A2.2†, A2.4† | L3: A3.1†, A3.2†, A3.3†, A3.4†, A3.5†, A3.6† | L4: A4.5†, A4.6† Boundaries to first check A3.4/A3.5: 2 | to ATM A4.6: 3
A18: T1.14 | B18: L1 | C18: Firmware compromise or secure-boot bypass | D18: Payload or bus firmware is altered, or its boot chain bypassed, giving persistent control or latent behaviour. | E18: Fault injection or an unauthenticated update path | F18: A1.6 | G18: TB1 | H18: E | I18: T | J18: n/a: no time offset on an asset of the timing dependency | L18: AC6 | M18: T3 | N18: Y | O18: Y | R18: =COUNTIF(N18:Q18,"Y") -> 2 | S18: Leaf | T18: =IF(COUNTIFS(Binding!$A$5:$A$108,A18,Binding!$C$5:$C$108,"Attack")=0,"P","E"&MAXIFS(Binding!$J$5:$J$108,Binding!$A$5:$A$108,A18,Binding!$C$5:$C$108,"Attack")) -> E2 | U18: Y | V18: =IF(T18="P","",IF(COUNTIFS(Binding!$A$5:$A$108,A18,Binding!$C$5:$C$108,"Attack",Binding!$J$5:$J$108,MAXIFS(Binding!$J$5:$J$108,Binding!$A$5:$A$108,A18,Binding!$C$5:$C$108,"Attack"),Binding!$H$5:$H$108,"Yes")=0,"Yes","No")) -> Yes | W18: #64, #15 | Y18: M04; M24 | Z18: 2 | AA18: 3 | AB18: =IF(S18="Enabler","",MAX(IF(N18="Y",Rubric!$I$5,0),IF(P18="Y",Rubric!$I$6,0),IF(O18="Y",IF(AE18>=3,Rubric!$I$7,Rubric!$I$8),0),IF(Q18="Y",Rubric!$I$9,0))) -> 5 | AC18: {=MAX(1,INDEX(Rubric!$B$5:$B$9,MATCH(T18,Rubric!$A$5:$A$9,0))-IF(AND(U18="Y",T18<>"P"),Rubric!$I$11,0))} -> 3 | AD18: {=INDEX(Rubric!$E$5:$E$9,MATCH(M18,Rubric!$D$5:$D$9,0))} -> 2 | AE18: 5 | AF18: 4 | AG18: 4 | AH18: =IF(S18="Enabler","",AB18+AC18+AD18+AE18+AF18) -> 19 | AI18: =IF(S18="Enabler","",AB18+AC18+AD18+AE18+AG18) -> 19 | AJ18: {=IF(AH18="","",INDEX(Rubric!$M$5:$M$8,MATCH(AH18,Rubric!$L$5:$L$8,1)))} -> High | AK18: {=IF(AI18="","",INDEX(Rubric!$M$5:$M$8,MATCH(AI18,Rubric!$L$5:$L$8,1)))} -> High | AL18: L4 only: persistent changes are found through baseline comparison | AM18: whole constellation | AN18: Platform and command | AO18: SC-4 | AP18: EX-0005.01 Exploit Hardware/Firmware Corruption: Design Flaws; EX-0004 Compromise Boot Memory (high) | AQ18: (unmapped) | AR18: medium | AS18: Validated: LLM panel and co-author evaluation | AT18: =COUNTIF('CVE Register'!$X$5:$X$61,"*"&A18&"*") -> 0 | AU18: — | AV18: L1 > L2 > L3 > L4 (4 of 4 layers) L1: [A1.6], A1.4†, A1.5†, A1.7† | L2: A2.1†, A2.2†, A2.4† | L3: A3.1†, A3.2†, A3.3†, A3.4†, A3.5†, A3.6† | L4: A4.5†, A4.6† Boundaries to first check A3.4/A3.5: 2 | to ATM A4.6: 3
A19: T1.15 | B19: L1 | C19: Ground-station terminal compromise | D19: Remote compromise of ground-station modems or terminals (default credentials, exposed management) is used to disrupt reception or the command link. | E19: Internet-exposed management interfaces and hard-coded credentials | F19: A1.7 | G19: TB2 | H19: D | I19: E | J19: n/a: no time offset on an asset of the timing dependency | L19: AC6 | M19: T2 | O19: Y | R19: =COUNTIF(N19:Q19,"Y") -> 1 | S19: Leaf | T19: =IF(COUNTIFS(Binding!$A$5:$A$108,A19,Binding!$C$5:$C$108,"Attack")=0,"P","E"&MAXIFS(Binding!$J$5:$J$108,Binding!$A$5:$A$108,A19,Binding!$C$5:$C$108,"Attack")) -> E3 | U19: Y | V19: =IF(T19="P","",IF(COUNTIFS(Binding!$A$5:$A$108,A19,Binding!$C$5:$C$108,"Attack",Binding!$J$5:$J$108,MAXIFS(Binding!$J$5:$J$108,Binding!$A$5:$A$108,A19,Binding!$C$5:$C$108,"Attack"),Binding!$H$5:$H$108,"Yes")=0,"Yes","No")) -> Yes | W19: #62, #61 | Y19: M06; M13; M24 | Z19: 2 | AA19: 3 | AB19: =IF(S19="Enabler","",MAX(IF(N19="Y",Rubric!$I$5,0),IF(P19="Y",Rubric!$I$6,0),IF(O19="Y",IF(AE19>=3,Rubric!$I$7,Rubric!$I$8),0),IF(Q19="Y",Rubric!$I$9,0))) -> 3 | AC19: {=MAX(1,INDEX(Rubric!$B$5:$B$9,MATCH(T19,Rubric!$A$5:$A$9,0))-IF(AND(U19="Y",T19<>"P"),Rubric!$I$11,0))} -> 4 | AD19: {=INDEX(Rubric!$E$5:$E$9,MATCH(M19,Rubric!$D$5:$D$9,0))} -> 3 | AE19: 4 | AF19: 4 | AG19: 4 | AH19: =IF(S19="Enabler","",AB19+AC19+AD19+AE19+AF19) -> 18 | AI19: =IF(S19="Enabler","",AB19+AC19+AD19+AE19+AG19) -> 18 | AJ19: {=IF(AH19="","",INDEX(Rubric!$M$5:$M$8,MATCH(AH19,Rubric!$L$5:$L$8,1)))} -> High | AK19: {=IF(AI19="","",INDEX(Rubric!$M$5:$M$8,MATCH(AI19,Rubric!$L$5:$L$8,1)))} -> High | AL19: L4 only: found by operations monitoring | AM19: several footprints | AP19: IA-0007 Compromise Ground System (high) | AQ19: T0866 Exploitation of Remote Services (medium) | AR19: medium | AS19: Validated: LLM panel and co-author evaluation | AT19: =COUNTIF('CVE Register'!$X$5:$X$61,"*"&A19&"*") -> 3 | AU19: CVE-2014-2941, CVE-2014-2942, CVE-2014-2964 | AV19: L1 > L3 > L4 (3 of 4 layers) L1: [A1.7] | L3: A3.1, A3.3, A3.4, A3.5, A3.6 | L4: A4.5, A4.6 Boundaries to first check A3.4/A3.5: 2 | to ATM A4.6: 3
A20: T1.16 | B20: L1 | C20: Ground-station reception denial | D20: RF interference or overload of the ground-station antennas and modems blocks the downlink or the telecommand path. | E20: RF interference or resource exhaustion at the ground station | F20: A1.7 | G20: TB2 | H20: D | J20: n/a: no time offset on an asset of the timing dependency | L20: AC5 | M20: T2 | O20: Y | R20: =COUNTIF(N20:Q20,"Y") -> 1 | S20: Leaf | T20: =IF(COUNTIFS(Binding!$A$5:$A$108,A20,Binding!$C$5:$C$108,"Attack")=0,"P","E"&MAXIFS(Binding!$J$5:$J$108,Binding!$A$5:$A$108,A20,Binding!$C$5:$C$108,"Attack")) -> E1 | U20: Y | V20: =IF(T20="P","",IF(COUNTIFS(Binding!$A$5:$A$108,A20,Binding!$C$5:$C$108,"Attack",Binding!$J$5:$J$108,MAXIFS(Binding!$J$5:$J$108,Binding!$A$5:$A$108,A20,Binding!$C$5:$C$108,"Attack"),Binding!$H$5:$H$108,"Yes")=0,"Yes","No")) -> No | W20: #21, #13 | Y20: M09; M25 | Z20: 2 | AA20: 3 | AB20: =IF(S20="Enabler","",MAX(IF(N20="Y",Rubric!$I$5,0),IF(P20="Y",Rubric!$I$6,0),IF(O20="Y",IF(AE20>=3,Rubric!$I$7,Rubric!$I$8),0),IF(Q20="Y",Rubric!$I$9,0))) -> 3 | AC20: {=MAX(1,INDEX(Rubric!$B$5:$B$9,MATCH(T20,Rubric!$A$5:$A$9,0))-IF(AND(U20="Y",T20<>"P"),Rubric!$I$11,0))} -> 2 | AD20: {=INDEX(Rubric!$E$5:$E$9,MATCH(M20,Rubric!$D$5:$D$9,0))} -> 3 | AE20: 3 | AF20: 2 | AG20: 2 | AH20: =IF(S20="Enabler","",AB20+AC20+AD20+AE20+AF20) -> 13 | AI20: =IF(S20="Enabler","",AB20+AC20+AD20+AE20+AG20) -> 13 | AJ20: {=IF(AH20="","",INDEX(Rubric!$M$5:$M$8,MATCH(AH20,Rubric!$L$5:$L$8,1)))} -> Medium | AK20: {=IF(AI20="","",INDEX(Rubric!$M$5:$M$8,MATCH(AI20,Rubric!$L$5:$L$8,1)))} -> Medium | AL20: L2: missing downlink data is noticed immediately | AM20: one footprint | AP20: EX-0016.02 Jamming: Downlink Jamming (high) | AQ20: T0814 Denial of Service (medium) | AR20: medium | AS20: Validated: LLM panel and co-author evaluation | AT20: =COUNTIF('CVE Register'!$X$5:$X$61,"*"&A20&"*") -> 0 | AU20: — | AV20: L1 > L3 > L4 (3 of 4 layers) L1: [A1.7] | L3: A3.1, A3.3, A3.4, A3.5, A3.6 | L4: A4.5, A4.6 Boundaries to first check A3.4/A3.5: 2 | to ATM A4.6: 3
A21: T2.01 | B21: L2 | C21: Modified TOA/FOA/AOA values in reports | D21: Observable fields of reports in transit are altered, biasing the multilateration input while each message stays well-formed. Specific to multilateration. Under W4 nothing at L2 detects it. | E21: Alteration of report fields on the relay path | F21: A2.1 | G21: TB2 | H21: T | J21: n/a: no time offset on an asset of the timing dependency | K21: Derived | L21: AC5 | M21: T2 | N21: Y | R21: =COUNTIF(N21:Q21,"Y") -> 1 | S21: Leaf | T21: =IF(COUNTIFS(Binding!$A$5:$A$108,A21,Binding!$C$5:$C$108,"Attack")=0,"P","E"&MAXIFS(Binding!$J$5:$J$108,Binding!$A$5:$A$108,A21,Binding!$C$5:$C$108,"Attack")) -> E1 | U21: Y | V21: =IF(T21="P","",IF(COUNTIFS(Binding!$A$5:$A$108,A21,Binding!$C$5:$C$108,"Attack",Binding!$J$5:$J$108,MAXIFS(Binding!$J$5:$J$108,Binding!$A$5:$A$108,A21,Binding!$C$5:$C$108,"Attack"),Binding!$H$5:$H$108,"Yes")=0,"Yes","No")) -> No | W21: #17, #18, #39 | Y21: M20 | Z21: 1 | AA21: 2 | AB21: =IF(S21="Enabler","",MAX(IF(N21="Y",Rubric!$I$5,0),IF(P21="Y",Rubric!$I$6,0),IF(O21="Y",IF(AE21>=3,Rubric!$I$7,Rubric!$I$8),0),IF(Q21="Y",Rubric!$I$9,0))) -> 5 | AC21: {=MAX(1,INDEX(Rubric!$B$5:$B$9,MATCH(T21,Rubric!$A$5:$A$9,0))-IF(AND(U21="Y",T21<>"P"),Rubric!$I$11,0))} -> 2 | AD21: {=INDEX(Rubric!$E$5:$E$9,MATCH(M21,Rubric!$D$5:$D$9,0))} -> 3 | AE21: 4 | AF21: 3 | AG21: 5 | AH21: =IF(S21="Enabler","",AB21+AC21+AD21+AE21+AF21) -> 17 | AI21: =IF(S21="Enabler","",AB21+AC21+AD21+AE21+AG21) -> 19 | AJ21: {=IF(AH21="","",INDEX(Rubric!$M$5:$M$8,MATCH(AH21,Rubric!$L$5:$L$8,1)))} -> High | AK21: {=IF(AI21="","",INDEX(Rubric!$M$5:$M$8,MATCH(AI21,Rubric!$L$5:$L$8,1)))} -> High | AL21: Strong pass: residual test A3.4; weak pass: bias inside the window; W4: no report authentication | AM21: several footprints | AN21: Observables | AO21: SC-6; SC-9 | AP21: EX-0012.06 Modify On-Board Values: Science/Payload Data (medium) | AQ21: T1565.002 Transmitted Data Manipulation (high) | AR21: high | AS21: Baseline: reproduces Table 5 of the paper | AT21: =COUNTIF('CVE Register'!$X$5:$X$61,"*"&A21&"*") -> 0 | AU21: — | AV21: L1 > L2 > L3 > L4 (4 of 4 layers) L1: A1.7 | L2: [A2.1], A2.2, A2.4 | L3: A3.1, A3.3, A3.4, A3.5, A3.6 | L4: A4.5, A4.6 Boundaries to first check A3.4/A3.5: 1 | to ATM A4.6: 2
A22: T2.02 | B22: L2 | C22: Spoofed or impersonated node reports | D22: A forged or impersonated relay node injects fabricated observable reports that the CPS fuses as genuine. | E22: Node impersonation on the relay or downlink | F22: A2.1 | G22: TB2 | H22: S | I22: T | J22: n/a: no time offset on an asset of the timing dependency | L22: AC5 | M22: T2 | N22: Y | P22: Y | R22: =COUNTIF(N22:Q22,"Y") -> 2 | S22: Leaf | T22: =IF(COUNTIFS(Binding!$A$5:$A$108,A22,Binding!$C$5:$C$108,"Attack")=0,"P","E"&MAXIFS(Binding!$J$5:$J$108,Binding!$A$5:$A$108,A22,Binding!$C$5:$C$108,"Attack")) -> E2 | U22: Y | V22: =IF(T22="P","",IF(COUNTIFS(Binding!$A$5:$A$108,A22,Binding!$C$5:$C$108,"Attack",Binding!$J$5:$J$108,MAXIFS(Binding!$J$5:$J$108,Binding!$A$5:$A$108,A22,Binding!$C$5:$C$108,"Attack"),Binding!$H$5:$H$108,"Yes")=0,"Yes","No")) -> No | W22: #50, #51, #14 | Y22: M04; M17 | Z22: 1 | AA22: 2 | AB22: =IF(S22="Enabler","",MAX(IF(N22="Y",Rubric!$I$5,0),IF(P22="Y",Rubric!$I$6,0),IF(O22="Y",IF(AE22>=3,Rubric!$I$7,Rubric!$I$8),0),IF(Q22="Y",Rubric!$I$9,0))) -> 5 | AC22: {=MAX(1,INDEX(Rubric!$B$5:$B$9,MATCH(T22,Rubric!$A$5:$A$9,0))-IF(AND(U22="Y",T22<>"P"),Rubric!$I$11,0))} -> 3 | AD22: {=INDEX(Rubric!$E$5:$E$9,MATCH(M22,Rubric!$D$5:$D$9,0))} -> 3 | AE22: 3 | AF22: 3 | AG22: 5 | AH22: =IF(S22="Enabler","",AB22+AC22+AD22+AE22+AF22) -> 17 | AI22: =IF(S22="Enabler","",AB22+AC22+AD22+AE22+AG22) -> 19 | AJ22: {=IF(AH22="","",INDEX(Rubric!$M$5:$M$8,MATCH(AH22,Rubric!$L$5:$L$8,1)))} -> High | AK22: {=IF(AI22="","",INDEX(Rubric!$M$5:$M$8,MATCH(AI22,Rubric!$L$5:$L$8,1)))} -> High | AL22: Strong pass: association/residual test (L3); weak pass: no check | AM22: one footprint | AN22: Observables | AO22: SC-6 | AP22: IA-0003 Crosslink via Compromised Neighbor; IA-0008.02 Rogue Spacecraft (medium) | AQ22: T1565.002 Transmitted Data Manipulation (medium) | AR22: medium | AS22: Validated: LLM panel and co-author evaluation | AT22: =COUNTIF('CVE Register'!$X$5:$X$61,"*"&A22&"*") -> 0 | AU22: — | AV22: L1 > L2 > L3 > L4 (4 of 4 layers) L1: A1.7 | L2: [A2.1], A2.2, A2.4 | L3: A3.1, A3.3, A3.4, A3.5, A3.6 | L4: A4.5, A4.6 Boundaries to first check A3.4/A3.5: 1 | to ATM A4.6: 2
A23: T2.03 | B23: L2 | C23: Delayed or modified reports | D23: Reports are held back, reordered or delayed selectively, distorting the time-difference solution while each message remains valid. | E23: Selective delay or modification on the relay path | F23: A2.1 | G23: TB2 | H23: T | I23: D | J23: n/a: no time offset on an asset of the timing dependency | K23: Derived | L23: AC5 | M23: T2 | N23: Y | O23: Y | R23: =COUNTIF(N23:Q23,"Y") -> 2 | S23: Leaf | T23: =IF(COUNTIFS(Binding!$A$5:$A$108,A23,Binding!$C$5:$C$108,"Attack")=0,"P","E"&MAXIFS(Binding!$J$5:$J$108,Binding!$A$5:$A$108,A23,Binding!$C$5:$C$108,"Attack")) -> E1 | U23: Y | V23: =IF(T23="P","",IF(COUNTIFS(Binding!$A$5:$A$108,A23,Binding!$C$5:$C$108,"Attack",Binding!$J$5:$J$108,MAXIFS(Binding!$J$5:$J$108,Binding!$A$5:$A$108,A23,Binding!$C$5:$C$108,"Attack"),Binding!$H$5:$H$108,"Yes")=0,"Yes","No")) -> No | W23: #51, #40 | Y23: M02; M03; M04; M17; M23 | Z23: 1 | AA23: 2 | AB23: =IF(S23="Enabler","",MAX(IF(N23="Y",Rubric!$I$5,0),IF(P23="Y",Rubric!$I$6,0),IF(O23="Y",IF(AE23>=3,Rubric!$I$7,Rubric!$I$8),0),IF(Q23="Y",Rubric!$I$9,0))) -> 5 | AC23: {=MAX(1,INDEX(Rubric!$B$5:$B$9,MATCH(T23,Rubric!$A$5:$A$9,0))-IF(AND(U23="Y",T23<>"P"),Rubric!$I$11,0))} -> 2 | AD23: {=INDEX(Rubric!$E$5:$E$9,MATCH(M23,Rubric!$D$5:$D$9,0))} -> 3 | AE23: 3 | AF23: 3 | AG23: 5 | AH23: =IF(S23="Enabler","",AB23+AC23+AD23+AE23+AF23) -> 16 | AI23: =IF(S23="Enabler","",AB23+AC23+AD23+AE23+AG23) -> 18 | AJ23: {=IF(AH23="","",INDEX(Rubric!$M$5:$M$8,MATCH(AH23,Rubric!$L$5:$L$8,1)))} -> High | AK23: {=IF(AI23="","",INDEX(Rubric!$M$5:$M$8,MATCH(AI23,Rubric!$L$5:$L$8,1)))} -> High | AL23: Strong pass: residual test (L3); weak pass: bias inside the window | AM23: one footprint | AN23: Observables | AO23: SC-9 | AP23: EX-0012.06 Modify On-Board Values: Science/Payload Data (medium) | AQ23: T1565.002 Transmitted Data Manipulation (high) | AR23: medium | AS23: Validated: LLM panel and co-author evaluation | AT23: =COUNTIF('CVE Register'!$X$5:$X$61,"*"&A23&"*") -> 0 | AU23: — | AV23: L1 > L2 > L3 > L4 (4 of 4 layers) L1: A1.7 | L2: [A2.1], A2.2, A2.4 | L3: A3.1, A3.3, A3.4, A3.5, A3.6 | L4: A4.5, A4.6 Boundaries to first check A3.4/A3.5: 1 | to ATM A4.6: 2
A24: T2.04 | B24: L2 | C24: Geometry-targeted dropping of reports | D24: Selective loss of reports from the best-placed satellites raises HDOP and magnifies any other error without a visible outage. Specific to multilateration. An enabler: it opens the stealth window. | E24: Congestion or selective packet dropping on chosen links | F24: A2.2 | G24: (none: inside a layer) | H24: D | I24: T | J24: n/a: no time offset on an asset of the timing dependency | L24: AC5 | M24: T3 | N24: Y | O24: Y | R24: =COUNTIF(N24:Q24,"Y") -> 2 | S24: Enabler | T24: =IF(COUNTIFS(Binding!$A$5:$A$108,A24,Binding!$C$5:$C$108,"Attack")=0,"P","E"&MAXIFS(Binding!$J$5:$J$108,Binding!$A$5:$A$108,A24,Binding!$C$5:$C$108,"Attack")) -> E1 | U24: Y | V24: =IF(T24="P","",IF(COUNTIFS(Binding!$A$5:$A$108,A24,Binding!$C$5:$C$108,"Attack",Binding!$J$5:$J$108,MAXIFS(Binding!$J$5:$J$108,Binding!$A$5:$A$108,A24,Binding!$C$5:$C$108,"Attack"),Binding!$H$5:$H$108,"Yes")=0,"Yes","No")) -> No | W24: #13, #16, #21 | Y24: M09; M25 | Z24: 1 | AA24: 2 | AB24: =IF(S24="Enabler","",MAX(IF(N24="Y",Rubric!$I$5,0),IF(P24="Y",Rubric!$I$6,0),IF(O24="Y",IF(AE24>=3,Rubric!$I$7,Rubric!$I$8),0),IF(Q24="Y",Rubric!$I$9,0))) | AC24: {=MAX(1,INDEX(Rubric!$B$5:$B$9,MATCH(T24,Rubric!$A$5:$A$9,0))-IF(AND(U24="Y",T24<>"P"),Rubric!$I$11,0))} -> 2 | AD24: {=INDEX(Rubric!$E$5:$E$9,MATCH(M24,Rubric!$D$5:$D$9,0))} -> 2 | AE24: 3 | AF24: 4 | AG24: 4 | AH24: =IF(S24="Enabler","",AB24+AC24+AD24+AE24+AF24) | AI24: =IF(S24="Enabler","",AB24+AC24+AD24+AE24+AG24) | AJ24: {=IF(AH24="","",INDEX(Rubric!$M$5:$M$8,MATCH(AH24,Rubric!$L$5:$L$8,1)))} | AK24: {=IF(AI24="","",INDEX(Rubric!$M$5:$M$8,MATCH(AI24,Rubric!$L$5:$L$8,1)))} | AL24: L4 only: no outage is visible, the degradation is gradual | AM24: one footprint | AN24: Geometry | AO24: SC-7 | AP24: IMP-0004 Degradation; EX-0013 Flooding (medium) | AQ24: T1499 Endpoint Denial of Service (medium) | AR24: medium | AS24: Baseline: reproduces Table 5 of the paper | AT24: =COUNTIF('CVE Register'!$X$5:$X$61,"*"&A24&"*") -> 0 | AU24: — | AV24: L1 > L2 > L3 > L4 (4 of 4 layers) L1: A1.7 | L2: [A2.2], A2.4 | L3: A3.1, A3.3, A3.4, A3.5, A3.6 | L4: A4.5, A4.6 Boundaries to first check A3.4/A3.5: 1 | to ATM A4.6: 2 Enabler: weakens a safeguard; listed assets are exposed once the enabled attack runs.
A25: T2.05 | B25: L2 | C25: Inter-satellite-link denial | D25: Disruption of ISL terminals or crosslinks cuts relay paths so that fewer reports reach the ground. No published mechanism against the crosslink terminals of an MLAT constellation. | E25: Link disruption at ISL terminals | F25: A2.2 | G25: (none: inside a layer) | H25: D | J25: n/a: no time offset on an asset of the timing dependency | L25: AC5 | M25: T3 | O25: Y | R25: =COUNTIF(N25:Q25,"Y") -> 1 | S25: Leaf | T25: =IF(COUNTIFS(Binding!$A$5:$A$108,A25,Binding!$C$5:$C$108,"Attack")=0,"P","E"&MAXIFS(Binding!$J$5:$J$108,Binding!$A$5:$A$108,A25,Binding!$C$5:$C$108,"Attack")) -> P | V25: =IF(T25="P","",IF(COUNTIFS(Binding!$A$5:$A$108,A25,Binding!$C$5:$C$108,"Attack",Binding!$J$5:$J$108,MAXIFS(Binding!$J$5:$J$108,Binding!$A$5:$A$108,A25,Binding!$C$5:$C$108,"Attack"),Binding!$H$5:$H$108,"Yes")=0,"Yes","No")) | W25: (none: postulated) | Z25: 1 | AA25: 2 | AB25: =IF(S25="Enabler","",MAX(IF(N25="Y",Rubric!$I$5,0),IF(P25="Y",Rubric!$I$6,0),IF(O25="Y",IF(AE25>=3,Rubric!$I$7,Rubric!$I$8),0),IF(Q25="Y",Rubric!$I$9,0))) -> 3 | AC25: {=MAX(1,INDEX(Rubric!$B$5:$B$9,MATCH(T25,Rubric!$A$5:$A$9,0))-IF(AND(U25="Y",T25<>"P"),Rubric!$I$11,0))} -> 1 | AD25: {=INDEX(Rubric!$E$5:$E$9,MATCH(M25,Rubric!$D$5:$D$9,0))} -> 2 | AE25: 4 | AF25: 2 | AG25: 2 | AH25: =IF(S25="Enabler","",AB25+AC25+AD25+AE25+AF25) -> 12 | AI25: =IF(S25="Enabler","",AB25+AC25+AD25+AE25+AG25) -> 12 | AJ25: {=IF(AH25="","",INDEX(Rubric!$M$5:$M$8,MATCH(AH25,Rubric!$L$5:$L$8,1)))} -> Medium | AK25: {=IF(AI25="","",INDEX(Rubric!$M$5:$M$8,MATCH(AI25,Rubric!$L$5:$L$8,1)))} -> Medium | AL25: L2: relay failure is visible as route loss | AM25: several footprints | AO25: SC-7 | AP25: IMP-0003 Denial; EX-0016 Jamming (medium) | AQ25: T0814 Denial of Service (medium) | AR25: medium | AS25: Validated: LLM panel and co-author evaluation | AT25: =COUNTIF('CVE Register'!$X$5:$X$61,"*"&A25&"*") -> 0 | AU25: — | AV25: L1 > L2 > L3 > L4 (4 of 4 layers) L1: A1.7 | L2: [A2.2], A2.4 | L3: A3.1, A3.3, A3.4, A3.5, A3.6 | L4: A4.5, A4.6 Boundaries to first check A3.4/A3.5: 1 | to ATM A4.6: 2
A26: T2.06 | B26: L2 | C26: Asymmetric delay of PTP exchanges | D26: Delaying PTP messages in one direction shifts the computed clock offset although every message stays authentic. The defining tau case: it forges neither a message nor an identity yet violates the integrity of time. | E26: One-way delay of PTP messages on the ISL | F26: A2.3 | G26: TB1 | H26: tau | I26: T | J26: Authentication-invariance test: with every message authenticated (A3) the one-way delay still shifts the offset, so primary tau. | K26: Target | L26: AC5 | M26: T3 | N26: Y | R26: =COUNTIF(N26:Q26,"Y") -> 1 | S26: Leaf | T26: =IF(COUNTIFS(Binding!$A$5:$A$108,A26,Binding!$C$5:$C$108,"Attack")=0,"P","E"&MAXIFS(Binding!$J$5:$J$108,Binding!$A$5:$A$108,A26,Binding!$C$5:$C$108,"Attack")) -> E2 | U26: Y | V26: =IF(T26="P","",IF(COUNTIFS(Binding!$A$5:$A$108,A26,Binding!$C$5:$C$108,"Attack",Binding!$J$5:$J$108,MAXIFS(Binding!$J$5:$J$108,Binding!$A$5:$A$108,A26,Binding!$C$5:$C$108,"Attack"),Binding!$H$5:$H$108,"Yes")=0,"Yes","No")) -> No | W26: #48, #40, #49 | Y26: M02; M03; M23; M24 | Z26: 3 | AA26: 4 | AB26: =IF(S26="Enabler","",MAX(IF(N26="Y",Rubric!$I$5,0),IF(P26="Y",Rubric!$I$6,0),IF(O26="Y",IF(AE26>=3,Rubric!$I$7,Rubric!$I$8),0),IF(Q26="Y",Rubric!$I$9,0))) -> 5 | AC26: {=MAX(1,INDEX(Rubric!$B$5:$B$9,MATCH(T26,Rubric!$A$5:$A$9,0))-IF(AND(U26="Y",T26<>"P"),Rubric!$I$11,0))} -> 3 | AD26: {=INDEX(Rubric!$E$5:$E$9,MATCH(M26,Rubric!$D$5:$D$9,0))} -> 2 | AE26: 3 | AF26: 3 | AG26: 5 | AH26: =IF(S26="Enabler","",AB26+AC26+AD26+AE26+AF26) -> 16 | AI26: =IF(S26="Enabler","",AB26+AC26+AD26+AE26+AG26) -> 18 | AJ26: {=IF(AH26="","",INDEX(Rubric!$M$5:$M$8,MATCH(AH26,Rubric!$L$5:$L$8,1)))} -> High | AK26: {=IF(AI26="","",INDEX(Rubric!$M$5:$M$8,MATCH(AI26,Rubric!$L$5:$L$8,1)))} -> High | AL26: Strong pass: residual test (L3); weak pass: bias inside the window | AM26: one footprint | AN26: Clock | AO26: SC-3 | AP26: EX-0014.01 Spoofing: Time Spoof; EX-0012.12 Modify On-Board Values: System Clock (medium) | AQ26: T0830 Adversary-in-the-Middle (medium) | AR26: medium | AS26: Baseline: reproduces Table 5 of the paper | AT26: =COUNTIF('CVE Register'!$X$5:$X$61,"*"&A26&"*") -> 7 | AU26: 7 CVEs: ntpd (5), ptp4l (2) | AV26: L1 > L2 > L3 > L4 (4 of 4 layers) L1: A1.4, A1.5, A1.7 | L2: [A2.3], A2.1, A2.2, A2.4 | L3: A3.1, A3.2, A3.3, A3.4, A3.5, A3.6 | L4: A4.5, A4.6 Boundaries to first check A3.4/A3.5: 3 | to ATM A4.6: 4
A27: T2.07 | B27: L2 | C27: Forged PTP messages | D27: Fabricated or replayed PTP messages set an onboard clock to a wrong offset. Defeated by authenticating the exchange, so Spoofing is primary and tau secondary. | E27: Injection or replay of time-transfer messages | F27: A2.3 | G27: TB1 | H27: S | I27: tau | J27: Authentication-invariance test: with authenticated messages the forgery fails, so the primary category is Spoofing; the time offset is a secondary tau effect. | K27: Target | L27: AC5 | M27: T3 | N27: Y | R27: =COUNTIF(N27:Q27,"Y") -> 1 | S27: Leaf | T27: =IF(COUNTIFS(Binding!$A$5:$A$108,A27,Binding!$C$5:$C$108,"Attack")=0,"P","E"&MAXIFS(Binding!$J$5:$J$108,Binding!$A$5:$A$108,A27,Binding!$C$5:$C$108,"Attack")) -> E2 | U27: Y | V27: =IF(T27="P","",IF(COUNTIFS(Binding!$A$5:$A$108,A27,Binding!$C$5:$C$108,"Attack",Binding!$J$5:$J$108,MAXIFS(Binding!$J$5:$J$108,Binding!$A$5:$A$108,A27,Binding!$C$5:$C$108,"Attack"),Binding!$H$5:$H$108,"Yes")=0,"Yes","No")) -> No | W27: #48, #49 | Y27: M02; M03; M23; M24 | Z27: 3 | AA27: 4 | AB27: =IF(S27="Enabler","",MAX(IF(N27="Y",Rubric!$I$5,0),IF(P27="Y",Rubric!$I$6,0),IF(O27="Y",IF(AE27>=3,Rubric!$I$7,Rubric!$I$8),0),IF(Q27="Y",Rubric!$I$9,0))) -> 5 | AC27: {=MAX(1,INDEX(Rubric!$B$5:$B$9,MATCH(T27,Rubric!$A$5:$A$9,0))-IF(AND(U27="Y",T27<>"P"),Rubric!$I$11,0))} -> 3 | AD27: {=INDEX(Rubric!$E$5:$E$9,MATCH(M27,Rubric!$D$5:$D$9,0))} -> 2 | AE27: 3 | AF27: 3 | AG27: 5 | AH27: =IF(S27="Enabler","",AB27+AC27+AD27+AE27+AF27) -> 16 | AI27: =IF(S27="Enabler","",AB27+AC27+AD27+AE27+AG27) -> 18 | AJ27: {=IF(AH27="","",INDEX(Rubric!$M$5:$M$8,MATCH(AH27,Rubric!$L$5:$L$8,1)))} -> High | AK27: {=IF(AI27="","",INDEX(Rubric!$M$5:$M$8,MATCH(AI27,Rubric!$L$5:$L$8,1)))} -> High | AL27: Strong pass: residual test (L3); weak pass: bias inside the window | AM27: one footprint | AN27: Clock | AO27: SC-3 | AP27: EX-0014.01 Spoofing: Time Spoof (high) | AQ27: (unmapped) | AR27: medium | AS27: Validated: LLM panel and co-author evaluation | AT27: =COUNTIF('CVE Register'!$X$5:$X$61,"*"&A27&"*") -> 7 | AU27: 7 CVEs: ntpd (5), ptp4l (2) | AV27: L1 > L2 > L3 > L4 (4 of 4 layers) L1: A1.4, A1.5, A1.7 | L2: [A2.3], A2.1, A2.2, A2.4 | L3: A3.1, A3.2, A3.3, A3.4, A3.5, A3.6 | L4: A4.5, A4.6 Boundaries to first check A3.4/A3.5: 3 | to ATM A4.6: 4
A28: T2.08 | B28: L2 | C28: Backhaul and downlink interception | D28: Passive reception of downlink or backhaul traffic discloses tracks, identities and system behaviour; disclosure is the precondition of injection (T2.09). | E28: Consumer-grade receiving equipment on the downlink | F28: A2.4 | G28: TB2 | H28: I | J28: n/a: no time offset on an asset of the timing dependency | L28: AC5 | M28: T2 | Q28: Y | R28: =COUNTIF(N28:Q28,"Y") -> 1 | S28: Leaf | T28: =IF(COUNTIFS(Binding!$A$5:$A$108,A28,Binding!$C$5:$C$108,"Attack")=0,"P","E"&MAXIFS(Binding!$J$5:$J$108,Binding!$A$5:$A$108,A28,Binding!$C$5:$C$108,"Attack")) -> E3 | U28: Y | V28: =IF(T28="P","",IF(COUNTIFS(Binding!$A$5:$A$108,A28,Binding!$C$5:$C$108,"Attack",Binding!$J$5:$J$108,MAXIFS(Binding!$J$5:$J$108,Binding!$A$5:$A$108,A28,Binding!$C$5:$C$108,"Attack"),Binding!$H$5:$H$108,"Yes")=0,"Yes","No")) -> No | W28: #2, #63, #66 | Y28: M09; M13 | Z28: 1 | AA28: 2 | AB28: =IF(S28="Enabler","",MAX(IF(N28="Y",Rubric!$I$5,0),IF(P28="Y",Rubric!$I$6,0),IF(O28="Y",IF(AE28>=3,Rubric!$I$7,Rubric!$I$8),0),IF(Q28="Y",Rubric!$I$9,0))) -> 1 | AC28: {=MAX(1,INDEX(Rubric!$B$5:$B$9,MATCH(T28,Rubric!$A$5:$A$9,0))-IF(AND(U28="Y",T28<>"P"),Rubric!$I$11,0))} -> 4 | AD28: {=INDEX(Rubric!$E$5:$E$9,MATCH(M28,Rubric!$D$5:$D$9,0))} -> 3 | AE28: 4 | AF28: 5 | AG28: 5 | AH28: =IF(S28="Enabler","",AB28+AC28+AD28+AE28+AF28) -> 17 | AI28: =IF(S28="Enabler","",AB28+AC28+AD28+AE28+AG28) -> 17 | AJ28: {=IF(AH28="","",INDEX(Rubric!$M$5:$M$8,MATCH(AH28,Rubric!$L$5:$L$8,1)))} -> High | AK28: {=IF(AI28="","",INDEX(Rubric!$M$5:$M$8,MATCH(AI28,Rubric!$L$5:$L$8,1)))} -> High | AL28: None: passive reception leaves no trace | AM28: several footprints | AO28: SC-8 | AP28: EXF-0003.02 Eavesdropping: Downlink Intercept; REC-0005.02 (high) | AQ28: T1040 Network Sniffing (medium) | AR28: high | AS28: Validated: LLM panel and co-author evaluation | AT28: =COUNTIF('CVE Register'!$X$5:$X$61,"*"&A28&"*") -> 0 | AU28: — | AV28: Contained: disclosure only, no downstream state change. Exposure at L2: [A2.4]
A29: T2.09 | B29: L2 | C29: Injection into the downlink or backhaul | D29: Attacker data injected or overshadowed into the downlink or backhaul is accepted by ground processing as genuine reports (ghost-target route). | E29: Overshadowing a downlink so that the ground accepts attacker data | F29: A2.4 | G29: TB2 | H29: T | I29: S | J29: n/a: no time offset on an asset of the timing dependency | L29: AC5 | M29: T2 | N29: Y | P29: Y | R29: =COUNTIF(N29:Q29,"Y") -> 2 | S29: Leaf | T29: =IF(COUNTIFS(Binding!$A$5:$A$108,A29,Binding!$C$5:$C$108,"Attack")=0,"P","E"&MAXIFS(Binding!$J$5:$J$108,Binding!$A$5:$A$108,A29,Binding!$C$5:$C$108,"Attack")) -> E3 | U29: Y | V29: =IF(T29="P","",IF(COUNTIFS(Binding!$A$5:$A$108,A29,Binding!$C$5:$C$108,"Attack",Binding!$J$5:$J$108,MAXIFS(Binding!$J$5:$J$108,Binding!$A$5:$A$108,A29,Binding!$C$5:$C$108,"Attack"),Binding!$H$5:$H$108,"Yes")=0,"Yes","No")) -> No | W29: #52, #50 | Y29: M04; M17; M22 | Z29: 1 | AA29: 2 | AB29: =IF(S29="Enabler","",MAX(IF(N29="Y",Rubric!$I$5,0),IF(P29="Y",Rubric!$I$6,0),IF(O29="Y",IF(AE29>=3,Rubric!$I$7,Rubric!$I$8),0),IF(Q29="Y",Rubric!$I$9,0))) -> 5 | AC29: {=MAX(1,INDEX(Rubric!$B$5:$B$9,MATCH(T29,Rubric!$A$5:$A$9,0))-IF(AND(U29="Y",T29<>"P"),Rubric!$I$11,0))} -> 4 | AD29: {=INDEX(Rubric!$E$5:$E$9,MATCH(M29,Rubric!$D$5:$D$9,0))} -> 3 | AE29: 4 | AF29: 3 | AG29: 5 | AH29: =IF(S29="Enabler","",AB29+AC29+AD29+AE29+AF29) -> 19 | AI29: =IF(S29="Enabler","",AB29+AC29+AD29+AE29+AG29) -> 21 | AJ29: {=IF(AH29="","",INDEX(Rubric!$M$5:$M$8,MATCH(AH29,Rubric!$L$5:$L$8,1)))} -> High | AK29: {=IF(AI29="","",INDEX(Rubric!$M$5:$M$8,MATCH(AI29,Rubric!$L$5:$L$8,1)))} -> Critical | AL29: Strong pass: association/residual test (L3); weak pass: no check | AM29: several footprints | AN29: Observables | AP29: IA-0008.01 Rogue Ground Station (medium) | AQ29: T1565.002 Transmitted Data Manipulation (medium) | AR29: medium | AS29: Validated: LLM panel and co-author evaluation | AT29: =COUNTIF('CVE Register'!$X$5:$X$61,"*"&A29&"*") -> 0 | AU29: — | AV29: L1 > L2 > L3 > L4 (4 of 4 layers) L1: A1.7 | L2: [A2.4] | L3: A3.1, A3.3, A3.4, A3.5, A3.6 | L4: A4.5, A4.6 Boundaries to first check A3.4/A3.5: 1 | to ATM A4.6: 2
A30: T2.10 | B30: L2 | C30: Telecommand-channel interception | D30: Passive capture of command and update traffic discloses the content, formats and timing of the control path. | E30: Passive reception of the command channel | F30: A2.5 | G30: TB1, TB2, TB3 | H30: I | J30: n/a: no time offset on an asset of the timing dependency | L30: AC5 | M30: T2 | Q30: Y | R30: =COUNTIF(N30:Q30,"Y") -> 1 | S30: Leaf | T30: =IF(COUNTIFS(Binding!$A$5:$A$108,A30,Binding!$C$5:$C$108,"Attack")=0,"P","E"&MAXIFS(Binding!$J$5:$J$108,Binding!$A$5:$A$108,A30,Binding!$C$5:$C$108,"Attack")) -> E3 | U30: Y | V30: =IF(T30="P","",IF(COUNTIFS(Binding!$A$5:$A$108,A30,Binding!$C$5:$C$108,"Attack",Binding!$J$5:$J$108,MAXIFS(Binding!$J$5:$J$108,Binding!$A$5:$A$108,A30,Binding!$C$5:$C$108,"Attack"),Binding!$H$5:$H$108,"Yes")=0,"Yes","No")) -> Yes | W30: #66, #41 | Y30: M04; M05; M09 | Z30: 3 | AA30: 4 | AB30: =IF(S30="Enabler","",MAX(IF(N30="Y",Rubric!$I$5,0),IF(P30="Y",Rubric!$I$6,0),IF(O30="Y",IF(AE30>=3,Rubric!$I$7,Rubric!$I$8),0),IF(Q30="Y",Rubric!$I$9,0))) -> 1 | AC30: {=MAX(1,INDEX(Rubric!$B$5:$B$9,MATCH(T30,Rubric!$A$5:$A$9,0))-IF(AND(U30="Y",T30<>"P"),Rubric!$I$11,0))} -> 4 | AD30: {=INDEX(Rubric!$E$5:$E$9,MATCH(M30,Rubric!$D$5:$D$9,0))} -> 3 | AE30: 4 | AF30: 5 | AG30: 5 | AH30: =IF(S30="Enabler","",AB30+AC30+AD30+AE30+AF30) -> 17 | AI30: =IF(S30="Enabler","",AB30+AC30+AD30+AE30+AG30) -> 17 | AJ30: {=IF(AH30="","",INDEX(Rubric!$M$5:$M$8,MATCH(AH30,Rubric!$L$5:$L$8,1)))} -> High | AK30: {=IF(AI30="","",INDEX(Rubric!$M$5:$M$8,MATCH(AI30,Rubric!$L$5:$L$8,1)))} -> High | AL30: None: passive reception leaves no trace | AM30: several footprints | AP30: EXF-0003.01 Eavesdropping: Uplink Intercept; REC-0005.01 (high) | AQ30: T1040 Network Sniffing (medium) | AR30: high | AS30: Validated: LLM panel and co-author evaluation | AT30: =COUNTIF('CVE Register'!$X$5:$X$61,"*"&A30&"*") -> 0 | AU30: — | AV30: Contained: disclosure only, no downstream state change. Exposure at L2: [A2.5]
A31: T2.11 | B31: L2 | C31: Forged telecommands | D31: Commands and update packages crafted or replayed toward the satellites are accepted, because keys are disclosed (T4.04) or authentication is weak (T1.12). | E31: Crafted or replayed commands on the uplink | F31: A2.5 | G31: TB1, TB2, TB3 | H31: E | I31: S | J31: n/a: no time offset on an asset of the timing dependency | L31: AC6 | M31: T2 | N31: Y | O31: Y | R31: =COUNTIF(N31:Q31,"Y") -> 2 | S31: Leaf | T31: =IF(COUNTIFS(Binding!$A$5:$A$108,A31,Binding!$C$5:$C$108,"Attack")=0,"P","E"&MAXIFS(Binding!$J$5:$J$108,Binding!$A$5:$A$108,A31,Binding!$C$5:$C$108,"Attack")) -> E2 | U31: N | V31: =IF(T31="P","",IF(COUNTIFS(Binding!$A$5:$A$108,A31,Binding!$C$5:$C$108,"Attack",Binding!$J$5:$J$108,MAXIFS(Binding!$J$5:$J$108,Binding!$A$5:$A$108,A31,Binding!$C$5:$C$108,"Attack"),Binding!$H$5:$H$108,"Yes")=0,"Yes","No")) -> Yes | W31: #67, #15, #60 | Y31: M04; M06; M22; M24 | Z31: 3 | AA31: 4 | AB31: =IF(S31="Enabler","",MAX(IF(N31="Y",Rubric!$I$5,0),IF(P31="Y",Rubric!$I$6,0),IF(O31="Y",IF(AE31>=3,Rubric!$I$7,Rubric!$I$8),0),IF(Q31="Y",Rubric!$I$9,0))) -> 5 | AC31: {=MAX(1,INDEX(Rubric!$B$5:$B$9,MATCH(T31,Rubric!$A$5:$A$9,0))-IF(AND(U31="Y",T31<>"P"),Rubric!$I$11,0))} -> 4 | AD31: {=INDEX(Rubric!$E$5:$E$9,MATCH(M31,Rubric!$D$5:$D$9,0))} -> 3 | AE31: 5 | AF31: 4 | AG31: 4 | AH31: =IF(S31="Enabler","",AB31+AC31+AD31+AE31+AF31) -> 21 | AI31: =IF(S31="Enabler","",AB31+AC31+AD31+AE31+AG31) -> 21 | AJ31: {=IF(AH31="","",INDEX(Rubric!$M$5:$M$8,MATCH(AH31,Rubric!$L$5:$L$8,1)))} -> Critical | AK31: {=IF(AI31="","",INDEX(Rubric!$M$5:$M$8,MATCH(AI31,Rubric!$L$5:$L$8,1)))} -> Critical | AL31: L4 only: anomalous commands are found through telemetry audit | AM31: whole constellation | AN31: Platform and command | AO31: SC-15 | AP31: IA-0007.02 Malicious Commanding via Valid GS; EX-0001 Replay (medium) | AQ31: (unmapped) | AR31: medium | AS31: Validated: LLM panel and co-author evaluation | AT31: =COUNTIF('CVE Register'!$X$5:$X$61,"*"&A31&"*") -> 10 | AU31: 10 CVEs: NASA CryptoLib (10) | AV31: L1 > L2 > L3 > L4 (4 of 4 layers) L1: A1.4†, A1.5†, A1.6, A1.7† | L2: [A2.5], A2.1†, A2.2†, A2.4† | L3: A3.1†, A3.2†, A3.3†, A3.4†, A3.5†, A3.6† | L4: A4.5†, A4.6† Boundaries to first check A3.4/A3.5: 3 | to ATM A4.6: 4
A32: T2.12 | B32: L2 | C32: Network-device and platform compromise | D32: Routers, gateways or terminals on the backhaul and link network are compromised, giving a foothold to alter or drop traffic. | E32: Remote exploitation of exposed network devices | F32: A2.4 | G32: (none: inside a layer) | H32: E | I32: T | J32: n/a: no time offset on an asset of the timing dependency | L32: AC6 | M32: T2 | N32: Y | O32: Y | R32: =COUNTIF(N32:Q32,"Y") -> 2 | S32: Leaf | T32: =IF(COUNTIFS(Binding!$A$5:$A$108,A32,Binding!$C$5:$C$108,"Attack")=0,"P","E"&MAXIFS(Binding!$J$5:$J$108,Binding!$A$5:$A$108,A32,Binding!$C$5:$C$108,"Attack")) -> E2 | U32: Y | V32: =IF(T32="P","",IF(COUNTIFS(Binding!$A$5:$A$108,A32,Binding!$C$5:$C$108,"Attack",Binding!$J$5:$J$108,MAXIFS(Binding!$J$5:$J$108,Binding!$A$5:$A$108,A32,Binding!$C$5:$C$108,"Attack"),Binding!$H$5:$H$108,"Yes")=0,"Yes","No")) -> Yes | W32: #65, #61, #68 | Y32: M04; M05; M06; M10; M13; M24 | Z32: 1 | AA32: 2 | AB32: =IF(S32="Enabler","",MAX(IF(N32="Y",Rubric!$I$5,0),IF(P32="Y",Rubric!$I$6,0),IF(O32="Y",IF(AE32>=3,Rubric!$I$7,Rubric!$I$8),0),IF(Q32="Y",Rubric!$I$9,0))) -> 5 | AC32: {=MAX(1,INDEX(Rubric!$B$5:$B$9,MATCH(T32,Rubric!$A$5:$A$9,0))-IF(AND(U32="Y",T32<>"P"),Rubric!$I$11,0))} -> 3 | AD32: {=INDEX(Rubric!$E$5:$E$9,MATCH(M32,Rubric!$D$5:$D$9,0))} -> 3 | AE32: 4 | AF32: 4 | AG32: 4 | AH32: =IF(S32="Enabler","",AB32+AC32+AD32+AE32+AF32) -> 19 | AI32: =IF(S32="Enabler","",AB32+AC32+AD32+AE32+AG32) -> 19 | AJ32: {=IF(AH32="","",INDEX(Rubric!$M$5:$M$8,MATCH(AH32,Rubric!$L$5:$L$8,1)))} -> High | AK32: {=IF(AI32="","",INDEX(Rubric!$M$5:$M$8,MATCH(AI32,Rubric!$L$5:$L$8,1)))} -> High | AL32: L4 only: found by network operations | AM32: several footprints | AN32: Platform and command | AO32: SC-13 | AP32: IA-0007 Compromise Ground System; RD-0002.01 (medium) | AQ32: T1190 Exploit Public-Facing Application (medium) | AR32: medium | AS32: Validated: LLM panel and co-author evaluation | AT32: =COUNTIF('CVE Register'!$X$5:$X$61,"*"&A32&"*") -> 10 | AU32: 10 CVEs: NASA CryptoLib (10) | AV32: L1 > L2 > L3 > L4 (4 of 4 layers) L1: A1.7 | L2: [A2.4] | L3: A3.1, A3.3, A3.4, A3.5, A3.6 | L4: A4.5, A4.6 Boundaries to first check A3.4/A3.5: 1 | to ATM A4.6: 2
A33: T3.01 | B33: L3 | C33: Association tampering | D33: The association module is altered so that measurements of different transmissions are grouped or split wrongly, creating, merging or losing tracks. No published mechanism (P). | E33: Software exploitation of the association logic | F33: A3.1 | G33: TB2 | H33: T | J33: n/a: no time offset on an asset of the timing dependency | L33: AC6 | M33: T2 | N33: Y | P33: Y | R33: =COUNTIF(N33:Q33,"Y") -> 2 | S33: Leaf | T33: =IF(COUNTIFS(Binding!$A$5:$A$108,A33,Binding!$C$5:$C$108,"Attack")=0,"P","E"&MAXIFS(Binding!$J$5:$J$108,Binding!$A$5:$A$108,A33,Binding!$C$5:$C$108,"Attack")) -> P | V33: =IF(T33="P","",IF(COUNTIFS(Binding!$A$5:$A$108,A33,Binding!$C$5:$C$108,"Attack",Binding!$J$5:$J$108,MAXIFS(Binding!$J$5:$J$108,Binding!$A$5:$A$108,A33,Binding!$C$5:$C$108,"Attack"),Binding!$H$5:$H$108,"Yes")=0,"Yes","No")) | W33: (none: postulated) | Z33: 0 | AA33: 1 | AB33: =IF(S33="Enabler","",MAX(IF(N33="Y",Rubric!$I$5,0),IF(P33="Y",Rubric!$I$6,0),IF(O33="Y",IF(AE33>=3,Rubric!$I$7,Rubric!$I$8),0),IF(Q33="Y",Rubric!$I$9,0))) -> 5 | AC33: {=MAX(1,INDEX(Rubric!$B$5:$B$9,MATCH(T33,Rubric!$A$5:$A$9,0))-IF(AND(U33="Y",T33<>"P"),Rubric!$I$11,0))} -> 1 | AD33: {=INDEX(Rubric!$E$5:$E$9,MATCH(M33,Rubric!$D$5:$D$9,0))} -> 3 | AE33: 5 | AF33: 4 | AG33: 4 | AH33: =IF(S33="Enabler","",AB33+AC33+AD33+AE33+AF33) -> 18 | AI33: =IF(S33="Enabler","",AB33+AC33+AD33+AE33+AG33) -> 18 | AJ33: {=IF(AH33="","",INDEX(Rubric!$M$5:$M$8,MATCH(AH33,Rubric!$L$5:$L$8,1)))} -> High | AK33: {=IF(AI33="","",INDEX(Rubric!$M$5:$M$8,MATCH(AI33,Rubric!$L$5:$L$8,1)))} -> High | AL33: L4 only: the tampered module is the one that decides | AM33: whole constellation | AN33: Verdict and picture | AO33: SC-11 | AP33: (unmapped) | AQ33: T0889 Modify Program (medium) | AR33: medium | AS33: Validated: LLM panel and co-author evaluation | AT33: =COUNTIF('CVE Register'!$X$5:$X$61,"*"&A33&"*") -> 0 | AU33: — | AV33: L3 > L4 (2 of 4 layers) L3: [A3.1], A3.3, A3.4, A3.5, A3.6 | L4: A4.5, A4.6 Boundaries to first check A3.4/A3.5: 0 (an origin is a check) | to ATM A4.6: 1
A34: T3.02 | B34: L3 | C34: Tampering with integrity-test logic | D34: The comparison logic of the monitor or cross-check is altered so that tests pass or fail wrongly. No published mechanism (P). | E34: Software exploitation of the monitor logic | F34: A3.4 | G34: (none: inside a layer) | H34: T | I34: E | J34: n/a: no time offset on an asset of the timing dependency | L34: AC6 | M34: T2 | N34: Y | P34: Y | R34: =COUNTIF(N34:Q34,"Y") -> 2 | S34: Leaf | T34: =IF(COUNTIFS(Binding!$A$5:$A$108,A34,Binding!$C$5:$C$108,"Attack")=0,"P","E"&MAXIFS(Binding!$J$5:$J$108,Binding!$A$5:$A$108,A34,Binding!$C$5:$C$108,"Attack")) -> P | V34: =IF(T34="P","",IF(COUNTIFS(Binding!$A$5:$A$108,A34,Binding!$C$5:$C$108,"Attack",Binding!$J$5:$J$108,MAXIFS(Binding!$J$5:$J$108,Binding!$A$5:$A$108,A34,Binding!$C$5:$C$108,"Attack"),Binding!$H$5:$H$108,"Yes")=0,"Yes","No")) | W34: (none: postulated) | Z34: 0 | AA34: 1 | AB34: =IF(S34="Enabler","",MAX(IF(N34="Y",Rubric!$I$5,0),IF(P34="Y",Rubric!$I$6,0),IF(O34="Y",IF(AE34>=3,Rubric!$I$7,Rubric!$I$8),0),IF(Q34="Y",Rubric!$I$9,0))) -> 5 | AC34: {=MAX(1,INDEX(Rubric!$B$5:$B$9,MATCH(T34,Rubric!$A$5:$A$9,0))-IF(AND(U34="Y",T34<>"P"),Rubric!$I$11,0))} -> 1 | AD34: {=INDEX(Rubric!$E$5:$E$9,MATCH(M34,Rubric!$D$5:$D$9,0))} -> 3 | AE34: 5 | AF34: 4 | AG34: 4 | AH34: =IF(S34="Enabler","",AB34+AC34+AD34+AE34+AF34) -> 18 | AI34: =IF(S34="Enabler","",AB34+AC34+AD34+AE34+AG34) -> 18 | AJ34: {=IF(AH34="","",INDEX(Rubric!$M$5:$M$8,MATCH(AH34,Rubric!$L$5:$L$8,1)))} -> High | AK34: {=IF(AI34="","",INDEX(Rubric!$M$5:$M$8,MATCH(AI34,Rubric!$L$5:$L$8,1)))} -> High | AL34: L4 only: the altered module is the check itself | AM34: whole constellation | AN34: Verdict and picture | AO34: SC-12 | AP34: (unmapped) | AQ34: T0836 Modify Parameter; T0889 Modify Program (medium) | AR34: medium | AS34: Validated: LLM panel and co-author evaluation | AT34: =COUNTIF('CVE Register'!$X$5:$X$61,"*"&A34&"*") -> 0 | AU34: — | AV34: L3 > L4 (2 of 4 layers) L3: [A3.4], A3.6 | L4: A4.5, A4.6 Boundaries to first check A3.4/A3.5: 0 (an origin is a check) | to ATM A4.6: 1
A35: T3.03 | B35: L3 | C35: Corrupted working store (ephemeris and clock state) | D35: The ephemeris and clock-state database used by the solver is altered, adding an effect equivalent to a clock bias. A source in the worked displacement application. | E35: Write access to the processing-station data store | F35: A3.2, A3.3 | G35: TB3 | H35: T | I35: tau | J35: Primary T: the corrupted store changes what the solver believes about orbits and clocks; a clock-state offset in A3.2 is recorded as a secondary tau effect. | K35: Derived | L35: AC6 | M35: T2 | N35: Y | R35: =COUNTIF(N35:Q35,"Y") -> 1 | S35: Leaf | T35: =IF(COUNTIFS(Binding!$A$5:$A$108,A35,Binding!$C$5:$C$108,"Attack")=0,"P","E"&MAXIFS(Binding!$J$5:$J$108,Binding!$A$5:$A$108,A35,Binding!$C$5:$C$108,"Attack")) -> P | V35: =IF(T35="P","",IF(COUNTIFS(Binding!$A$5:$A$108,A35,Binding!$C$5:$C$108,"Attack",Binding!$J$5:$J$108,MAXIFS(Binding!$J$5:$J$108,Binding!$A$5:$A$108,A35,Binding!$C$5:$C$108,"Attack"),Binding!$H$5:$H$108,"Yes")=0,"Yes","No")) | W35: (none: postulated) | Z35: 0 | AA35: 1 | AB35: =IF(S35="Enabler","",MAX(IF(N35="Y",Rubric!$I$5,0),IF(P35="Y",Rubric!$I$6,0),IF(O35="Y",IF(AE35>=3,Rubric!$I$7,Rubric!$I$8),0),IF(Q35="Y",Rubric!$I$9,0))) -> 5 | AC35: {=MAX(1,INDEX(Rubric!$B$5:$B$9,MATCH(T35,Rubric!$A$5:$A$9,0))-IF(AND(U35="Y",T35<>"P"),Rubric!$I$11,0))} -> 1 | AD35: {=INDEX(Rubric!$E$5:$E$9,MATCH(M35,Rubric!$D$5:$D$9,0))} -> 3 | AE35: 5 | AF35: 3 | AG35: 5 | AH35: =IF(S35="Enabler","",AB35+AC35+AD35+AE35+AF35) -> 17 | AI35: =IF(S35="Enabler","",AB35+AC35+AD35+AE35+AG35) -> 19 | AJ35: {=IF(AH35="","",INDEX(Rubric!$M$5:$M$8,MATCH(AH35,Rubric!$L$5:$L$8,1)))} -> High | AK35: {=IF(AI35="","",INDEX(Rubric!$M$5:$M$8,MATCH(AI35,Rubric!$L$5:$L$8,1)))} -> High | AL35: Strong pass: L3 residual test; weak pass: bias inside the window | AM35: whole constellation | AN35: Ephemeris | AO35: SC-10 | AP35: DE-0003.10 Modify On-Board Values: GPS Ephemeris (medium; on-board analogue) | AQ35: T1565.001 Stored Data Manipulation (high) | AR35: medium | AS35: Baseline: reproduces Table 5 of the paper | AT35: =COUNTIF('CVE Register'!$X$5:$X$61,"*"&A35&"*") -> 0 | AU35: — | AV35: L3 > L4 (2 of 4 layers) L3: [A3.2], [A3.3], A3.4, A3.5, A3.6 | L4: A4.5, A4.6 Boundaries to first check A3.4/A3.5: 0 (an origin is a check) | to ATM A4.6: 1
A36: T3.04 | B36: L3 | C36: Post-association observable tampering | D36: Observables are modified after association, inside the processing chain, below the reach of transport protection. | E36: Process-level access to the solver inputs | F36: A3.3 | G36: (none: inside a layer) | H36: T | J36: n/a: no time offset on an asset of the timing dependency | K36: Derived | L36: AC6 | M36: T2 | N36: Y | R36: =COUNTIF(N36:Q36,"Y") -> 1 | S36: Leaf | T36: =IF(COUNTIFS(Binding!$A$5:$A$108,A36,Binding!$C$5:$C$108,"Attack")=0,"P","E"&MAXIFS(Binding!$J$5:$J$108,Binding!$A$5:$A$108,A36,Binding!$C$5:$C$108,"Attack")) -> P | V36: =IF(T36="P","",IF(COUNTIFS(Binding!$A$5:$A$108,A36,Binding!$C$5:$C$108,"Attack",Binding!$J$5:$J$108,MAXIFS(Binding!$J$5:$J$108,Binding!$A$5:$A$108,A36,Binding!$C$5:$C$108,"Attack"),Binding!$H$5:$H$108,"Yes")=0,"Yes","No")) | W36: (none: postulated) | Z36: 0 | AA36: 1 | AB36: =IF(S36="Enabler","",MAX(IF(N36="Y",Rubric!$I$5,0),IF(P36="Y",Rubric!$I$6,0),IF(O36="Y",IF(AE36>=3,Rubric!$I$7,Rubric!$I$8),0),IF(Q36="Y",Rubric!$I$9,0))) -> 5 | AC36: {=MAX(1,INDEX(Rubric!$B$5:$B$9,MATCH(T36,Rubric!$A$5:$A$9,0))-IF(AND(U36="Y",T36<>"P"),Rubric!$I$11,0))} -> 1 | AD36: {=INDEX(Rubric!$E$5:$E$9,MATCH(M36,Rubric!$D$5:$D$9,0))} -> 3 | AE36: 5 | AF36: 3 | AG36: 5 | AH36: =IF(S36="Enabler","",AB36+AC36+AD36+AE36+AF36) -> 17 | AI36: =IF(S36="Enabler","",AB36+AC36+AD36+AE36+AG36) -> 19 | AJ36: {=IF(AH36="","",INDEX(Rubric!$M$5:$M$8,MATCH(AH36,Rubric!$L$5:$L$8,1)))} -> High | AK36: {=IF(AI36="","",INDEX(Rubric!$M$5:$M$8,MATCH(AI36,Rubric!$L$5:$L$8,1)))} -> High | AL36: Strong pass: residual test (L3); weak pass: bias inside the window | AM36: whole constellation | AN36: Observables | AO36: SC-10; SC-11 | AP36: (unmapped) | AQ36: T1565.003 Runtime Data Manipulation (medium) | AR36: medium | AS36: Validated: LLM panel and co-author evaluation | AT36: =COUNTIF('CVE Register'!$X$5:$X$61,"*"&A36&"*") -> 0 | AU36: — | AV36: L3 > L4 (2 of 4 layers) L3: [A3.3], A3.4, A3.5, A3.6 | L4: A4.5, A4.6 Boundaries to first check A3.4/A3.5: 0 (an origin is a check) | to ATM A4.6: 1
A37: T3.05 | B37: L3 | C37: Solver and tracker exhaustion | D37: Crafted or voluminous input exhausts the solver, tracker or track database so that no solution is produced in time. | E37: Resource exhaustion by message flooding or crafted reports | F37: A3.3 | G37: (none: inside a layer) | H37: D | J37: n/a: no time offset on an asset of the timing dependency | L37: AC6 | M37: T2 | O37: Y | R37: =COUNTIF(N37:Q37,"Y") -> 1 | S37: Leaf | T37: =IF(COUNTIFS(Binding!$A$5:$A$108,A37,Binding!$C$5:$C$108,"Attack")=0,"P","E"&MAXIFS(Binding!$J$5:$J$108,Binding!$A$5:$A$108,A37,Binding!$C$5:$C$108,"Attack")) -> E2 | U37: Y | V37: =IF(T37="P","",IF(COUNTIFS(Binding!$A$5:$A$108,A37,Binding!$C$5:$C$108,"Attack",Binding!$J$5:$J$108,MAXIFS(Binding!$J$5:$J$108,Binding!$A$5:$A$108,A37,Binding!$C$5:$C$108,"Attack"),Binding!$H$5:$H$108,"Yes")=0,"Yes","No")) -> Yes | W37: #65 | Y37: M04; M05; M10; M13; M24 | Z37: 0 | AA37: 1 | AB37: =IF(S37="Enabler","",MAX(IF(N37="Y",Rubric!$I$5,0),IF(P37="Y",Rubric!$I$6,0),IF(O37="Y",IF(AE37>=3,Rubric!$I$7,Rubric!$I$8),0),IF(Q37="Y",Rubric!$I$9,0))) -> 3 | AC37: {=MAX(1,INDEX(Rubric!$B$5:$B$9,MATCH(T37,Rubric!$A$5:$A$9,0))-IF(AND(U37="Y",T37<>"P"),Rubric!$I$11,0))} -> 3 | AD37: {=INDEX(Rubric!$E$5:$E$9,MATCH(M37,Rubric!$D$5:$D$9,0))} -> 3 | AE37: 5 | AF37: 3 | AG37: 3 | AH37: =IF(S37="Enabler","",AB37+AC37+AD37+AE37+AF37) -> 17 | AI37: =IF(S37="Enabler","",AB37+AC37+AD37+AE37+AG37) -> 17 | AJ37: {=IF(AH37="","",INDEX(Rubric!$M$5:$M$8,MATCH(AH37,Rubric!$L$5:$L$8,1)))} -> High | AK37: {=IF(AI37="","",INDEX(Rubric!$M$5:$M$8,MATCH(AI37,Rubric!$L$5:$L$8,1)))} -> High | AL37: L3: the monitor reports no solution within the bound | AM37: whole constellation | AO37: SC-13 | AP37: EX-0013 Flooding (medium) | AQ37: T1499 Endpoint Denial of Service (high) | AR37: medium | AS37: Validated: LLM panel and co-author evaluation | AT37: =COUNTIF('CVE Register'!$X$5:$X$61,"*"&A37&"*") -> 0 | AU37: — | AV37: L3 > L4 (2 of 4 layers) L3: [A3.3], A3.4, A3.5, A3.6 | L4: A4.5, A4.6 Boundaries to first check A3.4/A3.5: 0 (an origin is a check) | to ATM A4.6: 1
A38: T3.06 | B38: L3 | C38: Relaxation of integrity thresholds | D38: Detection thresholds are raised so that biases up to the new limit pass the checks, widening the stealth window for every route at once. An enabler with no consequence of its own. | E38: Write access to the configuration of the checks | F38: A3.4, A3.5 | G38: (none: inside a layer) | H38: T | I38: E | J38: n/a: no time offset on an asset of the timing dependency | L38: AC6 | M38: T2 | N38: Y | P38: Y | R38: =COUNTIF(N38:Q38,"Y") -> 2 | S38: Enabler | T38: =IF(COUNTIFS(Binding!$A$5:$A$108,A38,Binding!$C$5:$C$108,"Attack")=0,"P","E"&MAXIFS(Binding!$J$5:$J$108,Binding!$A$5:$A$108,A38,Binding!$C$5:$C$108,"Attack")) -> P | V38: =IF(T38="P","",IF(COUNTIFS(Binding!$A$5:$A$108,A38,Binding!$C$5:$C$108,"Attack",Binding!$J$5:$J$108,MAXIFS(Binding!$J$5:$J$108,Binding!$A$5:$A$108,A38,Binding!$C$5:$C$108,"Attack"),Binding!$H$5:$H$108,"Yes")=0,"Yes","No")) | W38: (none: postulated) | Z38: 0 | AA38: 1 | AB38: =IF(S38="Enabler","",MAX(IF(N38="Y",Rubric!$I$5,0),IF(P38="Y",Rubric!$I$6,0),IF(O38="Y",IF(AE38>=3,Rubric!$I$7,Rubric!$I$8),0),IF(Q38="Y",Rubric!$I$9,0))) | AC38: {=MAX(1,INDEX(Rubric!$B$5:$B$9,MATCH(T38,Rubric!$A$5:$A$9,0))-IF(AND(U38="Y",T38<>"P"),Rubric!$I$11,0))} -> 1 | AD38: {=INDEX(Rubric!$E$5:$E$9,MATCH(M38,Rubric!$D$5:$D$9,0))} -> 3 | AE38: 5 | AF38: 4 | AG38: 4 | AH38: =IF(S38="Enabler","",AB38+AC38+AD38+AE38+AF38) | AI38: =IF(S38="Enabler","",AB38+AC38+AD38+AE38+AG38) | AJ38: {=IF(AH38="","",INDEX(Rubric!$M$5:$M$8,MATCH(AH38,Rubric!$L$5:$L$8,1)))} | AK38: {=IF(AI38="","",INDEX(Rubric!$M$5:$M$8,MATCH(AI38,Rubric!$L$5:$L$8,1)))} | AL38: L4 only: a relaxed threshold produces no alert | AM38: whole constellation | AN38: Verdict and picture | AO38: SC-12 | AP38: (unmapped) | AQ38: T0836 Modify Parameter (high); T1562.001 Impair Defenses: Disable or Modify Tools (medium) | AR38: medium | AS38: Baseline: reproduces Table 5 of the paper | AT38: =COUNTIF('CVE Register'!$X$5:$X$61,"*"&A38&"*") -> 0 | AU38: — | AV38: L3 > L4 (2 of 4 layers) L3: [A3.4], [A3.5], A3.6 | L4: A4.5, A4.6 Boundaries to first check A3.4/A3.5: 0 (an origin is a check) | to ATM A4.6: 1 Enabler: weakens a safeguard; listed assets are exposed once the enabled attack runs.
A39: T3.07 | B39: L3 | C39: Consistent corruption of both positions | D39: The E-MLAT and the broadcast position are corrupted consistently, so the cross-check annotates a false position as verified. Realised by synchronised emitters (AC3). | E39: Synchronised emitters reproducing ADS-B and TDOA together | F39: A3.5, A3.3 | G39: (none: inside a layer) | H39: T | I39: S | J39: Not tau: it forges consistent positions, not a clock offset. Timing-related because it must reproduce TDOA. | K39: Target | L39: AC3 | M39: T2 | N39: Y | P39: Y | R39: =COUNTIF(N39:Q39,"Y") -> 2 | S39: Leaf | T39: =IF(COUNTIFS(Binding!$A$5:$A$108,A39,Binding!$C$5:$C$108,"Attack")=0,"P","E"&MAXIFS(Binding!$J$5:$J$108,Binding!$A$5:$A$108,A39,Binding!$C$5:$C$108,"Attack")) -> E2 | U39: Y | V39: =IF(T39="P","",IF(COUNTIFS(Binding!$A$5:$A$108,A39,Binding!$C$5:$C$108,"Attack",Binding!$J$5:$J$108,MAXIFS(Binding!$J$5:$J$108,Binding!$A$5:$A$108,A39,Binding!$C$5:$C$108,"Attack"),Binding!$H$5:$H$108,"Yes")=0,"Yes","No")) -> No | W39: #5, #20, #6 | Y39: M15; M16; M17 | Z39: 0 | AA39: 1 | AB39: =IF(S39="Enabler","",MAX(IF(N39="Y",Rubric!$I$5,0),IF(P39="Y",Rubric!$I$6,0),IF(O39="Y",IF(AE39>=3,Rubric!$I$7,Rubric!$I$8),0),IF(Q39="Y",Rubric!$I$9,0))) -> 5 | AC39: {=MAX(1,INDEX(Rubric!$B$5:$B$9,MATCH(T39,Rubric!$A$5:$A$9,0))-IF(AND(U39="Y",T39<>"P"),Rubric!$I$11,0))} -> 3 | AD39: {=INDEX(Rubric!$E$5:$E$9,MATCH(M39,Rubric!$D$5:$D$9,0))} -> 3 | AE39: 2 | AF39: 4 | AG39: 4 | AH39: =IF(S39="Enabler","",AB39+AC39+AD39+AE39+AF39) -> 17 | AI39: =IF(S39="Enabler","",AB39+AC39+AD39+AE39+AG39) -> 17 | AJ39: {=IF(AH39="","",INDEX(Rubric!$M$5:$M$8,MATCH(AH39,Rubric!$L$5:$L$8,1)))} -> High | AK39: {=IF(AI39="","",INDEX(Rubric!$M$5:$M$8,MATCH(AI39,Rubric!$L$5:$L$8,1)))} -> High | AL39: L4 only: the cross-check agrees by construction | AM39: several aircraft | AN39: Emitter and position | AO39: SC-11; SC-12 | AP39: IMP-0001 Deception | AQ39: T0832 Manipulation of View (medium) | AR39: medium | AS39: Validated: LLM panel and co-author evaluation | AT39: =COUNTIF('CVE Register'!$X$5:$X$61,"*"&A39&"*") -> 0 | AU39: — | AV39: L3 > L4 (2 of 4 layers) L3: [A3.3], [A3.5], A3.4, A3.6 | L4: A4.5, A4.6 Boundaries to first check A3.4/A3.5: 0 (an origin is a check) | to ATM A4.6: 1
A40: T3.08 | B40: L3 | C40: Induced false discrepancy | D40: The attacker creates a discrepancy between independent positions so that an honest aircraft is marked suspect, discrediting a genuine target. | E40: Perturbing one of two independent positions of an honest aircraft | F40: A3.5 | G40: (none: inside a layer) | H40: T | I40: S | J40: Not tau: it produces a false discrepancy. Timing-related because it acts through TDOA. | K40: Target | L40: AC3 | M40: T2 | P40: Y | R40: =COUNTIF(N40:Q40,"Y") -> 1 | S40: Leaf | T40: =IF(COUNTIFS(Binding!$A$5:$A$108,A40,Binding!$C$5:$C$108,"Attack")=0,"P","E"&MAXIFS(Binding!$J$5:$J$108,Binding!$A$5:$A$108,A40,Binding!$C$5:$C$108,"Attack")) -> E2 | U40: Y | V40: =IF(T40="P","",IF(COUNTIFS(Binding!$A$5:$A$108,A40,Binding!$C$5:$C$108,"Attack",Binding!$J$5:$J$108,MAXIFS(Binding!$J$5:$J$108,Binding!$A$5:$A$108,A40,Binding!$C$5:$C$108,"Attack"),Binding!$H$5:$H$108,"Yes")=0,"Yes","No")) -> No | W40: #5, #6 | Y40: M15; M16; M17 | Z40: 0 | AA40: 1 | AB40: =IF(S40="Enabler","",MAX(IF(N40="Y",Rubric!$I$5,0),IF(P40="Y",Rubric!$I$6,0),IF(O40="Y",IF(AE40>=3,Rubric!$I$7,Rubric!$I$8),0),IF(Q40="Y",Rubric!$I$9,0))) -> 4 | AC40: {=MAX(1,INDEX(Rubric!$B$5:$B$9,MATCH(T40,Rubric!$A$5:$A$9,0))-IF(AND(U40="Y",T40<>"P"),Rubric!$I$11,0))} -> 3 | AD40: {=INDEX(Rubric!$E$5:$E$9,MATCH(M40,Rubric!$D$5:$D$9,0))} -> 3 | AE40: 2 | AF40: 3 | AG40: 3 | AH40: =IF(S40="Enabler","",AB40+AC40+AD40+AE40+AF40) -> 15 | AI40: =IF(S40="Enabler","",AB40+AC40+AD40+AE40+AG40) -> 15 | AJ40: {=IF(AH40="","",INDEX(Rubric!$M$5:$M$8,MATCH(AH40,Rubric!$L$5:$L$8,1)))} -> High | AK40: {=IF(AI40="","",INDEX(Rubric!$M$5:$M$8,MATCH(AI40,Rubric!$L$5:$L$8,1)))} -> High | AL40: L3: the cross-check raises the flag (the effect, not the cause, is seen) | AM40: several aircraft | AO40: SC-12 | AP40: IMP-0001 Deception | AQ40: T0832 Manipulation of View (medium) | AR40: medium | AS40: Validated: LLM panel and co-author evaluation | AT40: =COUNTIF('CVE Register'!$X$5:$X$61,"*"&A40&"*") -> 0 | AU40: — | AV40: L3 > L4 (2 of 4 layers) L3: [A3.5], A3.6 | L4: A4.5, A4.6 Boundaries to first check A3.4/A3.5: 0 (an origin is a check) | to ATM A4.6: 1
A41: T3.09 | B41: L3 | C41: Encoder and output tampering | D41: The ASTERIX encoder or gateway alters the content or the integrity annotation of the reports sent to ATM, downstream of every detection predicate. | E41: Software exploitation of the encoder or gateway | F41: A3.6 | G41: TB3 | H41: T | J41: n/a: no time offset on an asset of the timing dependency | L41: AC6 | M41: T2 | N41: Y | P41: Y | R41: =COUNTIF(N41:Q41,"Y") -> 2 | S41: Leaf | T41: =IF(COUNTIFS(Binding!$A$5:$A$108,A41,Binding!$C$5:$C$108,"Attack")=0,"P","E"&MAXIFS(Binding!$J$5:$J$108,Binding!$A$5:$A$108,A41,Binding!$C$5:$C$108,"Attack")) -> P | V41: =IF(T41="P","",IF(COUNTIFS(Binding!$A$5:$A$108,A41,Binding!$C$5:$C$108,"Attack",Binding!$J$5:$J$108,MAXIFS(Binding!$J$5:$J$108,Binding!$A$5:$A$108,A41,Binding!$C$5:$C$108,"Attack"),Binding!$H$5:$H$108,"Yes")=0,"Yes","No")) | W41: (none: postulated) | Z41: — | AA41: 1 | AB41: =IF(S41="Enabler","",MAX(IF(N41="Y",Rubric!$I$5,0),IF(P41="Y",Rubric!$I$6,0),IF(O41="Y",IF(AE41>=3,Rubric!$I$7,Rubric!$I$8),0),IF(Q41="Y",Rubric!$I$9,0))) -> 5 | AC41: {=MAX(1,INDEX(Rubric!$B$5:$B$9,MATCH(T41,Rubric!$A$5:$A$9,0))-IF(AND(U41="Y",T41<>"P"),Rubric!$I$11,0))} -> 1 | AD41: {=INDEX(Rubric!$E$5:$E$9,MATCH(M41,Rubric!$D$5:$D$9,0))} -> 3 | AE41: 5 | AF41: 5 | AG41: 5 | AH41: =IF(S41="Enabler","",AB41+AC41+AD41+AE41+AF41) -> 19 | AI41: =IF(S41="Enabler","",AB41+AC41+AD41+AE41+AG41) -> 19 | AJ41: {=IF(AH41="","",INDEX(Rubric!$M$5:$M$8,MATCH(AH41,Rubric!$L$5:$L$8,1)))} -> High | AK41: {=IF(AI41="","",INDEX(Rubric!$M$5:$M$8,MATCH(AI41,Rubric!$L$5:$L$8,1)))} -> High | AL41: None: acts downstream of every check | AM41: whole constellation | AN41: Verdict and picture | AO41: SC-14 | AP41: (unmapped) | AQ41: T0832 Manipulation of View (high) | AR41: medium | AS41: Validated: LLM panel and co-author evaluation | AT41: =COUNTIF('CVE Register'!$X$5:$X$61,"*"&A41&"*") -> 0 | AU41: — | AV41: L3 > L4 (2 of 4 layers) L3: [A3.6] | L4: A4.5, A4.6 Boundaries to first check A3.4/A3.5: none (bypasses A3.4/A3.5) | to ATM A4.6: 1
A42: T3.10 | B42: L3 | C42: Disclosure of flight tracks | D42: Unauthorised access to track databases, reports or logs discloses aircraft movements. Enables nothing else in the catalogue. | E42: Read access to the processing and delivery stores | F42: A3.6 | G42: TB3 | H42: I | J42: n/a: no time offset on an asset of the timing dependency | L42: AC6 | M42: T2 | Q42: Y | R42: =COUNTIF(N42:Q42,"Y") -> 1 | S42: Leaf | T42: =IF(COUNTIFS(Binding!$A$5:$A$108,A42,Binding!$C$5:$C$108,"Attack")=0,"P","E"&MAXIFS(Binding!$J$5:$J$108,Binding!$A$5:$A$108,A42,Binding!$C$5:$C$108,"Attack")) -> P | V42: =IF(T42="P","",IF(COUNTIFS(Binding!$A$5:$A$108,A42,Binding!$C$5:$C$108,"Attack",Binding!$J$5:$J$108,MAXIFS(Binding!$J$5:$J$108,Binding!$A$5:$A$108,A42,Binding!$C$5:$C$108,"Attack"),Binding!$H$5:$H$108,"Yes")=0,"Yes","No")) | W42: (none: postulated) | Z42: — | AA42: 1 | AB42: =IF(S42="Enabler","",MAX(IF(N42="Y",Rubric!$I$5,0),IF(P42="Y",Rubric!$I$6,0),IF(O42="Y",IF(AE42>=3,Rubric!$I$7,Rubric!$I$8),0),IF(Q42="Y",Rubric!$I$9,0))) -> 1 | AC42: {=MAX(1,INDEX(Rubric!$B$5:$B$9,MATCH(T42,Rubric!$A$5:$A$9,0))-IF(AND(U42="Y",T42<>"P"),Rubric!$I$11,0))} -> 1 | AD42: {=INDEX(Rubric!$E$5:$E$9,MATCH(M42,Rubric!$D$5:$D$9,0))} -> 3 | AE42: 5 | AF42: 5 | AG42: 5 | AH42: =IF(S42="Enabler","",AB42+AC42+AD42+AE42+AF42) -> 15 | AI42: =IF(S42="Enabler","",AB42+AC42+AD42+AE42+AG42) -> 15 | AJ42: {=IF(AH42="","",INDEX(Rubric!$M$5:$M$8,MATCH(AH42,Rubric!$L$5:$L$8,1)))} -> High | AK42: {=IF(AI42="","",INDEX(Rubric!$M$5:$M$8,MATCH(AI42,Rubric!$L$5:$L$8,1)))} -> High | AL42: None: passive access leaves no trace | AM42: whole constellation | AO42: SC-10 | AP42: IMP-0006 Theft (medium) | AQ42: T0882 Theft of Operational Information (high) | AR42: medium | AS42: Validated: LLM panel and co-author evaluation | AT42: =COUNTIF('CVE Register'!$X$5:$X$61,"*"&A42&"*") -> 0 | AU42: — | AV42: Contained: disclosure only, no downstream state change. Exposure at L3: [A3.6]
A43: T3.11 | B43: L3 | C43: Unattributable records | D43: Audit trails and logs are altered or suppressed, so tampering cannot be attributed. An enabler of repudiation. | E43: Write access to logs and track records | F43: A3.3 | G43: (none: inside a layer) | H43: R | J43: n/a: no time offset on an asset of the timing dependency | L43: AC6 | M43: T2 | P43: Y | R43: =COUNTIF(N43:Q43,"Y") -> 1 | S43: Enabler | T43: =IF(COUNTIFS(Binding!$A$5:$A$108,A43,Binding!$C$5:$C$108,"Attack")=0,"P","E"&MAXIFS(Binding!$J$5:$J$108,Binding!$A$5:$A$108,A43,Binding!$C$5:$C$108,"Attack")) -> E2 | U43: Y | V43: =IF(T43="P","",IF(COUNTIFS(Binding!$A$5:$A$108,A43,Binding!$C$5:$C$108,"Attack",Binding!$J$5:$J$108,MAXIFS(Binding!$J$5:$J$108,Binding!$A$5:$A$108,A43,Binding!$C$5:$C$108,"Attack"),Binding!$H$5:$H$108,"Yes")=0,"Yes","No")) -> Yes | W43: #65 | Y43: M04; M05; M10; M13; M24 | Z43: 0 | AA43: 1 | AB43: =IF(S43="Enabler","",MAX(IF(N43="Y",Rubric!$I$5,0),IF(P43="Y",Rubric!$I$6,0),IF(O43="Y",IF(AE43>=3,Rubric!$I$7,Rubric!$I$8),0),IF(Q43="Y",Rubric!$I$9,0))) | AC43: {=MAX(1,INDEX(Rubric!$B$5:$B$9,MATCH(T43,Rubric!$A$5:$A$9,0))-IF(AND(U43="Y",T43<>"P"),Rubric!$I$11,0))} -> 3 | AD43: {=INDEX(Rubric!$E$5:$E$9,MATCH(M43,Rubric!$D$5:$D$9,0))} -> 3 | AE43: 5 | AF43: 5 | AG43: 5 | AH43: =IF(S43="Enabler","",AB43+AC43+AD43+AE43+AF43) | AI43: =IF(S43="Enabler","",AB43+AC43+AD43+AE43+AG43) | AJ43: {=IF(AH43="","",INDEX(Rubric!$M$5:$M$8,MATCH(AH43,Rubric!$L$5:$L$8,1)))} | AK43: {=IF(AI43="","",INDEX(Rubric!$M$5:$M$8,MATCH(AI43,Rubric!$L$5:$L$8,1)))} | AL43: None: records are altered by construction | AM43: whole constellation | AP43: DE-0010 Overflow Audit Log (medium) | AQ43: T0872 Indicator Removal on Host (high); T1070 Indicator Removal (high) | AR43: medium | AS43: Validated: LLM panel and co-author evaluation | AT43: =COUNTIF('CVE Register'!$X$5:$X$61,"*"&A43&"*") -> 0 | AU43: — | AV43: L3 > L4 (2 of 4 layers) L3: [A3.3], A3.4, A3.5, A3.6 | L4: A4.5, A4.6 Boundaries to first check A3.4/A3.5: 0 (an origin is a check) | to ATM A4.6: 1 Enabler: weakens a safeguard; listed assets are exposed once the enabled attack runs.
A44: T3.12 | B44: L3 | C44: CPS platform compromise | D44: Servers, operating system or virtualisation hosting A3.1 to A3.6 are compromised, giving control of every module on the host. | E44: Remote exploitation of ground software or its platform | F44: A3.7 | G44: TB2 | H44: E | I44: T | J44: n/a: no time offset on an asset of the timing dependency | L44: AC6 | M44: T2 | N44: Y | O44: Y | P44: Y | R44: =COUNTIF(N44:Q44,"Y") -> 3 | S44: Leaf | T44: =IF(COUNTIFS(Binding!$A$5:$A$108,A44,Binding!$C$5:$C$108,"Attack")=0,"P","E"&MAXIFS(Binding!$J$5:$J$108,Binding!$A$5:$A$108,A44,Binding!$C$5:$C$108,"Attack")) -> E2 | U44: N | V44: =IF(T44="P","",IF(COUNTIFS(Binding!$A$5:$A$108,A44,Binding!$C$5:$C$108,"Attack",Binding!$J$5:$J$108,MAXIFS(Binding!$J$5:$J$108,Binding!$A$5:$A$108,A44,Binding!$C$5:$C$108,"Attack"),Binding!$H$5:$H$108,"Yes")=0,"Yes","No")) -> Yes | W44: #65 | Y44: M04; M05; M10; M13; M24 | Z44: 0 | AA44: 1 | AB44: =IF(S44="Enabler","",MAX(IF(N44="Y",Rubric!$I$5,0),IF(P44="Y",Rubric!$I$6,0),IF(O44="Y",IF(AE44>=3,Rubric!$I$7,Rubric!$I$8),0),IF(Q44="Y",Rubric!$I$9,0))) -> 5 | AC44: {=MAX(1,INDEX(Rubric!$B$5:$B$9,MATCH(T44,Rubric!$A$5:$A$9,0))-IF(AND(U44="Y",T44<>"P"),Rubric!$I$11,0))} -> 4 | AD44: {=INDEX(Rubric!$E$5:$E$9,MATCH(M44,Rubric!$D$5:$D$9,0))} -> 3 | AE44: 5 | AF44: 4 | AG44: 4 | AH44: =IF(S44="Enabler","",AB44+AC44+AD44+AE44+AF44) -> 21 | AI44: =IF(S44="Enabler","",AB44+AC44+AD44+AE44+AG44) -> 21 | AJ44: {=IF(AH44="","",INDEX(Rubric!$M$5:$M$8,MATCH(AH44,Rubric!$L$5:$L$8,1)))} -> Critical | AK44: {=IF(AI44="","",INDEX(Rubric!$M$5:$M$8,MATCH(AI44,Rubric!$L$5:$L$8,1)))} -> Critical | AL44: L4 only: found by platform monitoring | AM44: whole constellation | AN44: Platform and command | AO44: SC-10 | AP44: IA-0007 Compromise Ground System (medium) | AQ44: T0890 Exploitation for Privilege Escalation; T1190 (medium) | AR44: medium | AS44: Validated: LLM panel and co-author evaluation | AT44: =COUNTIF('CVE Register'!$X$5:$X$61,"*"&A44&"*") -> 0 | AU44: — | AV44: L3 > L4 (2 of 4 layers) L3: [A3.7], A3.1, A3.2, A3.3, A3.4, A3.5, A3.6 | L4: A4.5, A4.6 Boundaries to first check A3.4/A3.5: 0 (an origin is a check) | to ATM A4.6: 1
A45: T4.01 | B45: L4 | C45: Synchronisation-policy tampering | D45: The time scale, PTP policy or conformance thresholds are altered, so clocks are disciplined to a wrong reference or the checks are relaxed. | E45: Authorised access to the policy and time-reference service | F45: A4.1 | G45: TB3 | H45: T | I45: tau | J45: Primary T: the policy is configuration; the resulting offset on A1.5 is recorded as a secondary tau effect. | K45: Target | L45: AC7 | M45: T2 | N45: Y | R45: =COUNTIF(N45:Q45,"Y") -> 1 | S45: Leaf | T45: =IF(COUNTIFS(Binding!$A$5:$A$108,A45,Binding!$C$5:$C$108,"Attack")=0,"P","E"&MAXIFS(Binding!$J$5:$J$108,Binding!$A$5:$A$108,A45,Binding!$C$5:$C$108,"Attack")) -> P | V45: =IF(T45="P","",IF(COUNTIFS(Binding!$A$5:$A$108,A45,Binding!$C$5:$C$108,"Attack",Binding!$J$5:$J$108,MAXIFS(Binding!$J$5:$J$108,Binding!$A$5:$A$108,A45,Binding!$C$5:$C$108,"Attack"),Binding!$H$5:$H$108,"Yes")=0,"Yes","No")) | W45: (none: postulated) | X45: #76, #77 | Z45: 5 | AA45: 6 | AB45: =IF(S45="Enabler","",MAX(IF(N45="Y",Rubric!$I$5,0),IF(P45="Y",Rubric!$I$6,0),IF(O45="Y",IF(AE45>=3,Rubric!$I$7,Rubric!$I$8),0),IF(Q45="Y",Rubric!$I$9,0))) -> 5 | AC45: {=MAX(1,INDEX(Rubric!$B$5:$B$9,MATCH(T45,Rubric!$A$5:$A$9,0))-IF(AND(U45="Y",T45<>"P"),Rubric!$I$11,0))} -> 1 | AD45: {=INDEX(Rubric!$E$5:$E$9,MATCH(M45,Rubric!$D$5:$D$9,0))} -> 3 | AE45: 5 | AF45: 3 | AG45: 5 | AH45: =IF(S45="Enabler","",AB45+AC45+AD45+AE45+AF45) -> 17 | AI45: =IF(S45="Enabler","",AB45+AC45+AD45+AE45+AG45) -> 19 | AJ45: {=IF(AH45="","",INDEX(Rubric!$M$5:$M$8,MATCH(AH45,Rubric!$L$5:$L$8,1)))} -> High | AK45: {=IF(AI45="","",INDEX(Rubric!$M$5:$M$8,MATCH(AI45,Rubric!$L$5:$L$8,1)))} -> High | AL45: Strong pass: L3 residual test; weak pass: bias inside the window | AM45: whole constellation | AN45: Clock | AO45: SC-16 | AP45: EX-0012.12 Modify On-Board Values: System Clock (medium) | AQ45: T0836 Modify Parameter (medium) | AR45: medium | AS45: Validated: LLM panel and co-author evaluation | AT45: =COUNTIF('CVE Register'!$X$5:$X$61,"*"&A45&"*") -> 6 | AU45: 6 CVEs: ntpd (5), Microchip (1) | AV45: L1 > L2 > L3 > L4 (4 of 4 layers) L1: A1.4†, A1.5†, A1.6, A1.7† | L2: A2.1†, A2.2†, A2.3†, A2.4†, A2.5 | L3: A3.1†, A3.2†, A3.3†, A3.4†, A3.5†, A3.6† | L4: [A4.1], A4.5†, A4.6† Boundaries to first check A3.4/A3.5: 5 | to ATM A4.6: 6
A46: T4.02 | B46: L4 | C46: Falsified ephemerides | D46: Orbit-determination products are falsified so that satellite positions assumed by the solver are wrong. Acts like a clock bias in the TDOA model but corrupts position knowledge, not time, so it stays Tampering. | E46: Authorised access to orbit-determination products | F46: A4.2 | G46: TB3 | H46: T | J46: Not tau: it corrupts knowledge of position, not of time. The equivalence with a clock bias is captured in the attack graph. | K46: Derived | L46: AC7 | M46: T2 | N46: Y | R46: =COUNTIF(N46:Q46,"Y") -> 1 | S46: Leaf | T46: =IF(COUNTIFS(Binding!$A$5:$A$108,A46,Binding!$C$5:$C$108,"Attack")=0,"P","E"&MAXIFS(Binding!$J$5:$J$108,Binding!$A$5:$A$108,A46,Binding!$C$5:$C$108,"Attack")) -> P | V46: =IF(T46="P","",IF(COUNTIFS(Binding!$A$5:$A$108,A46,Binding!$C$5:$C$108,"Attack",Binding!$J$5:$J$108,MAXIFS(Binding!$J$5:$J$108,Binding!$A$5:$A$108,A46,Binding!$C$5:$C$108,"Attack"),Binding!$H$5:$H$108,"Yes")=0,"Yes","No")) | W46: (none: postulated) | X46: #76 | Z46: 1 | AA46: 2 | AB46: =IF(S46="Enabler","",MAX(IF(N46="Y",Rubric!$I$5,0),IF(P46="Y",Rubric!$I$6,0),IF(O46="Y",IF(AE46>=3,Rubric!$I$7,Rubric!$I$8),0),IF(Q46="Y",Rubric!$I$9,0))) -> 5 | AC46: {=MAX(1,INDEX(Rubric!$B$5:$B$9,MATCH(T46,Rubric!$A$5:$A$9,0))-IF(AND(U46="Y",T46<>"P"),Rubric!$I$11,0))} -> 1 | AD46: {=INDEX(Rubric!$E$5:$E$9,MATCH(M46,Rubric!$D$5:$D$9,0))} -> 3 | AE46: 5 | AF46: 3 | AG46: 5 | AH46: =IF(S46="Enabler","",AB46+AC46+AD46+AE46+AF46) -> 17 | AI46: =IF(S46="Enabler","",AB46+AC46+AD46+AE46+AG46) -> 19 | AJ46: {=IF(AH46="","",INDEX(Rubric!$M$5:$M$8,MATCH(AH46,Rubric!$L$5:$L$8,1)))} -> High | AK46: {=IF(AI46="","",INDEX(Rubric!$M$5:$M$8,MATCH(AI46,Rubric!$L$5:$L$8,1)))} -> High | AL46: Strong pass: L3 residual test; weak pass: bias inside the window | AM46: whole constellation | AN46: Ephemeris | AO46: SC-17 | AP46: DE-0003.10 Modify On-Board Values: GPS Ephemeris (medium; on-board analogue) | AQ46: T1565.001 Stored Data Manipulation (medium) | AR46: medium | AS46: Baseline: reproduces Table 5 of the paper | AT46: =COUNTIF('CVE Register'!$X$5:$X$61,"*"&A46&"*") -> 0 | AU46: — | AV46: L3 > L4 (2 of 4 layers) L3: A3.2, A3.3, A3.4, A3.5, A3.6 | L4: [A4.2], A4.5, A4.6 Boundaries to first check A3.4/A3.5: 1 | to ATM A4.6: 2
A47: T4.03 | B47: L4 | C47: Stale ephemeris | D47: Delivery of ephemeris updates is withheld or delayed, so the solver works on outdated orbit data. Two outcomes: a flagged degradation (denial) or an unflagged bias (displacement). | E47: Withholding or delaying orbit-product delivery | F47: A4.2 | G47: TB3 | H47: D | I47: T | J47: n/a: no time offset on an asset of the timing dependency | K47: Derived | L47: AC7 | M47: T2 | N47: Y | O47: Y | P47: Y | R47: =COUNTIF(N47:Q47,"Y") -> 3 | S47: Leaf | T47: =IF(COUNTIFS(Binding!$A$5:$A$108,A47,Binding!$C$5:$C$108,"Attack")=0,"P","E"&MAXIFS(Binding!$J$5:$J$108,Binding!$A$5:$A$108,A47,Binding!$C$5:$C$108,"Attack")) -> P | V47: =IF(T47="P","",IF(COUNTIFS(Binding!$A$5:$A$108,A47,Binding!$C$5:$C$108,"Attack",Binding!$J$5:$J$108,MAXIFS(Binding!$J$5:$J$108,Binding!$A$5:$A$108,A47,Binding!$C$5:$C$108,"Attack"),Binding!$H$5:$H$108,"Yes")=0,"Yes","No")) | W47: (none: postulated) | X47: #77 | Z47: 1 | AA47: 2 | AB47: =IF(S47="Enabler","",MAX(IF(N47="Y",Rubric!$I$5,0),IF(P47="Y",Rubric!$I$6,0),IF(O47="Y",IF(AE47>=3,Rubric!$I$7,Rubric!$I$8),0),IF(Q47="Y",Rubric!$I$9,0))) -> 5 | AC47: {=MAX(1,INDEX(Rubric!$B$5:$B$9,MATCH(T47,Rubric!$A$5:$A$9,0))-IF(AND(U47="Y",T47<>"P"),Rubric!$I$11,0))} -> 1 | AD47: {=INDEX(Rubric!$E$5:$E$9,MATCH(M47,Rubric!$D$5:$D$9,0))} -> 3 | AE47: 5 | AF47: 3 | AG47: 5 | AH47: =IF(S47="Enabler","",AB47+AC47+AD47+AE47+AF47) -> 17 | AI47: =IF(S47="Enabler","",AB47+AC47+AD47+AE47+AG47) -> 19 | AJ47: {=IF(AH47="","",INDEX(Rubric!$M$5:$M$8,MATCH(AH47,Rubric!$L$5:$L$8,1)))} -> High | AK47: {=IF(AI47="","",INDEX(Rubric!$M$5:$M$8,MATCH(AI47,Rubric!$L$5:$L$8,1)))} -> High | AL47: Strong pass: L3 residual test; weak pass: bias inside the window | AM47: whole constellation | AN47: Ephemeris | AO47: SC-17 | AP47: IMP-0004 Degradation (medium) | AQ47: (unmapped) | AR47: medium | AS47: Validated: LLM panel and co-author evaluation | AT47: =COUNTIF('CVE Register'!$X$5:$X$61,"*"&A47&"*") -> 0 | AU47: — | AV47: L3 > L4 (2 of 4 layers) L3: A3.2, A3.3, A3.4, A3.5, A3.6 | L4: [A4.2], A4.5, A4.6 Boundaries to first check A3.4/A3.5: 1 | to ATM A4.6: 2
A48: T4.04 | B48: L4 | C48: Disclosure of link and command keys | D48: Keys for telecommand, ISLs and ground links are disclosed. A precondition of forged telecommands (T2.11), key abuse (T4.05) and weak-authentication exploitation (T1.12). | E48: Compromise of key storage or distribution | F48: A4.3 | G48: TB3 | H48: I | J48: n/a: no time offset on an asset of the timing dependency | L48: AC7 | M48: T2 | Q48: Y | R48: =COUNTIF(N48:Q48,"Y") -> 1 | S48: Leaf | T48: =IF(COUNTIFS(Binding!$A$5:$A$108,A48,Binding!$C$5:$C$108,"Attack")=0,"P","E"&MAXIFS(Binding!$J$5:$J$108,Binding!$A$5:$A$108,A48,Binding!$C$5:$C$108,"Attack")) -> E3 | U48: Y | V48: =IF(T48="P","",IF(COUNTIFS(Binding!$A$5:$A$108,A48,Binding!$C$5:$C$108,"Attack",Binding!$J$5:$J$108,MAXIFS(Binding!$J$5:$J$108,Binding!$A$5:$A$108,A48,Binding!$C$5:$C$108,"Attack"),Binding!$H$5:$H$108,"Yes")=0,"Yes","No")) -> No | W48: #1, #61 | Y48: M06; M22; M24 | Z48: 5 | AA48: 6 | AB48: =IF(S48="Enabler","",MAX(IF(N48="Y",Rubric!$I$5,0),IF(P48="Y",Rubric!$I$6,0),IF(O48="Y",IF(AE48>=3,Rubric!$I$7,Rubric!$I$8),0),IF(Q48="Y",Rubric!$I$9,0))) -> 1 | AC48: {=MAX(1,INDEX(Rubric!$B$5:$B$9,MATCH(T48,Rubric!$A$5:$A$9,0))-IF(AND(U48="Y",T48<>"P"),Rubric!$I$11,0))} -> 4 | AD48: {=INDEX(Rubric!$E$5:$E$9,MATCH(M48,Rubric!$D$5:$D$9,0))} -> 3 | AE48: 5 | AF48: 5 | AG48: 5 | AH48: =IF(S48="Enabler","",AB48+AC48+AD48+AE48+AF48) -> 18 | AI48: =IF(S48="Enabler","",AB48+AC48+AD48+AE48+AG48) -> 18 | AJ48: {=IF(AH48="","",INDEX(Rubric!$M$5:$M$8,MATCH(AH48,Rubric!$L$5:$L$8,1)))} -> High | AK48: {=IF(AI48="","",INDEX(Rubric!$M$5:$M$8,MATCH(AI48,Rubric!$L$5:$L$8,1)))} -> High | AL48: None: passive disclosure leaves no trace | AM48: whole constellation | AO48: SC-17 | AP48: RD-0003.02 Obtain Cyber Capabilities: Cryptographic Keys; EXF-0003 (high) | AQ48: T1552.004 Unsecured Credentials: Private Keys (high) | AR48: high | AS48: Validated: LLM panel and co-author evaluation | AT48: =COUNTIF('CVE Register'!$X$5:$X$61,"*"&A48&"*") -> 4 | AU48: CVE-2025-46672, CVE-2025-46673, CVE-2025-46674, CVE-2025-46675 | AV48: Contained: disclosure only, no downstream state change. Exposure at L4: [A4.3]
A49: T4.05 | B49: L4 | C49: Key-management abuse | D49: Keys are issued, replaced or revoked by an adversary with access to the key-management system, enabling impersonation of any node or controller. | E49: Authorised access to the key-management system | F49: A4.3 | G49: TB3 | H49: E | I49: T | J49: n/a: no time offset on an asset of the timing dependency | L49: AC7 | M49: T2 | N49: Y | O49: Y | R49: =COUNTIF(N49:Q49,"Y") -> 2 | S49: Leaf | T49: =IF(COUNTIFS(Binding!$A$5:$A$108,A49,Binding!$C$5:$C$108,"Attack")=0,"P","E"&MAXIFS(Binding!$J$5:$J$108,Binding!$A$5:$A$108,A49,Binding!$C$5:$C$108,"Attack")) -> E0 | U49: Y | V49: =IF(T49="P","",IF(COUNTIFS(Binding!$A$5:$A$108,A49,Binding!$C$5:$C$108,"Attack",Binding!$J$5:$J$108,MAXIFS(Binding!$J$5:$J$108,Binding!$A$5:$A$108,A49,Binding!$C$5:$C$108,"Attack"),Binding!$H$5:$H$108,"Yes")=0,"Yes","No")) -> No | W49: #35, #34 | Y49: M09; M25 | Z49: 5 | AA49: 6 | AB49: =IF(S49="Enabler","",MAX(IF(N49="Y",Rubric!$I$5,0),IF(P49="Y",Rubric!$I$6,0),IF(O49="Y",IF(AE49>=3,Rubric!$I$7,Rubric!$I$8),0),IF(Q49="Y",Rubric!$I$9,0))) -> 5 | AC49: {=MAX(1,INDEX(Rubric!$B$5:$B$9,MATCH(T49,Rubric!$A$5:$A$9,0))-IF(AND(U49="Y",T49<>"P"),Rubric!$I$11,0))} -> 1 | AD49: {=INDEX(Rubric!$E$5:$E$9,MATCH(M49,Rubric!$D$5:$D$9,0))} -> 3 | AE49: 5 | AF49: 4 | AG49: 4 | AH49: =IF(S49="Enabler","",AB49+AC49+AD49+AE49+AF49) -> 18 | AI49: =IF(S49="Enabler","",AB49+AC49+AD49+AE49+AG49) -> 18 | AJ49: {=IF(AH49="","",INDEX(Rubric!$M$5:$M$8,MATCH(AH49,Rubric!$L$5:$L$8,1)))} -> High | AK49: {=IF(AI49="","",INDEX(Rubric!$M$5:$M$8,MATCH(AI49,Rubric!$L$5:$L$8,1)))} -> High | AL49: L4 only: found through key-management audit | AM49: whole constellation | AN49: Platform and command | AO49: SC-17 | AP49: PER-0004 Replace Cryptographic Keys (high) | AQ49: T1078 Valid Accounts (medium) | AR49: medium | AS49: Validated: LLM panel and co-author evaluation | AT49: =COUNTIF('CVE Register'!$X$5:$X$61,"*"&A49&"*") -> 4 | AU49: CVE-2025-46672, CVE-2025-46673, CVE-2025-46674, CVE-2025-46675 | AV49: L1 > L2 > L3 > L4 (4 of 4 layers) L1: A1.4†, A1.5†, A1.6, A1.7† | L2: A2.1†, A2.2†, A2.4†, A2.5 | L3: A3.1†, A3.2†, A3.3†, A3.4†, A3.5†, A3.6† | L4: [A4.3], A4.5†, A4.6† Boundaries to first check A3.4/A3.5: 5 | to ATM A4.6: 6
A50: T4.06 | B50: L4 | C50: Malicious configuration or update | D50: Parameters, thresholds or firmware baselines are changed through the configuration and update channel, entered through a management network. | E50: Misconfigured remote access to the management network | F50: A4.4, A4.8 | G50: TB3 | H50: T | I50: E | J50: n/a: no time offset on an asset of the timing dependency | L50: AC6 | M50: T2 | N50: Y | P50: Y | R50: =COUNTIF(N50:Q50,"Y") -> 2 | S50: Leaf | T50: =IF(COUNTIFS(Binding!$A$5:$A$108,A50,Binding!$C$5:$C$108,"Attack")=0,"P","E"&MAXIFS(Binding!$J$5:$J$108,Binding!$A$5:$A$108,A50,Binding!$C$5:$C$108,"Attack")) -> E3 | U50: Y | V50: =IF(T50="P","",IF(COUNTIFS(Binding!$A$5:$A$108,A50,Binding!$C$5:$C$108,"Attack",Binding!$J$5:$J$108,MAXIFS(Binding!$J$5:$J$108,Binding!$A$5:$A$108,A50,Binding!$C$5:$C$108,"Attack"),Binding!$H$5:$H$108,"Yes")=0,"Yes","No")) -> Yes | W50: #74, #67 | Y50: M04; M10; M13; M24 | Z50: 1 | AA50: 2 | AB50: =IF(S50="Enabler","",MAX(IF(N50="Y",Rubric!$I$5,0),IF(P50="Y",Rubric!$I$6,0),IF(O50="Y",IF(AE50>=3,Rubric!$I$7,Rubric!$I$8),0),IF(Q50="Y",Rubric!$I$9,0))) -> 5 | AC50: {=MAX(1,INDEX(Rubric!$B$5:$B$9,MATCH(T50,Rubric!$A$5:$A$9,0))-IF(AND(U50="Y",T50<>"P"),Rubric!$I$11,0))} -> 4 | AD50: {=INDEX(Rubric!$E$5:$E$9,MATCH(M50,Rubric!$D$5:$D$9,0))} -> 3 | AE50: 5 | AF50: 4 | AG50: 4 | AH50: =IF(S50="Enabler","",AB50+AC50+AD50+AE50+AF50) -> 21 | AI50: =IF(S50="Enabler","",AB50+AC50+AD50+AE50+AG50) -> 21 | AJ50: {=IF(AH50="","",INDEX(Rubric!$M$5:$M$8,MATCH(AH50,Rubric!$L$5:$L$8,1)))} -> Critical | AK50: {=IF(AI50="","",INDEX(Rubric!$M$5:$M$8,MATCH(AI50,Rubric!$L$5:$L$8,1)))} -> Critical | AL50: L4 only: found through configuration audit | AM50: whole constellation | AN50: Supply chain and insiders | AO50: SC-15 | AP50: IA-0007.01 Compromise On-Orbit Update (high) | AQ50: T0889 Modify Program (medium) | AR50: medium | AS50: Validated: LLM panel and co-author evaluation | AT50: =COUNTIF('CVE Register'!$X$5:$X$61,"*"&A50&"*") -> 0 | AU50: — | AV50: L1 > L2 > L3 > L4 (4 of 4 layers) L1: A1.4†, A1.5†, A1.6, A1.7† | L2: A2.1†, A2.2†, A2.3†, A2.4†, A2.5 | L3: A3.1†, A3.2, A3.3, A3.4, A3.5, A3.6 | L4: [A4.4], [A4.8], A4.1, A4.2, A4.3, A4.5, A4.6 Boundaries to first check A3.4/A3.5: 1 | to ATM A4.6: 2
A51: T4.07 | B51: L4 | C51: Destructive update or command push | D51: Updates or commands pushed through management systems disable or wipe terminals or payloads. | E51: Management-network access used to push destructive commands | F51: A4.4, A4.8 | G51: TB3 | H51: D | I51: T | J51: n/a: no time offset on an asset of the timing dependency | L51: AC6 | M51: T2 | O51: Y | R51: =COUNTIF(N51:Q51,"Y") -> 1 | S51: Leaf | T51: =IF(COUNTIFS(Binding!$A$5:$A$108,A51,Binding!$C$5:$C$108,"Attack")=0,"P","E"&MAXIFS(Binding!$J$5:$J$108,Binding!$A$5:$A$108,A51,Binding!$C$5:$C$108,"Attack")) -> E3 | U51: Y | V51: =IF(T51="P","",IF(COUNTIFS(Binding!$A$5:$A$108,A51,Binding!$C$5:$C$108,"Attack",Binding!$J$5:$J$108,MAXIFS(Binding!$J$5:$J$108,Binding!$A$5:$A$108,A51,Binding!$C$5:$C$108,"Attack"),Binding!$H$5:$H$108,"Yes")=0,"Yes","No")) -> Yes | W51: #74 | Y51: M10; M13 | Z51: 1 | AA51: 2 | AB51: =IF(S51="Enabler","",MAX(IF(N51="Y",Rubric!$I$5,0),IF(P51="Y",Rubric!$I$6,0),IF(O51="Y",IF(AE51>=3,Rubric!$I$7,Rubric!$I$8),0),IF(Q51="Y",Rubric!$I$9,0))) -> 3 | AC51: {=MAX(1,INDEX(Rubric!$B$5:$B$9,MATCH(T51,Rubric!$A$5:$A$9,0))-IF(AND(U51="Y",T51<>"P"),Rubric!$I$11,0))} -> 4 | AD51: {=INDEX(Rubric!$E$5:$E$9,MATCH(M51,Rubric!$D$5:$D$9,0))} -> 3 | AE51: 5 | AF51: 2 | AG51: 2 | AH51: =IF(S51="Enabler","",AB51+AC51+AD51+AE51+AF51) -> 17 | AI51: =IF(S51="Enabler","",AB51+AC51+AD51+AE51+AG51) -> 17 | AJ51: {=IF(AH51="","",INDEX(Rubric!$M$5:$M$8,MATCH(AH51,Rubric!$L$5:$L$8,1)))} -> High | AK51: {=IF(AI51="","",INDEX(Rubric!$M$5:$M$8,MATCH(AI51,Rubric!$L$5:$L$8,1)))} -> High | AL51: L2: loss of service is immediately visible | AM51: whole constellation | AO51: SC-15 | AP51: EX-0010.02 Malicious Code: Wiper Malware; IMP-0005 Destruction (high) | AQ51: T1485 Data Destruction; T1561 Disk Wipe (high) | AR51: high | AS51: Validated: LLM panel and co-author evaluation | AT51: =COUNTIF('CVE Register'!$X$5:$X$61,"*"&A51&"*") -> 0 | AU51: — | AV51: L1 > L2 > L3 > L4 (4 of 4 layers) L1: A1.4†, A1.5†, A1.6, A1.7† | L2: A2.1†, A2.2†, A2.3†, A2.4†, A2.5 | L3: A3.1†, A3.2, A3.3, A3.4, A3.5, A3.6 | L4: [A4.4], [A4.8], A4.1, A4.2, A4.3, A4.5, A4.6 Boundaries to first check A3.4/A3.5: 1 | to ATM A4.6: 2
A52: T4.08 | B52: L4 | C52: Verdict and picture tampering | D52: Integrity verdicts or the target picture are altered at the delivery stage, downstream of every check. | E52: Write access to the delivery stage | F52: A4.5 | G52: TB0 | H52: T | J52: n/a: no time offset on an asset of the timing dependency | L52: AC6 | M52: T2 | N52: Y | P52: Y | R52: =COUNTIF(N52:Q52,"Y") -> 2 | S52: Leaf | T52: =IF(COUNTIFS(Binding!$A$5:$A$108,A52,Binding!$C$5:$C$108,"Attack")=0,"P","E"&MAXIFS(Binding!$J$5:$J$108,Binding!$A$5:$A$108,A52,Binding!$C$5:$C$108,"Attack")) -> P | V52: =IF(T52="P","",IF(COUNTIFS(Binding!$A$5:$A$108,A52,Binding!$C$5:$C$108,"Attack",Binding!$J$5:$J$108,MAXIFS(Binding!$J$5:$J$108,Binding!$A$5:$A$108,A52,Binding!$C$5:$C$108,"Attack"),Binding!$H$5:$H$108,"Yes")=0,"Yes","No")) | W52: (none: postulated) | X52: #78 | Z52: — | AA52: 0 | AB52: =IF(S52="Enabler","",MAX(IF(N52="Y",Rubric!$I$5,0),IF(P52="Y",Rubric!$I$6,0),IF(O52="Y",IF(AE52>=3,Rubric!$I$7,Rubric!$I$8),0),IF(Q52="Y",Rubric!$I$9,0))) -> 5 | AC52: {=MAX(1,INDEX(Rubric!$B$5:$B$9,MATCH(T52,Rubric!$A$5:$A$9,0))-IF(AND(U52="Y",T52<>"P"),Rubric!$I$11,0))} -> 1 | AD52: {=INDEX(Rubric!$E$5:$E$9,MATCH(M52,Rubric!$D$5:$D$9,0))} -> 3 | AE52: 5 | AF52: 5 | AG52: 5 | AH52: =IF(S52="Enabler","",AB52+AC52+AD52+AE52+AF52) -> 19 | AI52: =IF(S52="Enabler","",AB52+AC52+AD52+AE52+AG52) -> 19 | AJ52: {=IF(AH52="","",INDEX(Rubric!$M$5:$M$8,MATCH(AH52,Rubric!$L$5:$L$8,1)))} -> High | AK52: {=IF(AI52="","",INDEX(Rubric!$M$5:$M$8,MATCH(AI52,Rubric!$L$5:$L$8,1)))} -> High | AL52: None: acts downstream of every check | AM52: whole constellation | AN52: Verdict and picture | AO52: SC-14 | AP52: IMP-0001 Deception | AQ52: T0832 Manipulation of View (high) | AR52: medium | AS52: Validated: LLM panel and co-author evaluation | AT52: =COUNTIF('CVE Register'!$X$5:$X$61,"*"&A52&"*") -> 0 | AU52: — | AV52: L4 (1 of 4 layers) L4: [A4.5], A4.6 Boundaries to first check A3.4/A3.5: none (bypasses A3.4/A3.5) | to ATM A4.6: 0
A53: T4.09 | B53: L4 | C53: Interruption of delivery to ATM | D53: The feed to ATM is stopped, delayed or degraded; the controller loses the surveillance picture. | E53: Disruption of the delivery interface | F53: A4.5 | G53: TB0 | H53: D | J53: n/a: no time offset on an asset of the timing dependency | L53: AC6 | M53: T2 | O53: Y | R53: =COUNTIF(N53:Q53,"Y") -> 1 | S53: Leaf | T53: =IF(COUNTIFS(Binding!$A$5:$A$108,A53,Binding!$C$5:$C$108,"Attack")=0,"P","E"&MAXIFS(Binding!$J$5:$J$108,Binding!$A$5:$A$108,A53,Binding!$C$5:$C$108,"Attack")) -> P | V53: =IF(T53="P","",IF(COUNTIFS(Binding!$A$5:$A$108,A53,Binding!$C$5:$C$108,"Attack",Binding!$J$5:$J$108,MAXIFS(Binding!$J$5:$J$108,Binding!$A$5:$A$108,A53,Binding!$C$5:$C$108,"Attack"),Binding!$H$5:$H$108,"Yes")=0,"Yes","No")) | W53: (none: postulated) | X53: #78 | Z53: — | AA53: 0 | AB53: =IF(S53="Enabler","",MAX(IF(N53="Y",Rubric!$I$5,0),IF(P53="Y",Rubric!$I$6,0),IF(O53="Y",IF(AE53>=3,Rubric!$I$7,Rubric!$I$8),0),IF(Q53="Y",Rubric!$I$9,0))) -> 3 | AC53: {=MAX(1,INDEX(Rubric!$B$5:$B$9,MATCH(T53,Rubric!$A$5:$A$9,0))-IF(AND(U53="Y",T53<>"P"),Rubric!$I$11,0))} -> 1 | AD53: {=INDEX(Rubric!$E$5:$E$9,MATCH(M53,Rubric!$D$5:$D$9,0))} -> 3 | AE53: 5 | AF53: 4 | AG53: 4 | AH53: =IF(S53="Enabler","",AB53+AC53+AD53+AE53+AF53) -> 16 | AI53: =IF(S53="Enabler","",AB53+AC53+AD53+AE53+AG53) -> 16 | AJ53: {=IF(AH53="","",INDEX(Rubric!$M$5:$M$8,MATCH(AH53,Rubric!$L$5:$L$8,1)))} -> High | AK53: {=IF(AI53="","",INDEX(Rubric!$M$5:$M$8,MATCH(AI53,Rubric!$L$5:$L$8,1)))} -> High | AL53: L4 only: the controller notices a missing feed | AM53: whole constellation | AO53: SC-14 | AP53: IMP-0003 Denial (medium) | AQ53: T0815 Denial of View (high) | AR53: medium | AS53: Validated: LLM panel and co-author evaluation | AT53: =COUNTIF('CVE Register'!$X$5:$X$61,"*"&A53&"*") -> 0 | AU53: — | AV53: L4 (1 of 4 layers) L4: [A4.5], A4.6 Boundaries to first check A3.4/A3.5: none (bypasses A3.4/A3.5) | to ATM A4.6: 0
A54: T4.10 | B54: L4 | C54: Output and interface deception | D54: The display or interface presented to the controller is altered to show fabricated or suppressed content, bypassing every check. | E54: Access to the controller working position or its interface | F54: A4.6 | G54: TB0 | H54: T | I54: S | J54: n/a: no time offset on an asset of the timing dependency | L54: AC6 | M54: T2 | P54: Y | R54: =COUNTIF(N54:Q54,"Y") -> 1 | S54: Leaf | T54: =IF(COUNTIFS(Binding!$A$5:$A$108,A54,Binding!$C$5:$C$108,"Attack")=0,"P","E"&MAXIFS(Binding!$J$5:$J$108,Binding!$A$5:$A$108,A54,Binding!$C$5:$C$108,"Attack")) -> P | V54: =IF(T54="P","",IF(COUNTIFS(Binding!$A$5:$A$108,A54,Binding!$C$5:$C$108,"Attack",Binding!$J$5:$J$108,MAXIFS(Binding!$J$5:$J$108,Binding!$A$5:$A$108,A54,Binding!$C$5:$C$108,"Attack"),Binding!$H$5:$H$108,"Yes")=0,"Yes","No")) | W54: (none: postulated) | Z54: — | AA54: 0 | AB54: =IF(S54="Enabler","",MAX(IF(N54="Y",Rubric!$I$5,0),IF(P54="Y",Rubric!$I$6,0),IF(O54="Y",IF(AE54>=3,Rubric!$I$7,Rubric!$I$8),0),IF(Q54="Y",Rubric!$I$9,0))) -> 4 | AC54: {=MAX(1,INDEX(Rubric!$B$5:$B$9,MATCH(T54,Rubric!$A$5:$A$9,0))-IF(AND(U54="Y",T54<>"P"),Rubric!$I$11,0))} -> 1 | AD54: {=INDEX(Rubric!$E$5:$E$9,MATCH(M54,Rubric!$D$5:$D$9,0))} -> 3 | AE54: 5 | AF54: 5 | AG54: 5 | AH54: =IF(S54="Enabler","",AB54+AC54+AD54+AE54+AF54) -> 18 | AI54: =IF(S54="Enabler","",AB54+AC54+AD54+AE54+AG54) -> 18 | AJ54: {=IF(AH54="","",INDEX(Rubric!$M$5:$M$8,MATCH(AH54,Rubric!$L$5:$L$8,1)))} -> High | AK54: {=IF(AI54="","",INDEX(Rubric!$M$5:$M$8,MATCH(AI54,Rubric!$L$5:$L$8,1)))} -> High | AL54: None: acts downstream of every check | AM54: whole constellation | AO54: SC-14 | AP54: IMP-0001 Deception | AQ54: T0832 Manipulation of View (high) | AR54: medium | AS54: Validated: LLM panel and co-author evaluation | AT54: =COUNTIF('CVE Register'!$X$5:$X$61,"*"&A54&"*") -> 0 | AU54: — | AV54: L4 (1 of 4 layers) L4: [A4.6] Boundaries to first check A3.4/A3.5: none (bypasses A3.4/A3.5) | to ATM A4.6: 0
A55: T4.11 | B55: L4 | C55: Disclosure of ephemerides and coverage | D55: Precise orbit, coverage and geometry information is revealed. An enabler: it informs geometry-targeted dropping (T2.04) and the placement of synchronised emitters (T1.05). | E55: Read access to coverage and orbit data | F55: A4.5 | G55: TB0 | H55: I | J55: n/a: no time offset on an asset of the timing dependency | L55: AC6 | M55: T2 | Q55: Y | R55: =COUNTIF(N55:Q55,"Y") -> 1 | S55: Enabler | T55: =IF(COUNTIFS(Binding!$A$5:$A$108,A55,Binding!$C$5:$C$108,"Attack")=0,"P","E"&MAXIFS(Binding!$J$5:$J$108,Binding!$A$5:$A$108,A55,Binding!$C$5:$C$108,"Attack")) -> P | V55: =IF(T55="P","",IF(COUNTIFS(Binding!$A$5:$A$108,A55,Binding!$C$5:$C$108,"Attack",Binding!$J$5:$J$108,MAXIFS(Binding!$J$5:$J$108,Binding!$A$5:$A$108,A55,Binding!$C$5:$C$108,"Attack"),Binding!$H$5:$H$108,"Yes")=0,"Yes","No")) | W55: (none: postulated) | Z55: — | AA55: 0 | AB55: =IF(S55="Enabler","",MAX(IF(N55="Y",Rubric!$I$5,0),IF(P55="Y",Rubric!$I$6,0),IF(O55="Y",IF(AE55>=3,Rubric!$I$7,Rubric!$I$8),0),IF(Q55="Y",Rubric!$I$9,0))) | AC55: {=MAX(1,INDEX(Rubric!$B$5:$B$9,MATCH(T55,Rubric!$A$5:$A$9,0))-IF(AND(U55="Y",T55<>"P"),Rubric!$I$11,0))} -> 1 | AD55: {=INDEX(Rubric!$E$5:$E$9,MATCH(M55,Rubric!$D$5:$D$9,0))} -> 3 | AE55: 5 | AF55: 5 | AG55: 5 | AH55: =IF(S55="Enabler","",AB55+AC55+AD55+AE55+AF55) | AI55: =IF(S55="Enabler","",AB55+AC55+AD55+AE55+AG55) | AJ55: {=IF(AH55="","",INDEX(Rubric!$M$5:$M$8,MATCH(AH55,Rubric!$L$5:$L$8,1)))} | AK55: {=IF(AI55="","",INDEX(Rubric!$M$5:$M$8,MATCH(AI55,Rubric!$L$5:$L$8,1)))} | AL55: None: passive disclosure leaves no trace | AM55: whole constellation | AO55: SC-17 | AP55: REC-0009 Gather Mission Information (medium) | AQ55: T0882 Theft of Operational Information (medium) | AR55: medium | AS55: Validated: LLM panel and co-author evaluation | AT55: =COUNTIF('CVE Register'!$X$5:$X$61,"*"&A55&"*") -> 0 | AU55: — | AV55: Contained: disclosure only, no downstream state change. Exposure at L4: [A4.5] Enabler: raises the feasibility of other threats.
A56: T4.12 | B56: L4 | C56: Insider misuse of authorised access | D56: A person with authorised access alters thresholds, ephemerides, keys or configuration, or reveals them. | E56: Authorised access to L3 and L4 assets | F56: A4.7, A4.8 | G56: TB0 | H56: T | I56: E, I | J56: n/a: no time offset on an asset of the timing dependency | L56: AC7 | M56: T2 | N56: Y | O56: Y | Q56: Y | R56: =COUNTIF(N56:Q56,"Y") -> 3 | S56: Leaf | T56: =IF(COUNTIFS(Binding!$A$5:$A$108,A56,Binding!$C$5:$C$108,"Attack")=0,"P","E"&MAXIFS(Binding!$J$5:$J$108,Binding!$A$5:$A$108,A56,Binding!$C$5:$C$108,"Attack")) -> E2 | U56: Y | V56: =IF(T56="P","",IF(COUNTIFS(Binding!$A$5:$A$108,A56,Binding!$C$5:$C$108,"Attack",Binding!$J$5:$J$108,MAXIFS(Binding!$J$5:$J$108,Binding!$A$5:$A$108,A56,Binding!$C$5:$C$108,"Attack"),Binding!$H$5:$H$108,"Yes")=0,"Yes","No")) -> Yes | W56: #67, #30 | Y56: M04; M06; M08; M22; M24 | Z56: 1 | AA56: 2 | AB56: =IF(S56="Enabler","",MAX(IF(N56="Y",Rubric!$I$5,0),IF(P56="Y",Rubric!$I$6,0),IF(O56="Y",IF(AE56>=3,Rubric!$I$7,Rubric!$I$8),0),IF(Q56="Y",Rubric!$I$9,0))) -> 5 | AC56: {=MAX(1,INDEX(Rubric!$B$5:$B$9,MATCH(T56,Rubric!$A$5:$A$9,0))-IF(AND(U56="Y",T56<>"P"),Rubric!$I$11,0))} -> 3 | AD56: {=INDEX(Rubric!$E$5:$E$9,MATCH(M56,Rubric!$D$5:$D$9,0))} -> 3 | AE56: 5 | AF56: 4 | AG56: 4 | AH56: =IF(S56="Enabler","",AB56+AC56+AD56+AE56+AF56) -> 20 | AI56: =IF(S56="Enabler","",AB56+AC56+AD56+AE56+AG56) -> 20 | AJ56: {=IF(AH56="","",INDEX(Rubric!$M$5:$M$8,MATCH(AH56,Rubric!$L$5:$L$8,1)))} -> Critical | AK56: {=IF(AI56="","",INDEX(Rubric!$M$5:$M$8,MATCH(AI56,Rubric!$L$5:$L$8,1)))} -> Critical | AL56: L4 only: found through audit and review | AM56: whole constellation | AN56: Supply chain and insiders | AP56: IA-0009.02 Trusted Relationship: Vendor; PER-0005 Valid Credentials (medium) | AQ56: T1078 Valid Accounts (high) | AR56: medium | AS56: Validated: LLM panel and co-author evaluation | AT56: =COUNTIF('CVE Register'!$X$5:$X$61,"*"&A56&"*") -> 0 | AU56: — | AV56: L1 > L2 > L3 > L4 (4 of 4 layers) L1: A1.4†, A1.5†, A1.6, A1.7† | L2: A2.1†, A2.2†, A2.3†, A2.4†, A2.5 | L3: A3.1, A3.2, A3.3, A3.4, A3.5, A3.6, A3.7 | L4: [A4.7], [A4.8], A4.1, A4.2, A4.3, A4.4, A4.5, A4.6 Boundaries to first check A3.4/A3.5: 1 | to ATM A4.6: 2
A57: T4.13 | B57: L4 | C57: Supply-chain compromise | D57: Software, firmware or hardware is altered before delivery by a supplier, affecting the assets it administers or provides. | E57: Compromise of a supplier before delivery | F57: A4.4, A4.7 | G57: TB0 | H57: T | I57: E | J57: n/a: no time offset on an asset of the timing dependency | L57: AC7 | M57: T3 | N57: Y | P57: Y | R57: =COUNTIF(N57:Q57,"Y") -> 2 | S57: Leaf | T57: =IF(COUNTIFS(Binding!$A$5:$A$108,A57,Binding!$C$5:$C$108,"Attack")=0,"P","E"&MAXIFS(Binding!$J$5:$J$108,Binding!$A$5:$A$108,A57,Binding!$C$5:$C$108,"Attack")) -> E0 | U57: Y | V57: =IF(T57="P","",IF(COUNTIFS(Binding!$A$5:$A$108,A57,Binding!$C$5:$C$108,"Attack",Binding!$J$5:$J$108,MAXIFS(Binding!$J$5:$J$108,Binding!$A$5:$A$108,A57,Binding!$C$5:$C$108,"Attack"),Binding!$H$5:$H$108,"Yes")=0,"Yes","No")) -> No | W57: #30, #35 | Y57: M06; M08; M09; M22; M25 | Z57: 1 | AA57: 2 | AB57: =IF(S57="Enabler","",MAX(IF(N57="Y",Rubric!$I$5,0),IF(P57="Y",Rubric!$I$6,0),IF(O57="Y",IF(AE57>=3,Rubric!$I$7,Rubric!$I$8),0),IF(Q57="Y",Rubric!$I$9,0))) -> 5 | AC57: {=MAX(1,INDEX(Rubric!$B$5:$B$9,MATCH(T57,Rubric!$A$5:$A$9,0))-IF(AND(U57="Y",T57<>"P"),Rubric!$I$11,0))} -> 1 | AD57: {=INDEX(Rubric!$E$5:$E$9,MATCH(M57,Rubric!$D$5:$D$9,0))} -> 2 | AE57: 5 | AF57: 5 | AG57: 5 | AH57: =IF(S57="Enabler","",AB57+AC57+AD57+AE57+AF57) -> 18 | AI57: =IF(S57="Enabler","",AB57+AC57+AD57+AE57+AG57) -> 18 | AJ57: {=IF(AH57="","",INDEX(Rubric!$M$5:$M$8,MATCH(AH57,Rubric!$L$5:$L$8,1)))} -> High | AK57: {=IF(AI57="","",INDEX(Rubric!$M$5:$M$8,MATCH(AI57,Rubric!$L$5:$L$8,1)))} -> High | AL57: None: dormant until activated | AM57: whole constellation | AN57: Supply chain and insiders | AO57: SC-4 | AP57: IA-0001 Compromise Supply Chain (high) | AQ57: T1195 Supply Chain Compromise (high); T0862 Supply Chain Compromise (high) | AR57: high | AS57: Validated: LLM panel and co-author evaluation | AT57: =COUNTIF('CVE Register'!$X$5:$X$61,"*"&A57&"*") -> 0 | AU57: — | AV57: L1 > L2 > L3 > L4 (4 of 4 layers) L1: A1.4†, A1.5†, A1.6, A1.7† | L2: A2.1†, A2.2†, A2.3†, A2.4†, A2.5 | L3: A3.1, A3.2, A3.3, A3.4, A3.5, A3.6, A3.7 | L4: [A4.4], [A4.7], A4.1, A4.2, A4.3, A4.5, A4.6, A4.8 Boundaries to first check A3.4/A3.5: 1 | to ATM A4.6: 2
A58: T4.14 | B58: L4 | C58: Unattributable changes | D58: Changes to configuration, keys or policy are made without reliable attribution, so a deceptive state persists without an owner. | E58: Absence of per-actor audit on policy and key changes | F58: A4.1, A4.3 | G58: TB3 | H58: R | J58: n/a: no time offset on an asset of the timing dependency | L58: AC7 | M58: T2 | P58: Y | R58: =COUNTIF(N58:Q58,"Y") -> 1 | S58: Leaf | T58: =IF(COUNTIFS(Binding!$A$5:$A$108,A58,Binding!$C$5:$C$108,"Attack")=0,"P","E"&MAXIFS(Binding!$J$5:$J$108,Binding!$A$5:$A$108,A58,Binding!$C$5:$C$108,"Attack")) -> P | V58: =IF(T58="P","",IF(COUNTIFS(Binding!$A$5:$A$108,A58,Binding!$C$5:$C$108,"Attack",Binding!$J$5:$J$108,MAXIFS(Binding!$J$5:$J$108,Binding!$A$5:$A$108,A58,Binding!$C$5:$C$108,"Attack"),Binding!$H$5:$H$108,"Yes")=0,"Yes","No")) | W58: (none: postulated) | Z58: 5 | AA58: 6 | AB58: =IF(S58="Enabler","",MAX(IF(N58="Y",Rubric!$I$5,0),IF(P58="Y",Rubric!$I$6,0),IF(O58="Y",IF(AE58>=3,Rubric!$I$7,Rubric!$I$8),0),IF(Q58="Y",Rubric!$I$9,0))) -> 4 | AC58: {=MAX(1,INDEX(Rubric!$B$5:$B$9,MATCH(T58,Rubric!$A$5:$A$9,0))-IF(AND(U58="Y",T58<>"P"),Rubric!$I$11,0))} -> 1 | AD58: {=INDEX(Rubric!$E$5:$E$9,MATCH(M58,Rubric!$D$5:$D$9,0))} -> 3 | AE58: 5 | AF58: 5 | AG58: 5 | AH58: =IF(S58="Enabler","",AB58+AC58+AD58+AE58+AF58) -> 18 | AI58: =IF(S58="Enabler","",AB58+AC58+AD58+AE58+AG58) -> 18 | AJ58: {=IF(AH58="","",INDEX(Rubric!$M$5:$M$8,MATCH(AH58,Rubric!$L$5:$L$8,1)))} -> High | AK58: {=IF(AI58="","",INDEX(Rubric!$M$5:$M$8,MATCH(AI58,Rubric!$L$5:$L$8,1)))} -> High | AL58: None: records are missing by construction | AM58: whole constellation | AP58: DE-0010 Overflow Audit Log (medium) | AQ58: T1070 Indicator Removal (medium) | AR58: medium | AS58: Validated: LLM panel and co-author evaluation | AT58: =COUNTIF('CVE Register'!$X$5:$X$61,"*"&A58&"*") -> 0 | AU58: — | AV58: L1 > L2 > L3 > L4 (4 of 4 layers) L1: A1.4†, A1.5†, A1.6, A1.7† | L2: A2.1†, A2.2†, A2.3†, A2.4†, A2.5 | L3: A3.1†, A3.2†, A3.3†, A3.4†, A3.5†, A3.6† | L4: [A4.1], [A4.3], A4.5†, A4.6† Boundaries to first check A3.4/A3.5: 5 | to ATM A4.6: 6
A59: T4.15 | B59: L4 | C59: Management-network intrusion | D59: Entry through remote access or the management network into the operations centre gives control of the hosted L4 assets. | E59: Misconfigured remote-access service on the management network | F59: A4.8 | G59: TB3 | H59: E | I59: T | J59: n/a: no time offset on an asset of the timing dependency | L59: AC6 | M59: T2 | N59: Y | O59: Y | P59: Y | R59: =COUNTIF(N59:Q59,"Y") -> 3 | S59: Leaf | T59: =IF(COUNTIFS(Binding!$A$5:$A$108,A59,Binding!$C$5:$C$108,"Attack")=0,"P","E"&MAXIFS(Binding!$J$5:$J$108,Binding!$A$5:$A$108,A59,Binding!$C$5:$C$108,"Attack")) -> E3 | U59: Y | V59: =IF(T59="P","",IF(COUNTIFS(Binding!$A$5:$A$108,A59,Binding!$C$5:$C$108,"Attack",Binding!$J$5:$J$108,MAXIFS(Binding!$J$5:$J$108,Binding!$A$5:$A$108,A59,Binding!$C$5:$C$108,"Attack"),Binding!$H$5:$H$108,"Yes")=0,"Yes","No")) -> Yes | W59: #74, #68, #65 | Y59: M04; M05; M10; M13; M24 | Z59: 1 | AA59: 2 | AB59: =IF(S59="Enabler","",MAX(IF(N59="Y",Rubric!$I$5,0),IF(P59="Y",Rubric!$I$6,0),IF(O59="Y",IF(AE59>=3,Rubric!$I$7,Rubric!$I$8),0),IF(Q59="Y",Rubric!$I$9,0))) -> 5 | AC59: {=MAX(1,INDEX(Rubric!$B$5:$B$9,MATCH(T59,Rubric!$A$5:$A$9,0))-IF(AND(U59="Y",T59<>"P"),Rubric!$I$11,0))} -> 4 | AD59: {=INDEX(Rubric!$E$5:$E$9,MATCH(M59,Rubric!$D$5:$D$9,0))} -> 3 | AE59: 5 | AF59: 4 | AG59: 4 | AH59: =IF(S59="Enabler","",AB59+AC59+AD59+AE59+AF59) -> 21 | AI59: =IF(S59="Enabler","",AB59+AC59+AD59+AE59+AG59) -> 21 | AJ59: {=IF(AH59="","",INDEX(Rubric!$M$5:$M$8,MATCH(AH59,Rubric!$L$5:$L$8,1)))} -> Critical | AK59: {=IF(AI59="","",INDEX(Rubric!$M$5:$M$8,MATCH(AI59,Rubric!$L$5:$L$8,1)))} -> Critical | AL59: L4 only: found by intrusion monitoring | AM59: whole constellation | AN59: Platform and command | AP59: IA-0007 Compromise Ground System (high) | AQ59: T1133 External Remote Services (high) | AR59: high | AS59: Validated: LLM panel and co-author evaluation | AT59: =COUNTIF('CVE Register'!$X$5:$X$61,"*"&A59&"*") -> 26 | AU59: 26 CVEs: OpenC3 COSMOS (7), Yamcs (8), NASA Open MCT (3), NASA F Prime (2), NASA AIT-Core (6) | AV59: L1 > L2 > L3 > L4 (4 of 4 layers) L1: A1.4†, A1.5†, A1.6, A1.7† | L2: A2.1†, A2.2†, A2.3†, A2.4†, A2.5 | L3: A3.1†, A3.2, A3.3, A3.4, A3.5, A3.6 | L4: [A4.8], A4.1, A4.2, A4.3, A4.4, A4.5, A4.6 Boundaries to first check A3.4/A3.5: 1 | to ATM A4.6: 2

Sheet Rubric
A1: PA-DREAD rubric and lookup tables
A2: Every score in the Catalogue is computed from these tables (the paper, Sec. 4.8). Change a value here and all scores, bands and checks recalculate.
A4: Evidence level | B4: Base R | D4: Tier code | E4: E | F4: Meaning | H4: Damage class (goal) | I4: D | J4: Rule | L4: Band lower bound S | M4: Band
A5: P | B5: 1 | D5: T1p | E5: 5 | F5: Tier T1, public tools | H5: Displacement | I5: 5 | J5: Real aircraft at a wrong position with nominal integrity | L5: 5 | M5: Low
A6: E0 | B6: 2 | D6: T1c | E6: 4 | F6: Tier T1, custom software | H6: Deception | I6: 4 | J6: Fabricated target or wrong integrity verdict | L6: 10 | M6: Medium
A7: E1 | B7: 3 | D7: T2 | E7: 3 | F7: Tier T2 | H7: Denial, regional / flagged degradation | I7: 3 | J7: Used when Affected users >= 3 | L7: 15 | M7: High
A8: E2 | B8: 4 | D8: T3 | E8: 2 | F8: Tier T3 | H8: Denial, local | I8: 2 | J8: Used when Affected users <= 2 | L8: 20 | M8: Critical
A9: E3 | B9: 5 | D9: T3x | E9: 1 | F9: Tier T3 with an insider, or two adversary classes | H9: Disclosure only | I9: 1 | J9: Keys, configuration, ephemerides or traffic revealed
H11: Analogue-only evidence penalty (levels of R) | I11: 1
H12: Analogue penalty used by Catalogue!R (cell I11)
A14: Stealth-window threshold (Sec. 4.8)
A15: e_req, horizontal accuracy requirement (m) | B15: 350
A16: c, speed of light (m/ns) | B16: 0.2998
A17: delta_cov, covert clock step (ns) | B17: 100
A18: h* = e_req / (c * delta_cov) | B18: =B15/(B16*B17) -> 11.67445
A19: Single-satellite bias that breaches e_req at h = 12 (ns) | B19: =B15/(B16*12) -> 97.28708
A22: Anchors
A23: Damage (D) | B23: Graph: L4 consequence class reached by the threat. 5 displacement, 4 deception, 3 regional denial or flagged degradation, 2 local denial, 1 disclosure only. Enablers have no Damage.
A24: Reproducibility (R) | B24: Atlas: highest evidence among bound entries (P 1, E0 2, E1 3, E2 4, E3 5), minus one when the evidence is from an analogue system only (floor 1). Non-malicious failures (#76 to #78) are path evidence and do not raise the level.
A25: Exploitability (E) | B25: Threat model: tier of the adversary class. 5 T1 public tools, 4 T1 custom software, 3 T2, 2 T3, 1 T3 with insider or two classes.
A26: Affected users (A) | B26: Graph: extent of the root event. 5 whole constellation, 4 several footprints, 3 one footprint, 2 several aircraft, 1 one aircraft.
A27: Discoverability (Di) | B27: Graph: first layer at which a detection predicate is true. 1 at L1, 2 at L2, 3 at L3, 4 only at L4, 5 no check detects it. 5 is the riskier end (hard to discover). Scored in a strong and a weak pass.
A28: Total and bands | B28: S = D + R + E + A + Di, 5 to 25. Low 5-9, Medium 10-14, High 15-19, Critical 20-25. Chains: MIN over AND steps for R, E, A, Di; OR takes the higher total; Damage from the root.
A30: Blue = judgement input or published constant; black = formula.

Sheet Binding
A1: Atlas binding: threat x source
A2: One row per (threat, atlas source). "Attack" rows set Reproducibility (highest level wins); "Path" rows (non-malicious failures #76 to #78) show a consequence path and never raise the level.
A4: Threat | B4: Atlas # | C4: Binding | D4: BibTeX key | E4: Source title | F4: Authors and year | G4: Source type | H4: Peer-reviewed | I4: Level | J4: Level (0-3) | K4: Entry layer | L4: Impact layer | M4: Verified link (13 Oct 2026) | N4: Mitigation IDs (atlas)
A5: T1.01 | B5: 3 | C5: Attack | D5: Schafer2013ExperimentalADSB | E5: Experimental Analysis of Attacks on Next Generation Air Traffic Communication | F5: Schäfer, Lenders & Martinovic (2013) | G5: Peer-reviewed conference | H5: Yes | I5: E2 | J5: =VALUE(RIGHT(I5,1)) -> 2 | K5: L1 | L5: L2 | M5: https://doi.org/10.1007/978-3-642-38980-1_16 | N5: M15; M17; M21
A6: T1.01 | B6: 59 | C6: Attack | D6: Costin2012ADSB | E6: Ghost in the Air(Traffic): On Insecurity of ADS-B Protocol and Practical Attacks on ADS-B Devices | F6: Costin & Francillon (2012) | G6: Conference talk / event (non-peer-reviewed) | H6: No | I6: E2 | J6: =VALUE(RIGHT(I6,1)) -> 2 | K6: L1 | L6: L1 | M6: https://www.eurecom.fr/publication/3788 | N6: M15; M17; M21
A7: T1.01 | B7: 23 | C7: Attack | D7: Strohmeier2015ADSBSecurity | E7: On the Security of the Automatic Dependent Surveillance-Broadcast Protocol | F7: Strohmeier, Lenders & Martinovic (2015) | G7: Peer-reviewed journal | H7: Yes | I7: E0 | J7: =VALUE(RIGHT(I7,1)) -> 0 | K7: L1 | L7: L2 | M7: https://doi.org/10.1109/COMST.2014.2365951 | N7: M15; M16; M17; M21
A8: T1.01 | B8: 26 | C8: Attack | D8: Strohmeier2019SADSB | E8: On the Applicability of Satellite-Based Air Traffic Control Communication for Security | F8: Strohmeier et al. (2019) | G8: Peer-reviewed journal | H8: Yes | I8: E0 | J8: =VALUE(RIGHT(I8,1)) -> 0 | K8: L1 | L8: L2 | M8: https://doi.org/10.1109/MCOM.001.1900037 | N8: M15; M21
A9: T1.02 | B9: 3 | C9: Attack | D9: Schafer2013ExperimentalADSB | E9: Experimental Analysis of Attacks on Next Generation Air Traffic Communication | F9: Schäfer, Lenders & Martinovic (2013) | G9: Peer-reviewed conference | H9: Yes | I9: E2 | J9: =VALUE(RIGHT(I9,1)) -> 2 | K9: L1 | L9: L2 | M9: https://doi.org/10.1007/978-3-642-38980-1_16 | N9: M15; M17; M21
A10: T1.02 | B10: 59 | C10: Attack | D10: Costin2012ADSB | E10: Ghost in the Air(Traffic): On Insecurity of ADS-B Protocol and Practical Attacks on ADS-B Devices | F10: Costin & Francillon (2012) | G10: Conference talk / event (non-peer-reviewed) | H10: No | I10: E2 | J10: =VALUE(RIGHT(I10,1)) -> 2 | K10: L1 | L10: L1 | M10: https://www.eurecom.fr/publication/3788 | N10: M15; M17; M21
A11: T1.02 | B11: 7 | C11: Attack | D11: Strohmeier2015PHYIDS | E11: Intrusion Detection for Airborne Communication Using PHY-Layer Information | F11: Strohmeier, Lenders & Martinovic (2015) | G11: Peer-reviewed conference | H11: Yes | I11: E1 | J11: =VALUE(RIGHT(I11,1)) -> 1 | K11: L1 | L11: L3 | M11: https://doi.org/10.1007/978-3-319-20550-2_4 | N11: M17
A12: T1.03 | B12: 72 | C12: Attack | D12: Aireon2026Spoofing | E12: GNSS Spoofing Detection in Aviation Using ADS-B Data | F12: Aireon (2026) | G12: Industry / NGO report | H12: No | I12: E3 | J12: =VALUE(RIGHT(I12,1)) -> 3 | K12: L1 | L12: L3 | M12: https://aireon.com/wp-content/uploads/2026/04/White-Paper-GNSS-Spoofing-Detection-in-Aviation-1.0-1-1.pdf | N12: M18
A13: T1.03 | B13: 56 | C13: Attack | D13: Lo2026SpoofingADSB | E13: Global Incidents of Aviation Spoofing in 2024-2025 Detected with Automatic Dependent Surveillance Broadcast | F13: Lo, Liu, Ibrahim, Chen, Akos & Walter (2026) | G13: Preprint / unconfirmed venue | H13: No | I13: E3 | J13: =VALUE(RIGHT(I13,1)) -> 3 | K13: L1 | L13: L3 | M13: https://web.stanford.edu/group/scpnt/gpslab/pubs/papers/Lo_ION_ITM_2026_Observations_of_Spoofing.pdf | N13: M18; M15
A14: T1.03 | B14: 6 | C14: Attack | D14: Schafer2015SecureTrack | E14: Secure Track Verification | F14: Schäfer, Lenders & Schmitt (2015) | G14: Peer-reviewed conference | H14: Yes | I14: E1 | J14: =VALUE(RIGHT(I14,1)) -> 1 | K14: L1 | L14: L3 | M14: https://doi.org/10.1109/SP.2015.20 | N14: M15
A15: T1.04 | B15: 3 | C15: Attack | D15: Schafer2013ExperimentalADSB | E15: Experimental Analysis of Attacks on Next Generation Air Traffic Communication | F15: Schäfer, Lenders & Martinovic (2013) | G15: Peer-reviewed conference | H15: Yes | I15: E2 | J15: =VALUE(RIGHT(I15,1)) -> 2 | K15: L1 | L15: L2 | M15: https://doi.org/10.1007/978-3-642-38980-1_16 | N15: M15; M17; M21
A16: T1.04 | B16: 23 | C16: Attack | D16: Strohmeier2015ADSBSecurity | E16: On the Security of the Automatic Dependent Surveillance-Broadcast Protocol | F16: Strohmeier, Lenders & Martinovic (2015) | G16: Peer-reviewed journal | H16: Yes | I16: E0 | J16: =VALUE(RIGHT(I16,1)) -> 0 | K16: L1 | L16: L2 | M16: https://doi.org/10.1109/COMST.2014.2365951 | N16: M15; M16; M17; M21
... A108: T4.15 | B108: 65 | C108: Attack | D108: Olchawa2025SpacecraftCrashing | E108: Burning, Trashing, Spacecraft Crashing: A Collection of Vulnerabilities that will End your Space Mission | F108: Olchawa, Starcik, Fradique & Boulaich (2025) | G108: Conference talk / event (non-peer-reviewed) | H108: No | I108: E2 | J108: =VALUE(RIGHT(I108,1)) -> 2 | K108: L4 | L108: L1 | M108: https://i.blackhat.com/BH-USA-25/Presentations/USA-25-OlchawaStarcik-Burning-Trashing-Spacecraft-Crashing.pdf | N108: M24; M04; M05; M10; M13

Sheet CVE Register
A1: CVE register: 57 published CVEs of the Threat and Exploit Atlas, mapped to register assets and catalogue threats
A2: Copied from sheet CVE Register of PRISM-LEO Threat and Exploit Atlas V4 (29 Oct 2026), columns A to V unchanged. Columns W to Z are added here: the asset of the 27-asset register the product runs on, the catalogue threats the CVE is an instance of, the basis of that match, and the layers and assets an exploit can reach. Column H is a live formula; column Q is the Atlas lookup stored as text.
A4: # | B4: CVE ID | C4: Atlas asset group | D4: Vendor / product | E4: Affected versions (per record) | F4: CWE | G4: CVSS base | H4: Severity (derived) | I4: CVSS version / source container | J4: Published | K4: Record state | L4: Summary (paraphrased, high level) | M4: PRISM-LEO layer | N4: Trust boundary exposed | O4: Timing related | P4: Threat Atlas # | Q4: Atlas source (lookup) | R4: Relation to Atlas source | S4: Mitigation IDs | T4: Official CVE record | U4: Verification (13 Oct 2026) | V4: Notes | W4: Asset ID(s) (register) | X4: Catalogue threat(s) | Y4: Match basis | Z4: Cross-layer propagation (layers and assets the effect can reach)
A5: 1 | B5: CVE-2015-7704 | C5: L4 · Time & navigation ground segment (sync, ephemeris) | D5: NTP Project / ntpd | E5: 4.x < 4.2.8p4; 4.3.x < 4.3.77 | F5: n/a | H5: =IF(G5="","Not scored",IF(G5>=9,"Critical",IF(G5>=7,"High",IF(G5>=4,"Medium","Low")))) -> Not scored | J5: 2017-08-07 | K5: PUBLISHED | L5: Crafted Kiss-o'-Death packets let a remote party deny time synchronisation to a client. | M5: L4 | N5: TB3 | O5: Yes | P5: 48 | Q5: Malhotra, Cohen, Brakke & Goldberg (2016) | R5: Disclosed in source | S5: M02; M23; M24 | T5: https://www.cve.org/CVERecord?id=CVE-2015-7704 | U5: CVE Services API: record PUBLISHED | W5: A4.1, A2.3 | X5: T2.06, T2.07, T4.01 | Y5: Bound Atlas source and asset (T2.06, T2.07); T4.01 by asset match | Z5: L1 > L2 > L3 > L4 (4 of 4 layers) L1: A1.4, A1.5, A1.6, A1.7 | L2: [A2.3], A2.1, A2.2, A2.4, A2.5 | L3: A3.1, A3.2, A3.3, A3.4, A3.5, A3.6 | L4: [A4.1], A4.5, A4.6 Boundaries to first check A3.4/A3.5: 3 | to ATM A4.6: 4
A6: 2 | B6: CVE-2015-7705 | C6: L4 · Time & navigation ground segment (sync, ephemeris) | D6: NTP Project / ntpd | E6: 4.x < 4.2.8p4; 4.3.x < 4.3.77 | F6: n/a | H6: =IF(G6="","Not scored",IF(G6>=9,"Critical",IF(G6>=7,"High",IF(G6>=4,"Medium","Low")))) -> Not scored | J6: 2017-08-07 | K6: PUBLISHED | L6: Rate-limiting logic can be abused with many crafted requests. | M6: L4 | N6: TB3 | O6: Yes | P6: 48 | Q6: Malhotra, Cohen, Brakke & Goldberg (2016) | R6: Disclosed in source | S6: M02; M23; M24 | T6: https://www.cve.org/CVERecord?id=CVE-2015-7705 | U6: CVE Services API: record PUBLISHED | W6: A4.1, A2.3 | X6: T2.06, T2.07, T4.01 | Y6: Bound Atlas source and asset (T2.06, T2.07); T4.01 by asset match | Z6: L1 > L2 > L3 > L4 (4 of 4 layers) L1: A1.4, A1.5, A1.6, A1.7 | L2: [A2.3], A2.1, A2.2, A2.4, A2.5 | L3: A3.1, A3.2, A3.3, A3.4, A3.5, A3.6 | L4: [A4.1], A4.5, A4.6 Boundaries to first check A3.4/A3.5: 3 | to ATM A4.6: 4
A7: 3 | B7: CVE-2015-5300 | C7: L4 · Time & navigation ground segment (sync, ephemeris) | D7: NTP Project / ntpd | E7: < 4.2.8p5 | F7: n/a | H7: =IF(G7="","Not scored",IF(G7>=9,"Critical",IF(G7>=7,"High",IF(G7>=4,"Medium","Low")))) -> Not scored | J7: 2017-07-21 | K7: PUBLISHED | L7: Flawed panic-gate logic lets a trusted-source attacker shift the system clock. | M7: L4 | N7: TB3 | O7: Yes | P7: 48 | Q7: Malhotra, Cohen, Brakke & Goldberg (2016) | R7: Disclosed in source | S7: M02; M23; M24 | T7: https://www.cve.org/CVERecord?id=CVE-2015-5300 | U7: CVE Services API: record PUBLISHED | W7: A4.1, A2.3 | X7: T2.06, T2.07, T4.01 | Y7: Bound Atlas source and asset (T2.06, T2.07); T4.01 by asset match | Z7: L1 > L2 > L3 > L4 (4 of 4 layers) L1: A1.4, A1.5, A1.6, A1.7 | L2: [A2.3], A2.1, A2.2, A2.4, A2.5 | L3: A3.1, A3.2, A3.3, A3.4, A3.5, A3.6 | L4: [A4.1], A4.5, A4.6 Boundaries to first check A3.4/A3.5: 3 | to ATM A4.6: 4
A8: 4 | B8: CVE-2015-8138 | C8: L4 · Time & navigation ground segment (sync, ephemeris) | D8: NTP Project / ntpd | E8: < 4.2.8p6; 4.3.x < 4.3.90 | F8: n/a | H8: =IF(G8="","Not scored",IF(G8>=9,"Critical",IF(G8>=7,"High",IF(G8>=4,"Medium","Low")))) -> Not scored | J8: 2017-01-30 | K8: PUBLISHED | L8: Origin-timestamp check can be bypassed with a zero timestamp. | M8: L4 | N8: TB3 | O8: Yes | P8: 48 | Q8: Malhotra, Cohen, Brakke & Goldberg (2016) | R8: Related (same ntpd attack surface) | S8: M02; M23; M24 | T8: https://www.cve.org/CVERecord?id=CVE-2015-8138 | U8: CVE Services API: record PUBLISHED | W8: A4.1, A2.3 | X8: T2.06, T2.07, T4.01 | Y8: Bound Atlas source and asset (T2.06, T2.07); T4.01 by asset match | Z8: L1 > L2 > L3 > L4 (4 of 4 layers) L1: A1.4, A1.5, A1.6, A1.7 | L2: [A2.3], A2.1, A2.2, A2.4, A2.5 | L3: A3.1, A3.2, A3.3, A3.4, A3.5, A3.6 | L4: [A4.1], A4.5, A4.6 Boundaries to first check A3.4/A3.5: 3 | to ATM A4.6: 4
A9: 5 | B9: CVE-2016-1547 | C9: L4 · Time & navigation ground segment (sync, ephemeris) | D9: NTP Project / ntpd; NTPsec | E9: ntpd 4.2.8p3-p4; NTPsec commit a5fb34b | F9: n/a | H9: =IF(G9="","Not scored",IF(G9>=9,"Critical",IF(G9>=7,"High",IF(G9>=4,"Medium","Low")))) -> Not scored | J9: 2017-01-06 | K9: PUBLISHED | L9: Off-path forged crypto-NAK can tear down a preemptible association even with authentication. | M9: L4 | N9: TB3 | O9: Yes | P9: 48 | Q9: Malhotra, Cohen, Brakke & Goldberg (2016) | R9: Related (same ntpd attack surface) | S9: M02; M23; M24 | T9: https://www.cve.org/CVERecord?id=CVE-2016-1547 | U9: CVE Services API: record PUBLISHED | W9: A4.1, A2.3 | X9: T2.06, T2.07, T4.01 | Y9: Bound Atlas source and asset (T2.06, T2.07); T4.01 by asset match | Z9: L1 > L2 > L3 > L4 (4 of 4 layers) L1: A1.4, A1.5, A1.6, A1.7 | L2: [A2.3], A2.1, A2.2, A2.4, A2.5 | L3: A3.1, A3.2, A3.3, A3.4, A3.5, A3.6 | L4: [A4.1], A4.5, A4.6 Boundaries to first check A3.4/A3.5: 3 | to ATM A4.6: 4
A10: 6 | B10: CVE-2021-3570 | C10: L4 · Time & navigation ground segment (sync, ephemeris) | D10: linuxptp / ptp4l | E10: before 3.1.1, 2.0.1, 1.9.3, 1.8.1, 1.7.1, 1.6.1, 1.5.1 | F10: CWE-119 | H10: =IF(G10="","Not scored",IF(G10>=9,"Critical",IF(G10>=7,"High",IF(G10>=4,"Medium","Low")))) -> Not scored | J10: 2021-07-09 | K10: PUBLISHED | L10: Missing length check when forwarding PTP messages between ports. | M10: L4 | N10: TB3 | O10: Yes | P10: 49 | Q10: Itkin & Wool (2020) | R10: Related (PTP implementation flaw) | S10: M03; M24 | T10: https://www.cve.org/CVERecord?id=CVE-2021-3570 | U10: CVE Services API: record PUBLISHED | W10: A4.1, A2.3 | X10: T2.06, T2.07 | Y10: Bound Atlas source and asset (T2.06, T2.07); T4.01 by asset match | Z10: L1 > L2 > L3 > L4 (4 of 4 layers) L1: A1.4, A1.5, A1.6, A1.7 | L2: [A2.3], A2.1, A2.2, A2.4, A2.5 | L3: A3.1, A3.2, A3.3, A3.4, A3.5, A3.6 | L4: [A4.1], A4.5, A4.6 Boundaries to first check A3.4/A3.5: 3 | to ATM A4.6: 4
A11: 7 | B11: CVE-2021-3571 | C11: L4 · Time & navigation ground segment (sync, ephemeris) | D11: linuxptp / ptp4l | E11: before 3.1.1, 2.0.1 | F11: CWE-119 | H11: =IF(G11="","Not scored",IF(G11>=9,"Critical",IF(G11>=7,"High",IF(G11>=4,"Medium","Low")))) -> Not scored | J11: 2021-07-09 | K11: PUBLISHED | L11: Crafted one-step sync message to a transparent clock can leak memory or crash ptp4l. | M11: L4 | N11: TB3 | O11: Yes | P11: 49 | Q11: Itkin & Wool (2020) | R11: Related (PTP implementation flaw) | S11: M03; M24 | T11: https://www.cve.org/CVERecord?id=CVE-2021-3571 | U11: CVE Services API: record PUBLISHED | W11: A4.1, A2.3 | X11: T2.06, T2.07 | Y11: Bound Atlas source and asset (T2.06, T2.07); T4.01 by asset match | Z11: L1 > L2 > L3 > L4 (4 of 4 layers) L1: A1.4, A1.5, A1.6, A1.7 | L2: [A2.3], A2.1, A2.2, A2.4, A2.5 | L3: A3.1, A3.2, A3.3, A3.4, A3.5, A3.6 | L4: [A4.1], A4.5, A4.6 Boundaries to first check A3.4/A3.5: 3 | to ATM A4.6: 4
A12: 8 | B12: CVE-2022-40022 | C12: L4 · Time & navigation ground segment (sync, ephemeris) | D12: Microchip (Microsemi) SyncServer S650 | E12: per description | F12: CWE-77 | G12: 9.8 | H12: =IF(G12="","Not scored",IF(G12>=9,"Critical",IF(G12>=7,"High",IF(G12>=4,"Medium","Low")))) -> Critical | I12: CVSS 3.1, CISA-ADP | J12: 2023-02-13 | K12: PUBLISHED | L12: Command injection in a network time-server appliance. | M12: L4 | N12: TB3 | O12: Yes | Q12: - | R12: No Atlas source (timing infrastructure) | S12: M24; M23 | T12: https://www.cve.org/CVERecord?id=CVE-2022-40022 | U12: CVE Services API: record PUBLISHED | W12: A4.1 | X12: T4.01 | Y12: Asset match; no Atlas source (timing infrastructure) | Z12: L1 > L2 > L3 > L4 (4 of 4 layers) L1: A1.4†, A1.5†, A1.6, A1.7† | L2: A2.1†, A2.2†, A2.3†, A2.4†, A2.5 | L3: A3.1†, A3.2†, A3.3†, A3.4†, A3.5†, A3.6† | L4: [A4.1], A4.5†, A4.6† Boundaries to first check A3.4/A3.5: 5 | to ATM A4.6: 6
A13: 9 | B13: CVE-2026-3893 | C13: L1 · GNSS receiver / onboard clock | D13: Carlson Software / VASCO-B GNSS receiver | E13: < 1.4.0 | F13: CWE-306 | G13: 9.4 | H13: =IF(G13="","Not scored",IF(G13>=9,"Critical",IF(G13>=7,"High",IF(G13>=4,"Medium","Low")))) -> Critical | I13: CVSS 3.1, CNA (icscert) | J13: 2026-04-28 | K13: PUBLISHED | L13: No authentication on the receiver's network interface; configuration can be read and changed. | M13: L1 | N13: TB1 | O13: Yes | Q13: - | R13: No Atlas source (ground GNSS receiver) | S13: M24; M12 | T13: https://www.cve.org/CVERecord?id=CVE-2026-3893 | U13: CVE Services API: record PUBLISHED | V13: CISA ICS advisory ICSA-26-113-02 | W13: A1.5 | X13: T1.10, T1.11 | Y13: Asset match; analogue (ground-grade GNSS receiver), no Atlas source | Z13: L1 > L2 > L3 > L4 (4 of 4 layers) L1: [A1.5], A1.4, A1.7 | L2: A2.1, A2.2, A2.4 | L3: A3.1, A3.2, A3.3, A3.4, A3.5, A3.6 | L4: A4.5, A4.6 Boundaries to first check A3.4/A3.5: 2 | to ATM A4.6: 3
A14: 10 | B14: CVE-2014-2941 | C14: L1 · SATCOM user terminal | D14: Cobham / Sailor 6000 SATCOM terminals | E14: n/a in record | F14: n/a | H14: =IF(G14="","Not scored",IF(G14>=9,"Critical",IF(G14>=7,"High",IF(G14>=4,"Medium","Low")))) -> Not scored | J14: 2014-08-15 | K14: PUBLISHED | L14: Hard-coded credentials on a maritime satellite terminal. | M14: L1 | N14: TB1 | O14: No | P14: 61 | Q14: Santamarta (2014) | R14: Disclosed in source | S14: M06; M24 | T14: https://www.cve.org/CVERecord?id=CVE-2014-2941 | U14: CVE Services API: record PUBLISHED | V14: Record tagged DISPUTED (vendor). | W14: A1.7 | X14: T1.15 | Y14: Bound Atlas source and asset | Z14: L1 > L3 > L4 (3 of 4 layers) L1: [A1.7] | L3: A3.1, A3.3, A3.4, A3.5, A3.6 | L4: A4.5, A4.6 Boundaries to first check A3.4/A3.5: 2 | to ATM A4.6: 3
A15: 11 | B15: CVE-2014-2942 | C15: L1 · SATCOM user terminal | D15: Cobham / Aviator 700D, 700E SATCOM terminals | E15: n/a in record | F15: n/a | H15: =IF(G15="","Not scored",IF(G15>=9,"Critical",IF(G15>=7,"High",IF(G15>=4,"Medium","Low")))) -> Not scored | J15: 2014-09-22 | K15: PUBLISHED | L15: Weak PIN algorithm lets the superuser code be derived. | M15: L1 | N15: TB1 | O15: No | P15: 61 | Q15: Santamarta (2014) | R15: Disclosed in source | S15: M06; M24 | T15: https://www.cve.org/CVERecord?id=CVE-2014-2942 | U15: CVE Services API: record PUBLISHED | V15: Replaces duplicate CVE-2014-2943. | W15: A1.7 | X15: T1.15 | Y15: Bound Atlas source and asset | Z15: L1 > L3 > L4 (3 of 4 layers) L1: [A1.7] | L3: A3.1, A3.3, A3.4, A3.5, A3.6 | L4: A4.5, A4.6 Boundaries to first check A3.4/A3.5: 2 | to ATM A4.6: 3
A16: 12 | B16: CVE-2014-2964 | C16: L1 · SATCOM user terminal | D16: Cobham / Aviator 700D, 700E SATCOM terminals | E16: n/a in record | F16: n/a | H16: =IF(G16="","Not scored",IF(G16>=9,"Critical",IF(G16>=7,"High",IF(G16>=4,"Medium","Low")))) -> Not scored | J16: 2014-08-15 | K16: PUBLISHED | L16: Fixed passwords allow privilege elevation with local serial access. | M16: L1 | N16: TB1 | O16: No | P16: 61 | Q16: Santamarta (2014) | R16: Disclosed in source | S16: M06; M24 | T16: https://www.cve.org/CVERecord?id=CVE-2014-2964 | U16: CVE Services API: record PUBLISHED | W16: A1.7 | X16: T1.15 | Y16: Bound Atlas source and asset | Z16: L1 > L3 > L4 (3 of 4 layers) L1: [A1.7] | L3: A3.1, A3.3, A3.4, A3.5, A3.6 | L4: A4.5, A4.6 Boundaries to first check A3.4/A3.5: 2 | to ATM A4.6: 3
A17: 13 | B17: CVE-2025-28380 | C17: L4 · Ground segment C2, mission control & keys | D17: OpenC3 COSMOS (ground C2) | E17: < 6.0.2 | F17: CWE-79 | G17: 6.1 | H17: =IF(G17="","Not scored",IF(G17>=9,"Critical",IF(G17>=7,"High",IF(G17>=4,"Medium","Low")))) -> Medium | I17: CVSS 3.1, CISA-ADP | J17: 2025-06-13 | K17: PUBLISHED | L17: Cross-site scripting via a URL parameter. | M17: L4 | N17: TB3 | O17: No | P17: 65 | Q17: Olchawa, Starcik, Fradique & Boulaich (2025) | R17: Disclosed in source | S17: M24; M10; M13 | T17: https://www.cve.org/CVERecord?id=CVE-2025-28380 | U17: CVE Services API: record PUBLISHED | W17: A4.8 | X17: T4.15 | Y17: Bound Atlas source and asset | Z17: L1 > L2 > L3 > L4 (4 of 4 layers) L1: A1.4†, A1.5†, A1.6, A1.7† | L2: A2.1†, A2.2†, A2.3†, A2.4†, A2.5 | L3: A3.1†, A3.2, A3.3, A3.4, A3.5, A3.6 | L4: [A4.8], A4.1, A4.2, A4.3, A4.4, A4.5, A4.6 Boundaries to first check A3.4/A3.5: 1 | to ATM A4.6: 2
A18: 14 | B18: CVE-2025-28381 | C18: L4 · Ground segment C2, mission control & keys | D18: OpenC3 COSMOS (ground C2) | E18: < 6.0.2 | F18: CWE-526 | G18: 7.5 | H18: =IF(G18="","Not scored",IF(G18>=9,"Critical",IF(G18>=7,"High",IF(G18>=4,"Medium","Low")))) -> High | I18: CVSS 3.1, CISA-ADP | J18: 2025-06-13 | K18: PUBLISHED | L18: Service secrets exposed through environment variables across containers. | M18: L4 | N18: TB3 | O18: No | P18: 65 | Q18: Olchawa, Starcik, Fradique & Boulaich (2025) | R18: Disclosed in source | S18: M24; M10; M13 | T18: https://www.cve.org/CVERecord?id=CVE-2025-28381 | U18: CVE Services API: record PUBLISHED | W18: A4.8 | X18: T4.15 | Y18: Bound Atlas source and asset | Z18: L1 > L2 > L3 > L4 (4 of 4 layers) L1: A1.4†, A1.5†, A1.6, A1.7† | L2: A2.1†, A2.2†, A2.3†, A2.4†, A2.5 | L3: A3.1†, A3.2, A3.3, A3.4, A3.5, A3.6 | L4: [A4.8], A4.1, A4.2, A4.3, A4.4, A4.5, A4.6 Boundaries to first check A3.4/A3.5: 1 | to ATM A4.6: 2
A19: 15 | B19: CVE-2025-28382 | C19: L4 · Ground segment C2, mission control & keys | D19: OpenC3 COSMOS (ground C2) | E19: < 6.1.0 | F19: CWE-22 | G19: 7.5 | H19: =IF(G19="","Not scored",IF(G19>=9,"Critical",IF(G19>=7,"High",IF(G19>=4,"Medium","Low")))) -> High | I19: CVSS 3.1, CISA-ADP | J19: 2025-06-13 | K19: PUBLISHED | L19: Path traversal in the tables API. | M19: L4 | N19: TB3 | O19: No | P19: 65 | Q19: Olchawa, Starcik, Fradique & Boulaich (2025) | R19: Disclosed in source | S19: M24; M10; M13 | T19: https://www.cve.org/CVERecord?id=CVE-2025-28382 | U19: CVE Services API: record PUBLISHED | W19: A4.8 | X19: T4.15 | Y19: Bound Atlas source and asset | Z19: L1 > L2 > L3 > L4 (4 of 4 layers) L1: A1.4†, A1.5†, A1.6, A1.7† | L2: A2.1†, A2.2†, A2.3†, A2.4†, A2.5 | L3: A3.1†, A3.2, A3.3, A3.4, A3.5, A3.6 | L4: [A4.8], A4.1, A4.2, A4.3, A4.4, A4.5, A4.6 Boundaries to first check A3.4/A3.5: 1 | to ATM A4.6: 2
A20: 16 | B20: CVE-2025-28384 | C20: L4 · Ground segment C2, mission control & keys | D20: OpenC3 COSMOS (ground C2) | E20: < 6.1.0 | F20: CWE-22 | G20: 9.1 | H20: =IF(G20="","Not scored",IF(G20>=9,"Critical",IF(G20>=7,"High",IF(G20>=4,"Medium","Low")))) -> Critical | I20: CVSS 3.1, CISA-ADP | J20: 2025-06-13 | K20: PUBLISHED | L20: Path traversal in the script API. | M20: L4 | N20: TB3 | O20: No | P20: 65 | Q20: Olchawa, Starcik, Fradique & Boulaich (2025) | R20: Disclosed in source | S20: M24; M10; M13 | T20: https://www.cve.org/CVERecord?id=CVE-2025-28384 | U20: CVE Services API: record PUBLISHED | W20: A4.8 | X20: T4.15 | Y20: Bound Atlas source and asset | Z20: L1 > L2 > L3 > L4 (4 of 4 layers) L1: A1.4†, A1.5†, A1.6, A1.7† | L2: A2.1†, A2.2†, A2.3†, A2.4†, A2.5 | L3: A3.1†, A3.2, A3.3, A3.4, A3.5, A3.6 | L4: [A4.8], A4.1, A4.2, A4.3, A4.4, A4.5, A4.6 Boundaries to first check A3.4/A3.5: 1 | to ATM A4.6: 2
A21: 17 | B21: CVE-2025-28386 | C21: L4 · Ground segment C2, mission control & keys | D21: OpenC3 COSMOS (ground C2) | E21: 6.0.0 | F21: CWE-94 | G21: 9.8 | H21: =IF(G21="","Not scored",IF(G21>=9,"Critical",IF(G21>=7,"High",IF(G21>=4,"Medium","Low")))) -> Critical | I21: CVSS 3.1, CISA-ADP | J21: 2025-06-13 | K21: PUBLISHED | L21: Code execution via a crafted file in the plugin manager. | M21: L4 | N21: TB3 | O21: No | P21: 65 | Q21: Olchawa, Starcik, Fradique & Boulaich (2025) | R21: Disclosed in source | S21: M24; M10; M13 | T21: https://www.cve.org/CVERecord?id=CVE-2025-28386 | U21: CVE Services API: record PUBLISHED | W21: A4.8 | X21: T4.15 | Y21: Bound Atlas source and asset | Z21: L1 > L2 > L3 > L4 (4 of 4 layers) L1: A1.4†, A1.5†, A1.6, A1.7† | L2: A2.1†, A2.2†, A2.3†, A2.4†, A2.5 | L3: A3.1†, A3.2, A3.3, A3.4, A3.5, A3.6 | L4: [A4.8], A4.1, A4.2, A4.3, A4.4, A4.5, A4.6 Boundaries to first check A3.4/A3.5: 1 | to ATM A4.6: 2
A22: 18 | B22: CVE-2025-28388 | C22: L4 · Ground segment C2, mission control & keys | D22: OpenC3 COSMOS (ground C2) | E22: < 6.0.2 | F22: CWE-798 | G22: 9.8 | H22: =IF(G22="","Not scored",IF(G22>=9,"Critical",IF(G22>=7,"High",IF(G22>=4,"Medium","Low")))) -> Critical | I22: CVSS 3.1, CISA-ADP | J22: 2025-06-13 | K22: PUBLISHED | L22: Built-in credentials for the service account. | M22: L4 | N22: TB3 | O22: No | P22: 65 | Q22: Olchawa, Starcik, Fradique & Boulaich (2025) | R22: Disclosed in source | S22: M24; M10; M13 | T22: https://www.cve.org/CVERecord?id=CVE-2025-28388 | U22: CVE Services API: record PUBLISHED | W22: A4.8 | X22: T4.15 | Y22: Bound Atlas source and asset | Z22: L1 > L2 > L3 > L4 (4 of 4 layers) L1: A1.4†, A1.5†, A1.6, A1.7† | L2: A2.1†, A2.2†, A2.3†, A2.4†, A2.5 | L3: A3.1†, A3.2, A3.3, A3.4, A3.5, A3.6 | L4: [A4.8], A4.1, A4.2, A4.3, A4.4, A4.5, A4.6 Boundaries to first check A3.4/A3.5: 1 | to ATM A4.6: 2
A23: 19 | B23: CVE-2025-28389 | C23: L4 · Ground segment C2, mission control & keys | D23: OpenC3 COSMOS (ground C2) | E23: 6.0.0 | F23: CWE-521 | G23: 9.8 | H23: =IF(G23="","Not scored",IF(G23>=9,"Critical",IF(G23>=7,"High",IF(G23>=4,"Medium","Low")))) -> Critical | I23: CVSS 3.1, CISA-ADP | J23: 2025-06-13 | K23: PUBLISHED | L23: Weak password requirements allow login by guessing. | M23: L4 | N23: TB3 | O23: No | P23: 65 | Q23: Olchawa, Starcik, Fradique & Boulaich (2025) | R23: Disclosed in source | S23: M24; M10; M13 | T23: https://www.cve.org/CVERecord?id=CVE-2025-28389 | U23: CVE Services API: record PUBLISHED | W23: A4.8 | X23: T4.15 | Y23: Bound Atlas source and asset | Z23: L1 > L2 > L3 > L4 (4 of 4 layers) L1: A1.4†, A1.5†, A1.6, A1.7† | L2: A2.1†, A2.2†, A2.3†, A2.4†, A2.5 | L3: A3.1†, A3.2, A3.3, A3.4, A3.5, A3.6 | L4: [A4.8], A4.1, A4.2, A4.3, A4.4, A4.5, A4.6 Boundaries to first check A3.4/A3.5: 1 | to ATM A4.6: 2
A24: 20 | B24: CVE-2023-45277 | C24: L4 · Ground segment C2, mission control & keys | D24: Yamcs (mission control) | E24: 5.8.6 | F24: n/a | H24: =IF(G24="","Not scored",IF(G24>=9,"Critical",IF(G24>=7,"High",IF(G24>=4,"Medium","Low")))) -> Not scored | J24: 2023-10-19 | K24: PUBLISHED | L24: Path traversal in bucket storage allows reading arbitrary files. | M24: L4 | N24: TB3 | O24: No | P24: 65 | Q24: Olchawa, Starcik, Fradique & Boulaich (2025) | R24: Disclosed in source | S24: M24; M10; M13 | T24: https://www.cve.org/CVERecord?id=CVE-2023-45277 | U24: CVE Services API: record PUBLISHED | W24: A4.8 | X24: T4.15 | Y24: Bound Atlas source and asset | Z24: L1 > L2 > L3 > L4 (4 of 4 layers) L1: A1.4†, A1.5†, A1.6, A1.7† | L2: A2.1†, A2.2†, A2.3†, A2.4†, A2.5 | L3: A3.1†, A3.2, A3.3, A3.4, A3.5, A3.6 | L4: [A4.8], A4.1, A4.2, A4.3, A4.4, A4.5, A4.6 Boundaries to first check A3.4/A3.5: 1 | to ATM A4.6: 2
A25: 21 | B25: CVE-2023-45278 | C25: L4 · Ground segment C2, mission control & keys | D25: Yamcs (mission control) | E25: 5.8.6 | F25: n/a | H25: =IF(G25="","Not scored",IF(G25>=9,"Critical",IF(G25>=7,"High",IF(G25>=4,"Medium","Low")))) -> Not scored | J25: 2023-10-19 | K25: PUBLISHED | L25: Path traversal in bucket storage allows deleting arbitrary files. | M25: L4 | N25: TB3 | O25: No | P25: 65 | Q25: Olchawa, Starcik, Fradique & Boulaich (2025) | R25: Disclosed in source | S25: M24; M10; M13 | T25: https://www.cve.org/CVERecord?id=CVE-2023-45278 | U25: CVE Services API: record PUBLISHED | W25: A4.8 | X25: T4.15 | Y25: Bound Atlas source and asset | Z25: L1 > L2 > L3 > L4 (4 of 4 layers) L1: A1.4†, A1.5†, A1.6, A1.7† | L2: A2.1†, A2.2†, A2.3†, A2.4†, A2.5 | L3: A3.1†, A3.2, A3.3, A3.4, A3.5, A3.6 | L4: [A4.8], A4.1, A4.2, A4.3, A4.4, A4.5, A4.6 Boundaries to first check A3.4/A3.5: 1 | to ATM A4.6: 2
A26: 22 | B26: CVE-2023-45279 | C26: L4 · Ground segment C2, mission control & keys | D26: Yamcs (mission control) | E26: 5.8.6 | F26: n/a | H26: =IF(G26="","Not scored",IF(G26>=9,"Critical",IF(G26>=7,"High",IF(G26>=4,"Medium","Low")))) -> Not scored | J26: 2023-10-19 | K26: PUBLISHED | L26: Stored XSS through an uploaded display file. | M26: L4 | N26: TB3 | O26: No | P26: 65 | Q26: Olchawa, Starcik, Fradique & Boulaich (2025) | R26: Disclosed in source | S26: M24; M10; M13 | T26: https://www.cve.org/CVERecord?id=CVE-2023-45279 | U26: CVE Services API: record PUBLISHED | W26: A4.8 | X26: T4.15 | Y26: Bound Atlas source and asset | Z26: L1 > L2 > L3 > L4 (4 of 4 layers) L1: A1.4†, A1.5†, A1.6, A1.7† | L2: A2.1†, A2.2†, A2.3†, A2.4†, A2.5 | L3: A3.1†, A3.2, A3.3, A3.4, A3.5, A3.6 | L4: [A4.8], A4.1, A4.2, A4.3, A4.4, A4.5, A4.6 Boundaries to first check A3.4/A3.5: 1 | to ATM A4.6: 2
A27: 23 | B27: CVE-2023-45280 | C27: L4 · Ground segment C2, mission control & keys | D27: Yamcs (mission control) | E27: 5.8.6 | F27: n/a | H27: =IF(G27="","Not scored",IF(G27>=9,"Critical",IF(G27>=7,"High",IF(G27>=4,"Medium","Low")))) -> Not scored | J27: 2023-10-19 | K27: PUBLISHED | L27: XSS through uploaded HTML in bucket storage. | M27: L4 | N27: TB3 | O27: No | P27: 65 | Q27: Olchawa, Starcik, Fradique & Boulaich (2025) | R27: Disclosed in source | S27: M24; M10; M13 | T27: https://www.cve.org/CVERecord?id=CVE-2023-45280 | U27: CVE Services API: record PUBLISHED | W27: A4.8 | X27: T4.15 | Y27: Bound Atlas source and asset | Z27: L1 > L2 > L3 > L4 (4 of 4 layers) L1: A1.4†, A1.5†, A1.6, A1.7† | L2: A2.1†, A2.2†, A2.3†, A2.4†, A2.5 | L3: A3.1†, A3.2, A3.3, A3.4, A3.5, A3.6 | L4: [A4.8], A4.1, A4.2, A4.3, A4.4, A4.5, A4.6 Boundaries to first check A3.4/A3.5: 1 | to ATM A4.6: 2
A28: 24 | B28: CVE-2023-45281 | C28: L4 · Ground segment C2, mission control & keys | D28: Yamcs (mission control) | E28: 5.8.6 | F28: n/a | H28: =IF(G28="","Not scored",IF(G28>=9,"Critical",IF(G28>=7,"High",IF(G28>=4,"Medium","Low")))) -> Not scored | J28: 2023-10-19 | K28: PUBLISHED | L28: Session cookie theft via an uploaded HTML file. | M28: L4 | N28: TB3 | O28: No | P28: 65 | Q28: Olchawa, Starcik, Fradique & Boulaich (2025) | R28: Disclosed in source | S28: M24; M10; M13 | T28: https://www.cve.org/CVERecord?id=CVE-2023-45281 | U28: CVE Services API: record PUBLISHED | W28: A4.8 | X28: T4.15 | Y28: Bound Atlas source and asset | Z28: L1 > L2 > L3 > L4 (4 of 4 layers) L1: A1.4†, A1.5†, A1.6, A1.7† | L2: A2.1†, A2.2†, A2.3†, A2.4†, A2.5 | L3: A3.1†, A3.2, A3.3, A3.4, A3.5, A3.6 | L4: [A4.8], A4.1, A4.2, A4.3, A4.4, A4.5, A4.6 Boundaries to first check A3.4/A3.5: 1 | to ATM A4.6: 2
A29: 25 | B29: CVE-2023-46470 | C29: L4 · Ground segment C2, mission control & keys | D29: Yamcs (mission control) | E29: 5.8.6 | F29: n/a | H29: =IF(G29="","Not scored",IF(G29>=9,"Critical",IF(G29>=7,"High",IF(G29>=4,"Medium","Low")))) -> Not scored | J29: 2023-11-20 | K29: PUBLISHED | L29: Script injection via a telecommand shown in the archive timeline. | M29: L4 | N29: TB3 | O29: No | P29: 65 | Q29: Olchawa, Starcik, Fradique & Boulaich (2025) | R29: Disclosed in source | S29: M24; M10; M13 | T29: https://www.cve.org/CVERecord?id=CVE-2023-46470 | U29: CVE Services API: record PUBLISHED | W29: A4.8 | X29: T4.15 | Y29: Bound Atlas source and asset | Z29: L1 > L2 > L3 > L4 (4 of 4 layers) L1: A1.4†, A1.5†, A1.6, A1.7† | L2: A2.1†, A2.2†, A2.3†, A2.4†, A2.5 | L3: A3.1†, A3.2, A3.3, A3.4, A3.5, A3.6 | L4: [A4.8], A4.1, A4.2, A4.3, A4.4, A4.5, A4.6 Boundaries to first check A3.4/A3.5: 1 | to ATM A4.6: 2
A30: 26 | B30: CVE-2023-46471 | C30: L4 · Ground segment C2, mission control & keys | D30: Yamcs (mission control) | E30: 5.8.6 | F30: CWE-79 | G30: 5.4 | H30: =IF(G30="","Not scored",IF(G30>=9,"Critical",IF(G30>=7,"High",IF(G30>=4,"Medium","Low")))) -> Medium | I30: CVSS 3.1, CISA-ADP | J30: 2023-11-20 | K30: PUBLISHED | L30: XSS in the script viewer. | M30: L4 | N30: TB3 | O30: No | P30: 65 | Q30: Olchawa, Starcik, Fradique & Boulaich (2025) | R30: Disclosed in source | S30: M24; M10; M13 | T30: https://www.cve.org/CVERecord?id=CVE-2023-46471 | U30: CVE Services API: record PUBLISHED | W30: A4.8 | X30: T4.15 | Y30: Bound Atlas source and asset | Z30: L1 > L2 > L3 > L4 (4 of 4 layers) L1: A1.4†, A1.5†, A1.6, A1.7† | L2: A2.1†, A2.2†, A2.3†, A2.4†, A2.5 | L3: A3.1†, A3.2, A3.3, A3.4, A3.5, A3.6 | L4: [A4.8], A4.1, A4.2, A4.3, A4.4, A4.5, A4.6 Boundaries to first check A3.4/A3.5: 1 | to ATM A4.6: 2
A31: 27 | B31: CVE-2023-47311 | C31: L4 · Ground segment C2, mission control & keys | D31: Yamcs (mission control) | E31: 5.8.6 | F31: n/a | H31: =IF(G31="","Not scored",IF(G31>=9,"Critical",IF(G31>=7,"High",IF(G31>=4,"Medium","Low")))) -> Not scored | J31: 2023-11-20 | K31: PUBLISHED | L31: Clickjacking that can push commands into a command queue. | M31: L4 | N31: TB3 | O31: No | P31: 65 | Q31: Olchawa, Starcik, Fradique & Boulaich (2025) | R31: Disclosed in source | S31: M24; M10; M13 | T31: https://www.cve.org/CVERecord?id=CVE-2023-47311 | U31: CVE Services API: record PUBLISHED | W31: A4.8 | X31: T4.15 | Y31: Bound Atlas source and asset | Z31: L1 > L2 > L3 > L4 (4 of 4 layers) L1: A1.4†, A1.5†, A1.6, A1.7† | L2: A2.1†, A2.2†, A2.3†, A2.4†, A2.5 | L3: A3.1†, A3.2, A3.3, A3.4, A3.5, A3.6 | L4: [A4.8], A4.1, A4.2, A4.3, A4.4, A4.5, A4.6 Boundaries to first check A3.4/A3.5: 1 | to ATM A4.6: 2
A32: 28 | B32: CVE-2023-45282 | C32: L4 · Ground segment C2, mission control & keys | D32: NASA Open MCT (mission control UI) | E32: < 3.1.0 | F32: CWE-1321 | G32: 7.5 | H32: =IF(G32="","Not scored",IF(G32>=9,"Critical",IF(G32>=7,"High",IF(G32>=4,"Medium","Low")))) -> High | I32: CVSS 3.1, CISA-ADP | J32: 2023-10-06 | K32: PUBLISHED | L32: Prototype pollution through the import action. | M32: L4 | N32: TB3 | O32: No | P32: 65 | Q32: Olchawa, Starcik, Fradique & Boulaich (2025) | R32: Disclosed in source | S32: M24; M10 | T32: https://www.cve.org/CVERecord?id=CVE-2023-45282 | U32: CVE Services API: record PUBLISHED | W32: A4.8 | X32: T4.15 | Y32: Bound Atlas source and asset | Z32: L1 > L2 > L3 > L4 (4 of 4 layers) L1: A1.4†, A1.5†, A1.6, A1.7† | L2: A2.1†, A2.2†, A2.3†, A2.4†, A2.5 | L3: A3.1†, A3.2, A3.3, A3.4, A3.5, A3.6 | L4: [A4.8], A4.1, A4.2, A4.3, A4.4, A4.5, A4.6 Boundaries to first check A3.4/A3.5: 1 | to ATM A4.6: 2
A33: 29 | B33: CVE-2023-45884 | C33: L4 · Ground segment C2, mission control & keys | D33: NASA Open MCT (mission control UI) | E33: <= 3.1.0 | F33: n/a | H33: =IF(G33="","Not scored",IF(G33>=9,"Critical",IF(G33>=7,"High",IF(G33>=4,"Medium","Low")))) -> Not scored | J33: 2023-11-09 | K33: PUBLISHED | L33: Cross-site request forgery exposing information via a layout plugin. | M33: L4 | N33: TB3 | O33: No | P33: 65 | Q33: Olchawa, Starcik, Fradique & Boulaich (2025) | R33: Disclosed in source | S33: M24; M10 | T33: https://www.cve.org/CVERecord?id=CVE-2023-45884 | U33: CVE Services API: record PUBLISHED | W33: A4.8 | X33: T4.15 | Y33: Bound Atlas source and asset | Z33: L1 > L2 > L3 > L4 (4 of 4 layers) L1: A1.4†, A1.5†, A1.6, A1.7† | L2: A2.1†, A2.2†, A2.3†, A2.4†, A2.5 | L3: A3.1†, A3.2, A3.3, A3.4, A3.5, A3.6 | L4: [A4.8], A4.1, A4.2, A4.3, A4.4, A4.5, A4.6 Boundaries to first check A3.4/A3.5: 1 | to ATM A4.6: 2
A34: 30 | B34: CVE-2023-45885 | C34: L4 · Ground segment C2, mission control & keys | D34: NASA Open MCT (mission control UI) | E34: <= 3.1.0 | F34: n/a | H34: =IF(G34="","Not scored",IF(G34>=9,"Critical",IF(G34>=7,"High",IF(G34>=4,"Medium","Low")))) -> Not scored | J34: 2023-11-09 | K34: PUBLISHED | L34: XSS via a layout plugin component. | M34: L4 | N34: TB3 | O34: No | P34: 65 | Q34: Olchawa, Starcik, Fradique & Boulaich (2025) | R34: Disclosed in source | S34: M24; M10 | T34: https://www.cve.org/CVERecord?id=CVE-2023-45885 | U34: CVE Services API: record PUBLISHED | W34: A4.8 | X34: T4.15 | Y34: Bound Atlas source and asset | Z34: L1 > L2 > L3 > L4 (4 of 4 layers) L1: A1.4†, A1.5†, A1.6, A1.7† | L2: A2.1†, A2.2†, A2.3†, A2.4†, A2.5 | L3: A3.1†, A3.2, A3.3, A3.4, A3.5, A3.6 | L4: [A4.8], A4.1, A4.2, A4.3, A4.4, A4.5, A4.6 Boundaries to first check A3.4/A3.5: 1 | to ATM A4.6: 2
A35: 31 | B35: CVE-2025-25371 | C35: L1 · Satellite platform & flight software | D35: NASA cFS Aquila (flight software) | E35: n/a in record | F35: CWE-22 | G35: 7.5 | H35: =IF(G35="","Not scored",IF(G35>=9,"Critical",IF(G35>=7,"High",IF(G35>=4,"Medium","Low")))) -> High | I35: CVSS 3.1, CISA-ADP | J35: 2025-03-25 | K35: PUBLISHED | L35: Directory escape in the OS abstraction layer allows file overwrite. | M35: L1 | N35: TB1 | O35: No | P35: 65 | Q35: Olchawa, Starcik, Fradique & Boulaich (2025) | R35: Disclosed in source | S35: M24; M04 | T35: https://www.cve.org/CVERecord?id=CVE-2025-25371 | U35: CVE Services API: record PUBLISHED | W35: A1.6 | X35: T1.13 | Y35: Bound Atlas source and asset | Z35: L1 > L2 > L3 > L4 (4 of 4 layers) L1: [A1.6], A1.4†, A1.5†, A1.7† | L2: A2.1†, A2.2†, A2.4† | L3: A3.1†, A3.2†, A3.3†, A3.4†, A3.5†, A3.6† | L4: A4.5†, A4.6† Boundaries to first check A3.4/A3.5: 2 | to ATM A4.6: 3
A36: 32 | B36: CVE-2025-25372 | C36: L1 · Satellite platform & flight software | D36: NASA cFS Aquila (flight software) | E36: n/a in record | F36: CWE-787 | G36: 7.5 | H36: =IF(G36="","Not scored",IF(G36>=9,"Critical",IF(G36>=7,"High",IF(G36>=4,"Medium","Low")))) -> High | I36: CVSS 3.1, CISA-ADP | J36: 2025-03-25 | K36: PUBLISHED | L36: Crafted telecommand to the memory-management module crashes the software. | M36: L1 | N36: TB1 | O36: No | P36: 65 | Q36: Olchawa, Starcik, Fradique & Boulaich (2025) | R36: Disclosed in source | S36: M24; M04 | T36: https://www.cve.org/CVERecord?id=CVE-2025-25372 | U36: CVE Services API: record PUBLISHED | W36: A1.6 | X36: T1.13 | Y36: Bound Atlas source and asset | Z36: L1 > L2 > L3 > L4 (4 of 4 layers) L1: [A1.6], A1.4†, A1.5†, A1.7† | L2: A2.1†, A2.2†, A2.4† | L3: A3.1†, A3.2†, A3.3†, A3.4†, A3.5†, A3.6† | L4: A4.5†, A4.6† Boundaries to first check A3.4/A3.5: 2 | to ATM A4.6: 3
A37: 33 | B37: CVE-2025-25373 | C37: L1 · Satellite platform & flight software | D37: NASA cFS Aquila (flight software) | E37: n/a in record | F37: CWE-732 | G37: 9.8 | H37: =IF(G37="","Not scored",IF(G37>=9,"Critical",IF(G37>=7,"High",IF(G37>=4,"Medium","Low")))) -> Critical | I37: CVSS 3.1, CISA-ADP | J37: 2025-03-25 | K37: PUBLISHED | L37: Weak access control in the memory-management module enables code execution. | M37: L1 | N37: TB1 | O37: No | P37: 65 | Q37: Olchawa, Starcik, Fradique & Boulaich (2025) | R37: Disclosed in source | S37: M24; M04 | T37: https://www.cve.org/CVERecord?id=CVE-2025-25373 | U37: CVE Services API: record PUBLISHED | W37: A1.6 | X37: T1.13 | Y37: Bound Atlas source and asset | Z37: L1 > L2 > L3 > L4 (4 of 4 layers) L1: [A1.6], A1.4†, A1.5†, A1.7† | L2: A2.1†, A2.2†, A2.4† | L3: A3.1†, A3.2†, A3.3†, A3.4†, A3.5†, A3.6† | L4: A4.5†, A4.6† Boundaries to first check A3.4/A3.5: 2 | to ATM A4.6: 3
A38: 34 | B38: CVE-2025-25374 | C38: L1 · Satellite platform & flight software | D38: NASA cFS Aquila (flight software) | E38: n/a in record | F38: CWE-400 | G38: 7.5 | H38: =IF(G38="","Not scored",IF(G38>=9,"Critical",IF(G38>=7,"High",IF(G38>=4,"Medium","Low")))) -> High | I38: CVSS 3.1, CISA-ADP | J38: 2025-03-25 | K38: PUBLISHED | L38: State that blocks launching applications (platform denial of service). | M38: L1 | N38: TB1 | O38: No | P38: 65 | Q38: Olchawa, Starcik, Fradique & Boulaich (2025) | R38: Disclosed in source | S38: M24; M04 | T38: https://www.cve.org/CVERecord?id=CVE-2025-25374 | U38: CVE Services API: record PUBLISHED | W38: A1.6 | X38: T1.13 | Y38: Bound Atlas source and asset | Z38: L1 > L2 > L3 > L4 (4 of 4 layers) L1: [A1.6], A1.4†, A1.5†, A1.7† | L2: A2.1†, A2.2†, A2.4† | L3: A3.1†, A3.2†, A3.3†, A3.4†, A3.5†, A3.6† | L4: A4.5†, A4.6† Boundaries to first check A3.4/A3.5: 2 | to ATM A4.6: 3
A39: 35 | B39: CVE-2024-55028 | C39: L4 · Ground segment C2, mission control & keys | D39: NASA F Prime (ground dashboard) | E39: v3.4.3 | F39: CWE-94 | G39: 9.8 | H39: =IF(G39="","Not scored",IF(G39>=9,"Critical",IF(G39>=7,"High",IF(G39>=4,"Medium","Low")))) -> Critical | I39: CVSS 3.1, CISA-ADP | J39: 2025-03-25 | K39: PUBLISHED | L39: Template injection via an uploaded file in the dashboard. | M39: L4 | N39: TB3 | O39: No | P39: 65 | Q39: Olchawa, Starcik, Fradique & Boulaich (2025) | R39: Disclosed in source | S39: M24; M10 | T39: https://www.cve.org/CVERecord?id=CVE-2024-55028 | U39: CVE Services API: record PUBLISHED | W39: A4.8 | X39: T4.15 | Y39: Bound Atlas source and asset | Z39: L1 > L2 > L3 > L4 (4 of 4 layers) L1: A1.4†, A1.5†, A1.6, A1.7† | L2: A2.1†, A2.2†, A2.3†, A2.4†, A2.5 | L3: A3.1†, A3.2, A3.3, A3.4, A3.5, A3.6 | L4: [A4.8], A4.1, A4.2, A4.3, A4.4, A4.5, A4.6 Boundaries to first check A3.4/A3.5: 1 | to ATM A4.6: 2
A40: 36 | B40: CVE-2024-55029 | C40: L4 · Ground segment C2, mission control & keys | D40: NASA F Prime (ground dashboard) | E40: v3.4.3 | F40: CWE-79 | G40: 6.1 | H40: =IF(G40="","Not scored",IF(G40>=9,"Critical",IF(G40>=7,"High",IF(G40>=4,"Medium","Low")))) -> Medium | I40: CVSS 3.1, CISA-ADP | J40: 2025-03-25 | K40: PUBLISHED | L40: Multiple cross-site scripting flaws. | M40: L4 | N40: TB3 | O40: No | P40: 65 | Q40: Olchawa, Starcik, Fradique & Boulaich (2025) | R40: Disclosed in source | S40: M24; M10 | T40: https://www.cve.org/CVERecord?id=CVE-2024-55029 | U40: CVE Services API: record PUBLISHED | W40: A4.8 | X40: T4.15 | Y40: Bound Atlas source and asset | Z40: L1 > L2 > L3 > L4 (4 of 4 layers) L1: A1.4†, A1.5†, A1.6, A1.7† | L2: A2.1†, A2.2†, A2.3†, A2.4†, A2.5 | L3: A3.1†, A3.2, A3.3, A3.4, A3.5, A3.6 | L4: [A4.8], A4.1, A4.2, A4.3, A4.4, A4.5, A4.6 Boundaries to first check A3.4/A3.5: 1 | to ATM A4.6: 2
A41: 37 | B41: CVE-2024-55030 | C41: L1 · Satellite platform & flight software | D41: NASA F Prime (command dispatcher) | E41: v3.4.3 | F41: CWE-77 | G41: 9.8 | H41: =IF(G41="","Not scored",IF(G41>=9,"Critical",IF(G41>=7,"High",IF(G41>=4,"Medium","Low")))) -> Critical | I41: CVSS 3.1, CISA-ADP | J41: 2025-03-25 | K41: PUBLISHED | L41: Command injection in the command dispatcher service. | M41: L1 | N41: TB1 | O41: No | P41: 65 | Q41: Olchawa, Starcik, Fradique & Boulaich (2025) | R41: Disclosed in source | S41: M24; M04 | T41: https://www.cve.org/CVERecord?id=CVE-2024-55030 | U41: CVE Services API: record PUBLISHED | W41: A1.6 | X41: T1.13 | Y41: Bound Atlas source and asset | Z41: L1 > L2 > L3 > L4 (4 of 4 layers) L1: [A1.6], A1.4†, A1.5†, A1.7† | L2: A2.1†, A2.2†, A2.4† | L3: A3.1†, A3.2†, A3.3†, A3.4†, A3.5†, A3.6† | L4: A4.5†, A4.6† Boundaries to first check A3.4/A3.5: 2 | to ATM A4.6: 3
A42: 38 | B42: CVE-2024-35056 | C42: L4 · Ground segment C2, mission control & keys | D42: NASA AIT-Core (ground tooling) | E42: 2.5.2 | F42: CWE-89 | G42: 9.8 | H42: =IF(G42="","Not scored",IF(G42>=9,"Critical",IF(G42>=7,"High",IF(G42>=4,"Medium","Low")))) -> Critical | I42: CVSS 3.1, CISA-ADP | J42: 2024-05-21 | K42: PUBLISHED | L42: SQL injection in packet query and insert functions. | M42: L4 | N42: TB3 | O42: No | P42: 65 | Q42: Olchawa, Starcik, Fradique & Boulaich (2025) | R42: Disclosed in source | S42: M24; M10 | T42: https://www.cve.org/CVERecord?id=CVE-2024-35056 | U42: CVE Services API: record PUBLISHED | W42: A4.8 | X42: T4.15 | Y42: Bound Atlas source and asset | Z42: L1 > L2 > L3 > L4 (4 of 4 layers) L1: A1.4†, A1.5†, A1.6, A1.7† | L2: A2.1†, A2.2†, A2.3†, A2.4†, A2.5 | L3: A3.1†, A3.2, A3.3, A3.4, A3.5, A3.6 | L4: [A4.8], A4.1, A4.2, A4.3, A4.4, A4.5, A4.6 Boundaries to first check A3.4/A3.5: 1 | to ATM A4.6: 2
A43: 39 | B43: CVE-2024-35057 | C43: L4 · Ground segment C2, mission control & keys | D43: NASA AIT-Core (ground tooling) | E43: 2.5.2 | F43: CWE-319 | G43: 7.5 | H43: =IF(G43="","Not scored",IF(G43>=9,"Critical",IF(G43>=7,"High",IF(G43>=4,"Medium","Low")))) -> High | I43: CVSS 3.1, CISA-ADP | J43: 2024-05-21 | K43: PUBLISHED | L43: Code execution via a crafted packet. | M43: L4 | N43: TB3 | O43: No | P43: 65 | Q43: Olchawa, Starcik, Fradique & Boulaich (2025) | R43: Disclosed in source | S43: M24; M10 | T43: https://www.cve.org/CVERecord?id=CVE-2024-35057 | U43: CVE Services API: record PUBLISHED | W43: A4.8 | X43: T4.15 | Y43: Bound Atlas source and asset | Z43: L1 > L2 > L3 > L4 (4 of 4 layers) L1: A1.4†, A1.5†, A1.6, A1.7† | L2: A2.1†, A2.2†, A2.3†, A2.4†, A2.5 | L3: A3.1†, A3.2, A3.3, A3.4, A3.5, A3.6 | L4: [A4.8], A4.1, A4.2, A4.3, A4.4, A4.5, A4.6 Boundaries to first check A3.4/A3.5: 1 | to ATM A4.6: 2
A44: 40 | B44: CVE-2024-35058 | C44: L4 · Ground segment C2, mission control & keys | D44: NASA AIT-Core (ground tooling) | E44: 2.5.2 | F44: CWE-319 | G44: 7.5 | H44: =IF(G44="","Not scored",IF(G44>=9,"Critical",IF(G44>=7,"High",IF(G44>=4,"Medium","Low")))) -> High | I44: CVSS 3.1, CISA-ADP | J44: 2024-05-21 | K44: PUBLISHED | L44: Code execution via a malicious string to an API routine. | M44: L4 | N44: TB3 | O44: No | P44: 65 | Q44: Olchawa, Starcik, Fradique & Boulaich (2025) | R44: Disclosed in source | S44: M24; M10 | T44: https://www.cve.org/CVERecord?id=CVE-2024-35058 | U44: CVE Services API: record PUBLISHED | W44: A4.8 | X44: T4.15 | Y44: Bound Atlas source and asset | Z44: L1 > L2 > L3 > L4 (4 of 4 layers) L1: A1.4†, A1.5†, A1.6, A1.7† | L2: A2.1†, A2.2†, A2.3†, A2.4†, A2.5 | L3: A3.1†, A3.2, A3.3, A3.4, A3.5, A3.6 | L4: [A4.8], A4.1, A4.2, A4.3, A4.4, A4.5, A4.6 Boundaries to first check A3.4/A3.5: 1 | to ATM A4.6: 2
A45: 41 | B45: CVE-2024-35059 | C45: L4 · Ground segment C2, mission control & keys | D45: NASA AIT-Core (ground tooling) | E45: 2.5.2 | F45: CWE-319 | G45: 7.5 | H45: =IF(G45="","Not scored",IF(G45>=9,"Critical",IF(G45>=7,"High",IF(G45>=4,"Medium","Low")))) -> High | I45: CVSS 3.1, CISA-ADP | J45: 2024-05-21 | K45: PUBLISHED | L45: Unsafe deserialisation of pickled data. | M45: L4 | N45: TB3 | O45: No | P45: 65 | Q45: Olchawa, Starcik, Fradique & Boulaich (2025) | R45: Disclosed in source | S45: M24; M10 | T45: https://www.cve.org/CVERecord?id=CVE-2024-35059 | U45: CVE Services API: record PUBLISHED | W45: A4.8 | X45: T4.15 | Y45: Bound Atlas source and asset | Z45: L1 > L2 > L3 > L4 (4 of 4 layers) L1: A1.4†, A1.5†, A1.6, A1.7† | L2: A2.1†, A2.2†, A2.3†, A2.4†, A2.5 | L3: A3.1†, A3.2, A3.3, A3.4, A3.5, A3.6 | L4: [A4.8], A4.1, A4.2, A4.3, A4.4, A4.5, A4.6 Boundaries to first check A3.4/A3.5: 1 | to ATM A4.6: 2
A46: 42 | B46: CVE-2024-35060 | C46: L4 · Ground segment C2, mission control & keys | D46: NASA AIT-Core (ground tooling) | E46: 2.5.2 | F46: CWE-319 | G46: 7.5 | H46: =IF(G46="","Not scored",IF(G46>=9,"Critical",IF(G46>=7,"High",IF(G46>=4,"Medium","Low")))) -> High | I46: CVSS 3.1, CISA-ADP | J46: 2024-05-21 | K46: PUBLISHED | L46: Command execution via a crafted YAML file. | M46: L4 | N46: TB3 | O46: No | P46: 65 | Q46: Olchawa, Starcik, Fradique & Boulaich (2025) | R46: Disclosed in source | S46: M24; M10 | T46: https://www.cve.org/CVERecord?id=CVE-2024-35060 | U46: CVE Services API: record PUBLISHED | W46: A4.8 | X46: T4.15 | Y46: Bound Atlas source and asset | Z46: L1 > L2 > L3 > L4 (4 of 4 layers) L1: A1.4†, A1.5†, A1.6, A1.7† | L2: A2.1†, A2.2†, A2.3†, A2.4†, A2.5 | L3: A3.1†, A3.2, A3.3, A3.4, A3.5, A3.6 | L4: [A4.8], A4.1, A4.2, A4.3, A4.4, A4.5, A4.6 Boundaries to first check A3.4/A3.5: 1 | to ATM A4.6: 2
... A61: 57 | B61: CVE-2025-46675 | C61: L4 · Ground segment C2, mission control & keys | D61: NASA CryptoLib (SDLS-EP) | E61: < 1.3.2 | F61: CWE-913 | G61: 3.5 | H61: =IF(G61="","Not scored",IF(G61>=9,"Critical",IF(G61>=7,"High",IF(G61>=4,"Medium","Low")))) -> Low | I61: CVSS 3.1, CNA | J61: 2025-04-27 | K61: PUBLISHED | L61: Keys used without checking their state. | M61: L4 | N61: TB3 | O61: No | P61: 65 | Q61: Olchawa, Starcik, Fradique & Boulaich (2025) | R61: Disclosed in source | S61: M24; M05 | T61: https://www.cve.org/CVERecord?id=CVE-2025-46675 | U61: CVE Services API: record PUBLISHED | W61: A4.3 | X61: T4.04, T4.05 | Y61: Asset match (key-management flaws); source #65 not bound to a key-management threat | Z61: L1 > L2 > L3 > L4 (4 of 4 layers) L1: A1.4†, A1.5†, A1.6, A1.7† | L2: A2.1†, A2.2†, A2.4†, A2.5 | L3: A3.1†, A3.2†, A3.3†, A3.4†, A3.5†, A3.6† | L4: [A4.3], A4.5†, A4.6† Boundaries to first check A3.4/A3.5: 5 | to ATM A4.6: 6
A63: Mapping rules (columns W to Z). Asset: the component of the 27-asset register the vendor product implements (ntpd, NTPsec, linuxptp and the time-server appliance: A4.1 and the PTP message path A2.3; ground GNSS receiver: A1.5 as an analogue; SATCOM terminal: A1.7; mission-control and ground tooling: A4.8; flight software: A1.6; CryptoLib frame processing: A2.4, A2.5; CryptoLib key and rekeying procedures: A4.3). Threats: catalogue threats on those assets that the CVE class instantiates; 'Bound' means the CVE's Atlas source is also bound to the threat in sheet Binding. No CVE in the register targets an L3 asset.

Sheet Worked
A1: Worked displacement application: Tables 4 and 5 of the paper, recomputed from the Catalogue
A2: Leaf values are looked up live from the Catalogue. Chains use MIN over the AND steps (R, E, A, Di) and the root Damage; W1-W4 as in Sec. 4.9.
A4: ID | B4: Role | C4: Evidence | D4: R | E4: E | F4: D | G4: A | H4: Di strong | I4: Di weak | J4: S strong | K4: S weak | L4: Band strong | M4: Band weak | N4: rho_det strong | O4: rho_root weak | P4: Paper S s/w | Q4: Paper rho s/w | R4: Check | S4: rho check
A5: T1.11 | B5: {=INDEX(Catalogue!$S$5:$S$59,MATCH(A5,Catalogue!$A$5:$A$59,0))} -> Leaf | C5: {=INDEX(Catalogue!$T$5:$T$59,MATCH(A5,Catalogue!$A$5:$A$59,0))} -> E2 | D5: {=INDEX(Catalogue!$AC$5:$AC$59,MATCH(A5,Catalogue!$A$5:$A$59,0))} -> 3 | E5: {=INDEX(Catalogue!$AD$5:$AD$59,MATCH(A5,Catalogue!$A$5:$A$59,0))} -> 2 | F5: {=INDEX(Catalogue!$AB$5:$AB$59,MATCH(A5,Catalogue!$A$5:$A$59,0))} -> 5 | G5: {=INDEX(Catalogue!$AE$5:$AE$59,MATCH(A5,Catalogue!$A$5:$A$59,0))} -> 3 | H5: {=INDEX(Catalogue!$AF$5:$AF$59,MATCH(A5,Catalogue!$A$5:$A$59,0))} -> 3 | I5: {=INDEX(Catalogue!$AG$5:$AG$59,MATCH(A5,Catalogue!$A$5:$A$59,0))} -> 5 | J5: {=INDEX(Catalogue!$AH$5:$AH$59,MATCH(A5,Catalogue!$A$5:$A$59,0))} -> 16 | K5: {=INDEX(Catalogue!$AI$5:$AI$59,MATCH(A5,Catalogue!$A$5:$A$59,0))} -> 18 | L5: {=INDEX(Catalogue!$AJ$5:$AJ$59,MATCH(A5,Catalogue!$A$5:$A$59,0))} -> High | M5: {=INDEX(Catalogue!$AK$5:$AK$59,MATCH(A5,Catalogue!$A$5:$A$59,0))} -> High | N5: {=INDEX(Catalogue!$Z$5:$Z$59,MATCH(A5,Catalogue!$A$5:$A$59,0))} -> 2 | O5: {=INDEX(Catalogue!$AA$5:$AA$59,MATCH(A5,Catalogue!$A$5:$A$59,0))} -> 3 | P5: 16/18 | Q5: 2/3 | R5: =IF(J5&"/"&K5=P5,"OK","DIFF") -> OK | S5: =IF(AND(N5=2,O5=3),"OK","DIFF") -> OK
A6: T2.06 | B6: {=INDEX(Catalogue!$S$5:$S$59,MATCH(A6,Catalogue!$A$5:$A$59,0))} -> Leaf | C6: {=INDEX(Catalogue!$T$5:$T$59,MATCH(A6,Catalogue!$A$5:$A$59,0))} -> E2 | D6: {=INDEX(Catalogue!$AC$5:$AC$59,MATCH(A6,Catalogue!$A$5:$A$59,0))} -> 3 | E6: {=INDEX(Catalogue!$AD$5:$AD$59,MATCH(A6,Catalogue!$A$5:$A$59,0))} -> 2 | F6: {=INDEX(Catalogue!$AB$5:$AB$59,MATCH(A6,Catalogue!$A$5:$A$59,0))} -> 5 | G6: {=INDEX(Catalogue!$AE$5:$AE$59,MATCH(A6,Catalogue!$A$5:$A$59,0))} -> 3 | H6: {=INDEX(Catalogue!$AF$5:$AF$59,MATCH(A6,Catalogue!$A$5:$A$59,0))} -> 3 | I6: {=INDEX(Catalogue!$AG$5:$AG$59,MATCH(A6,Catalogue!$A$5:$A$59,0))} -> 5 | J6: {=INDEX(Catalogue!$AH$5:$AH$59,MATCH(A6,Catalogue!$A$5:$A$59,0))} -> 16 | K6: {=INDEX(Catalogue!$AI$5:$AI$59,MATCH(A6,Catalogue!$A$5:$A$59,0))} -> 18 | L6: {=INDEX(Catalogue!$AJ$5:$AJ$59,MATCH(A6,Catalogue!$A$5:$A$59,0))} -> High | M6: {=INDEX(Catalogue!$AK$5:$AK$59,MATCH(A6,Catalogue!$A$5:$A$59,0))} -> High | N6: {=INDEX(Catalogue!$Z$5:$Z$59,MATCH(A6,Catalogue!$A$5:$A$59,0))} -> 3 | O6: {=INDEX(Catalogue!$AA$5:$AA$59,MATCH(A6,Catalogue!$A$5:$A$59,0))} -> 4 | P6: 16/18 | Q6: 3/4 | R6: =IF(J6&"/"&K6=P6,"OK","DIFF") -> OK | S6: =IF(AND(N6=3,O6=4),"OK","DIFF") -> OK
A7: T2.01 | B7: {=INDEX(Catalogue!$S$5:$S$59,MATCH(A7,Catalogue!$A$5:$A$59,0))} -> Leaf | C7: {=INDEX(Catalogue!$T$5:$T$59,MATCH(A7,Catalogue!$A$5:$A$59,0))} -> E1 | D7: {=INDEX(Catalogue!$AC$5:$AC$59,MATCH(A7,Catalogue!$A$5:$A$59,0))} -> 2 | E7: {=INDEX(Catalogue!$AD$5:$AD$59,MATCH(A7,Catalogue!$A$5:$A$59,0))} -> 3 | F7: {=INDEX(Catalogue!$AB$5:$AB$59,MATCH(A7,Catalogue!$A$5:$A$59,0))} -> 5 | G7: {=INDEX(Catalogue!$AE$5:$AE$59,MATCH(A7,Catalogue!$A$5:$A$59,0))} -> 4 | H7: {=INDEX(Catalogue!$AF$5:$AF$59,MATCH(A7,Catalogue!$A$5:$A$59,0))} -> 3 | I7: {=INDEX(Catalogue!$AG$5:$AG$59,MATCH(A7,Catalogue!$A$5:$A$59,0))} -> 5 | J7: {=INDEX(Catalogue!$AH$5:$AH$59,MATCH(A7,Catalogue!$A$5:$A$59,0))} -> 17 | K7: {=INDEX(Catalogue!$AI$5:$AI$59,MATCH(A7,Catalogue!$A$5:$A$59,0))} -> 19 | L7: {=INDEX(Catalogue!$AJ$5:$AJ$59,MATCH(A7,Catalogue!$A$5:$A$59,0))} -> High | M7: {=INDEX(Catalogue!$AK$5:$AK$59,MATCH(A7,Catalogue!$A$5:$A$59,0))} -> High | N7: {=INDEX(Catalogue!$Z$5:$Z$59,MATCH(A7,Catalogue!$A$5:$A$59,0))} -> 1 | O7: {=INDEX(Catalogue!$AA$5:$AA$59,MATCH(A7,Catalogue!$A$5:$A$59,0))} -> 2 | P7: 17/19 | Q7: 1/2 | R7: =IF(J7&"/"&K7=P7,"OK","DIFF") -> OK | S7: =IF(AND(N7=1,O7=2),"OK","DIFF") -> OK
A8: T3.03 | B8: {=INDEX(Catalogue!$S$5:$S$59,MATCH(A8,Catalogue!$A$5:$A$59,0))} -> Leaf | C8: {=INDEX(Catalogue!$T$5:$T$59,MATCH(A8,Catalogue!$A$5:$A$59,0))} -> P | D8: {=INDEX(Catalogue!$AC$5:$AC$59,MATCH(A8,Catalogue!$A$5:$A$59,0))} -> 1 | E8: {=INDEX(Catalogue!$AD$5:$AD$59,MATCH(A8,Catalogue!$A$5:$A$59,0))} -> 3 | F8: {=INDEX(Catalogue!$AB$5:$AB$59,MATCH(A8,Catalogue!$A$5:$A$59,0))} -> 5 | G8: {=INDEX(Catalogue!$AE$5:$AE$59,MATCH(A8,Catalogue!$A$5:$A$59,0))} -> 5 | H8: {=INDEX(Catalogue!$AF$5:$AF$59,MATCH(A8,Catalogue!$A$5:$A$59,0))} -> 3 | I8: {=INDEX(Catalogue!$AG$5:$AG$59,MATCH(A8,Catalogue!$A$5:$A$59,0))} -> 5 | J8: {=INDEX(Catalogue!$AH$5:$AH$59,MATCH(A8,Catalogue!$A$5:$A$59,0))} -> 17 | K8: {=INDEX(Catalogue!$AI$5:$AI$59,MATCH(A8,Catalogue!$A$5:$A$59,0))} -> 19 | L8: {=INDEX(Catalogue!$AJ$5:$AJ$59,MATCH(A8,Catalogue!$A$5:$A$59,0))} -> High | M8: {=INDEX(Catalogue!$AK$5:$AK$59,MATCH(A8,Catalogue!$A$5:$A$59,0))} -> High | N8: {=INDEX(Catalogue!$Z$5:$Z$59,MATCH(A8,Catalogue!$A$5:$A$59,0))} -> 0 | O8: {=INDEX(Catalogue!$AA$5:$AA$59,MATCH(A8,Catalogue!$A$5:$A$59,0))} -> 1 | P8: 17/19 | Q8: 0/1 | R8: =IF(J8&"/"&K8=P8,"OK","DIFF") -> OK | S8: =IF(AND(N8=0,O8=1),"OK","DIFF") -> OK
A9: T4.02 | B9: {=INDEX(Catalogue!$S$5:$S$59,MATCH(A9,Catalogue!$A$5:$A$59,0))} -> Leaf | C9: {=INDEX(Catalogue!$T$5:$T$59,MATCH(A9,Catalogue!$A$5:$A$59,0))} -> P | D9: {=INDEX(Catalogue!$AC$5:$AC$59,MATCH(A9,Catalogue!$A$5:$A$59,0))} -> 1 | E9: {=INDEX(Catalogue!$AD$5:$AD$59,MATCH(A9,Catalogue!$A$5:$A$59,0))} -> 3 | F9: {=INDEX(Catalogue!$AB$5:$AB$59,MATCH(A9,Catalogue!$A$5:$A$59,0))} -> 5 | G9: {=INDEX(Catalogue!$AE$5:$AE$59,MATCH(A9,Catalogue!$A$5:$A$59,0))} -> 5 | H9: {=INDEX(Catalogue!$AF$5:$AF$59,MATCH(A9,Catalogue!$A$5:$A$59,0))} -> 3 | I9: {=INDEX(Catalogue!$AG$5:$AG$59,MATCH(A9,Catalogue!$A$5:$A$59,0))} -> 5 | J9: {=INDEX(Catalogue!$AH$5:$AH$59,MATCH(A9,Catalogue!$A$5:$A$59,0))} -> 17 | K9: {=INDEX(Catalogue!$AI$5:$AI$59,MATCH(A9,Catalogue!$A$5:$A$59,0))} -> 19 | L9: {=INDEX(Catalogue!$AJ$5:$AJ$59,MATCH(A9,Catalogue!$A$5:$A$59,0))} -> High | M9: {=INDEX(Catalogue!$AK$5:$AK$59,MATCH(A9,Catalogue!$A$5:$A$59,0))} -> High | N9: {=INDEX(Catalogue!$Z$5:$Z$59,MATCH(A9,Catalogue!$A$5:$A$59,0))} -> 1 | O9: {=INDEX(Catalogue!$AA$5:$AA$59,MATCH(A9,Catalogue!$A$5:$A$59,0))} -> 2 | P9: 17/19 | Q9: 1/2 | R9: =IF(J9&"/"&K9=P9,"OK","DIFF") -> OK | S9: =IF(AND(N9=1,O9=2),"OK","DIFF") -> OK
A10: T2.04 | B10: {=INDEX(Catalogue!$S$5:$S$59,MATCH(A10,Catalogue!$A$5:$A$59,0))} -> Enabler | C10: {=INDEX(Catalogue!$T$5:$T$59,MATCH(A10,Catalogue!$A$5:$A$59,0))} -> E1 | D10: {=INDEX(Catalogue!$AC$5:$AC$59,MATCH(A10,Catalogue!$A$5:$A$59,0))} -> 2 | E10: {=INDEX(Catalogue!$AD$5:$AD$59,MATCH(A10,Catalogue!$A$5:$A$59,0))} -> 2 | F10: {=INDEX(Catalogue!$AB$5:$AB$59,MATCH(A10,Catalogue!$A$5:$A$59,0))} | G10: {=INDEX(Catalogue!$AE$5:$AE$59,MATCH(A10,Catalogue!$A$5:$A$59,0))} -> 3 | H10: {=INDEX(Catalogue!$AF$5:$AF$59,MATCH(A10,Catalogue!$A$5:$A$59,0))} -> 4 | I10: {=INDEX(Catalogue!$AG$5:$AG$59,MATCH(A10,Catalogue!$A$5:$A$59,0))} -> 4 | J10: {=INDEX(Catalogue!$AH$5:$AH$59,MATCH(A10,Catalogue!$A$5:$A$59,0))} | K10: {=INDEX(Catalogue!$AI$5:$AI$59,MATCH(A10,Catalogue!$A$5:$A$59,0))} | L10: {=INDEX(Catalogue!$AJ$5:$AJ$59,MATCH(A10,Catalogue!$A$5:$A$59,0))} | M10: {=INDEX(Catalogue!$AK$5:$AK$59,MATCH(A10,Catalogue!$A$5:$A$59,0))} | N10: {=INDEX(Catalogue!$Z$5:$Z$59,MATCH(A10,Catalogue!$A$5:$A$59,0))} -> 1 | O10: {=INDEX(Catalogue!$AA$5:$AA$59,MATCH(A10,Catalogue!$A$5:$A$59,0))} -> 2 | P10: --- | Q10: --- | R10: =IF(AND(J10="",K10=""),"OK","DIFF") -> OK
A11: T3.06 | B11: {=INDEX(Catalogue!$S$5:$S$59,MATCH(A11,Catalogue!$A$5:$A$59,0))} -> Enabler | C11: {=INDEX(Catalogue!$T$5:$T$59,MATCH(A11,Catalogue!$A$5:$A$59,0))} -> P | D11: {=INDEX(Catalogue!$AC$5:$AC$59,MATCH(A11,Catalogue!$A$5:$A$59,0))} -> 1 | E11: {=INDEX(Catalogue!$AD$5:$AD$59,MATCH(A11,Catalogue!$A$5:$A$59,0))} -> 3 | F11: {=INDEX(Catalogue!$AB$5:$AB$59,MATCH(A11,Catalogue!$A$5:$A$59,0))} | G11: {=INDEX(Catalogue!$AE$5:$AE$59,MATCH(A11,Catalogue!$A$5:$A$59,0))} -> 5 | H11: {=INDEX(Catalogue!$AF$5:$AF$59,MATCH(A11,Catalogue!$A$5:$A$59,0))} -> 4 | I11: {=INDEX(Catalogue!$AG$5:$AG$59,MATCH(A11,Catalogue!$A$5:$A$59,0))} -> 4 | J11: {=INDEX(Catalogue!$AH$5:$AH$59,MATCH(A11,Catalogue!$A$5:$A$59,0))} | K11: {=INDEX(Catalogue!$AI$5:$AI$59,MATCH(A11,Catalogue!$A$5:$A$59,0))} | L11: {=INDEX(Catalogue!$AJ$5:$AJ$59,MATCH(A11,Catalogue!$A$5:$A$59,0))} | M11: {=INDEX(Catalogue!$AK$5:$AK$59,MATCH(A11,Catalogue!$A$5:$A$59,0))} | N11: {=INDEX(Catalogue!$Z$5:$Z$59,MATCH(A11,Catalogue!$A$5:$A$59,0))} -> 0 | O11: {=INDEX(Catalogue!$AA$5:$AA$59,MATCH(A11,Catalogue!$A$5:$A$59,0))} -> 1 | P11: --- | Q11: --- | R11: =IF(AND(J11="",K11=""),"OK","DIFF") -> OK
A13: Check columns: S compares the strong/weak totals with the paper; rho compares reach to first check (strong) and to root (weak).
A14: Di of the source given the stealth condition (undetected at L3, only L4 sees it) | I14: 4 | J14: Weak-regime cap on A (region) | L14: 4
A15: Chains (best sufficient scenario per source and regime)
A16: Regime | B16: Scenario | C16: Source | D16: Enabler | E16: R | F16: E | G16: D | H16: A | I16: Di | J16: S | K16: Band | L16: Paper S | M16: Check
A17: Strong | B17: T1.11 AND T2.04 | C17: T1.11 | D17: T2.04 | E17: =MIN(D5,D10) -> 2 | F17: =MIN(E5,E10) -> 2 | G17: =F5 -> 5 | H17: =MIN(G5,G10) -> 3 | I17: =MIN($I$14,H10) -> 4 | J17: =E17+F17+G17+H17+I17 -> 16 | K17: {=INDEX(Rubric!$M$5:$M$8,MATCH(J17,Rubric!$L$5:$L$8,1))} -> High | L17: 16 | M17: =IF(J17=L17,"OK","DIFF") -> OK
A18: Strong | B18: T2.06 AND T2.04 | C18: T2.06 | D18: T2.04 | E18: =MIN(D6,D10) -> 2 | F18: =MIN(E6,E10) -> 2 | G18: =F6 -> 5 | H18: =MIN(G6,G10) -> 3 | I18: =MIN($I$14,H10) -> 4 | J18: =E18+F18+G18+H18+I18 -> 16 | K18: {=INDEX(Rubric!$M$5:$M$8,MATCH(J18,Rubric!$L$5:$L$8,1))} -> High | L18: 16 | M18: =IF(J18=L18,"OK","DIFF") -> OK
A19: Strong | B19: T2.01 AND T3.06 | C19: T2.01 | D19: T3.06 | E19: =MIN(D7,D11) -> 1 | F19: =MIN(E7,E11) -> 3 | G19: =F7 -> 5 | H19: =MIN(G7,G11) -> 4 | I19: =MIN($I$14,H11) -> 4 | J19: =E19+F19+G19+H19+I19 -> 17 | K19: {=INDEX(Rubric!$M$5:$M$8,MATCH(J19,Rubric!$L$5:$L$8,1))} -> High | L19: 17 | M19: =IF(J19=L19,"OK","DIFF") -> OK
A20: Strong | B20: T3.03 AND T3.06 | C20: T3.03 | D20: T3.06 | E20: =MIN(D8,D11) -> 1 | F20: =MIN(E8,E11) -> 3 | G20: =F8 -> 5 | H20: =MIN(G8,G11) -> 5 | I20: =MIN($I$14,H11) -> 4 | J20: =E20+F20+G20+H20+I20 -> 18 | K20: {=INDEX(Rubric!$M$5:$M$8,MATCH(J20,Rubric!$L$5:$L$8,1))} -> High | L20: 18 | M20: =IF(J20=L20,"OK","DIFF") -> OK
A21: Strong | B21: T4.02 AND T3.06 | C21: T4.02 | D21: T3.06 | E21: =MIN(D9,D11) -> 1 | F21: =MIN(E9,E11) -> 3 | G21: =F9 -> 5 | H21: =MIN(G9,G11) -> 5 | I21: =MIN($I$14,H11) -> 4 | J21: =E21+F21+G21+H21+I21 -> 18 | K21: {=INDEX(Rubric!$M$5:$M$8,MATCH(J21,Rubric!$L$5:$L$8,1))} -> High | L21: 18 | M21: =IF(J21=L21,"OK","DIFF") -> OK
A22: Weak | B22: T1.11 AND weak regime (external condition) | C22: T1.11 | D22: (weak pass) | E22: =D5 -> 3 | F22: =E5 -> 2 | G22: =F5 -> 5 | H22: =MIN(G5,$L$14) -> 3 | I22: 5 | J22: =E22+F22+G22+H22+I22 -> 18 | K22: {=INDEX(Rubric!$M$5:$M$8,MATCH(J22,Rubric!$L$5:$L$8,1))} -> High | L22: 18 | M22: =IF(J22=L22,"OK","DIFF") -> OK
A23: Weak | B23: T2.06 AND weak regime (external condition) | C23: T2.06 | D23: (weak pass) | E23: =D6 -> 3 | F23: =E6 -> 2 | G23: =F6 -> 5 | H23: =MIN(G6,$L$14) -> 3 | I23: 5 | J23: =E23+F23+G23+H23+I23 -> 18 | K23: {=INDEX(Rubric!$M$5:$M$8,MATCH(J23,Rubric!$L$5:$L$8,1))} -> High | L23: 18 | M23: =IF(J23=L23,"OK","DIFF") -> OK
A24: Weak | B24: T2.01 AND weak regime (external condition) | C24: T2.01 | D24: (weak pass) | E24: =D7 -> 2 | F24: =E7 -> 3 | G24: =F7 -> 5 | H24: =MIN(G7,$L$14) -> 4 | I24: 5 | J24: =E24+F24+G24+H24+I24 -> 19 | K24: {=INDEX(Rubric!$M$5:$M$8,MATCH(J24,Rubric!$L$5:$L$8,1))} -> High | L24: 19 | M24: =IF(J24=L24,"OK","DIFF") -> OK
A25: Weak | B25: T3.03 AND weak regime (external condition) | C25: T3.03 | D25: (weak pass) | E25: =D8 -> 1 | F25: =E8 -> 3 | G25: =F8 -> 5 | H25: =MIN(G8,$L$14) -> 4 | I25: 5 | J25: =E25+F25+G25+H25+I25 -> 18 | K25: {=INDEX(Rubric!$M$5:$M$8,MATCH(J25,Rubric!$L$5:$L$8,1))} -> High | L25: 18 | M25: =IF(J25=L25,"OK","DIFF") -> OK
A26: Weak | B26: T4.02 AND weak regime (external condition) | C26: T4.02 | D26: (weak pass) | E26: =D9 -> 1 | F26: =E9 -> 3 | G26: =F9 -> 5 | H26: =MIN(G9,$L$14) -> 4 | I26: 5 | J26: =E26+F26+G26+H26+I26 -> 18 | K26: {=INDEX(Rubric!$M$5:$M$8,MATCH(J26,Rubric!$L$5:$L$8,1))} -> High | L26: 18 | M26: =IF(J26=L26,"OK","DIFF") -> OK
A28: Weak-regime Di = 5: inside the open stealth window no check detects the bias (W3). Strong-regime Di for the chain = 4 because the enabler removes visibility at L3 (W2).
A29: Alone in a strong pass T3.03 scores 17; within its chain it scores 18 (the enabler removes L3 visibility): a chain can outrank its leaf.

Sheet Assets
A1: Asset register (27 assets) with live threat counts
A2: Register as in Table 2 of the paper. Counts are formulas over Catalogue column "Asset(s)"; "Paper" gives the count stated in Table 6 where the paper states one.
A4: ID | B4: Asset | C4: Layer | D4: Function | E4: Kind | F4: STRIDE element | G4: TB | H4: Component of Fig. 1 | I4: Flags | J4: Threats (workbook) | K4: Threats (paper, Table 6) | L4: Check | M4: CVEs mapped (n) | N4: Cross-layer propagation of an attack on this asset
A5: A1.1 | B5: Aircraft 1090ES transponder | C5: 1 | D5: Emits the signal whose arrival is measured; ADS-B content is an unauthenticated self-report | E5: hardware | F5: external entity | G5: TB0 | H5: Aircraft transponders | I5: external | J5: =COUNTIF(Catalogue!$F$5:$F$59,"*A1.1*") -> 6 | K5: 6 | L5: =IF(K5="","",IF(J5=K5,"OK","DIFF")) -> OK | M5: =COUNTIF('CVE Register'!$W$5:$W$61,"*"&A5&"*") -> 0 | N5: L1 > L2 > L3 > L4 (4 of 4 layers) L1: [A1.1], A1.3, A1.4, A1.7 | L2: A2.1, A2.2, A2.4 | L3: A3.1, A3.3, A3.4, A3.5, A3.6 | L4: A4.5, A4.6 Boundaries to first check A3.4/A3.5: 2 | to ATM A4.6: 3
A6: A1.2 | B6: GNSS positioning and timing service | C6: 1 | D6: Source of the reported position and one of two inputs that discipline the onboard clocks | E6: service | F6: external entity | G6: TB0 | H6: Timing and synchronisation | I6: external; timing | J6: =COUNTIF(Catalogue!$F$5:$F$59,"*A1.2*") -> 2 | K6: 2 | L6: =IF(K6="","",IF(J6=K6,"OK","DIFF")) -> OK | M6: =COUNTIF('CVE Register'!$W$5:$W$61,"*"&A6&"*") -> 0 | N6: L1 > L2 > L3 > L4 (4 of 4 layers) L1: [A1.2], A1.4, A1.5, A1.7 | L2: A2.1, A2.2, A2.4 | L3: A3.1, A3.2, A3.3, A3.4, A3.5, A3.6 | L4: A4.5, A4.6 Boundaries to first check A3.4/A3.5: 2 | to ATM A4.6: 3
A7: A1.3 | B7: Phased-array antenna and RF front end | C7: 1 | D7: Receives 1090 MHz and forms beams; gives the angle of arrival | E7: hardware | F7: process | G7: --- | H7: LEO constellation | J7: =COUNTIF(Catalogue!$F$5:$F$59,"*A1.3*") -> 2 | L7: =IF(K7="","",IF(J7=K7,"OK","DIFF")) | M7: =COUNTIF('CVE Register'!$W$5:$W$61,"*"&A7&"*") -> 0 | N7: L1 > L2 > L3 > L4 (4 of 4 layers) L1: [A1.3], A1.4, A1.7 | L2: A2.1, A2.2, A2.4 | L3: A3.1, A3.3, A3.4, A3.5, A3.6 | L4: A4.5, A4.6 Boundaries to first check A3.4/A3.5: 2 | to ATM A4.6: 3
A8: A1.4 | B8: Payload signal processor and extraction firmware | C8: 1 | D8: Decodes each emission, measures TOA, FOA and AOA, stamps them with the onboard clock | E8: hardware, software | F8: process | G8: TB1 | H8: LEO constellation | J8: =COUNTIF(Catalogue!$F$5:$F$59,"*A1.4*") -> 1 | L8: =IF(K8="","",IF(J8=K8,"OK","DIFF")) | M8: =COUNTIF('CVE Register'!$W$5:$W$61,"*"&A8&"*") -> 0 | N8: L1 > L2 > L3 > L4 (4 of 4 layers) L1: [A1.4], A1.7 | L2: A2.1, A2.2, A2.4 | L3: A3.1, A3.3, A3.4, A3.5, A3.6 | L4: A4.5, A4.6 Boundaries to first check A3.4/A3.5: 2 | to ATM A4.6: 3
A9: A1.5 | B9: Onboard clock subsystem | C9: 1 | D9: Oscillator, GNSS receiver and disciplining filter; origin of the timing dependency | E9: hardware, software | F9: process, data store | G9: TB0, TB1 | H9: LEO constellation; timing | I9: timing | J9: =COUNTIF(Catalogue!$F$5:$F$59,"*A1.5*") -> 2 | K9: 2 | L9: =IF(K9="","",IF(J9=K9,"OK","DIFF")) -> OK | M9: =COUNTIF('CVE Register'!$W$5:$W$61,"*"&A9&"*") -> 1 | N9: L1 > L2 > L3 > L4 (4 of 4 layers) L1: [A1.5], A1.4, A1.7 | L2: A2.1, A2.2, A2.4 | L3: A3.1, A3.2, A3.3, A3.4, A3.5, A3.6 | L4: A4.5, A4.6 Boundaries to first check A3.4/A3.5: 2 | to ATM A4.6: 3
A10: A1.6 | B10: Satellite bus and flight software | C10: 1 | D10: Computer, flight software and telecommand receiver; hosts and commands the payload | E10: hardware, software | F10: process | G10: TB1 | H10: LEO constellation | J10: =COUNTIF(Catalogue!$F$5:$F$59,"*A1.6*") -> 3 | K10: 3 | L10: =IF(K10="","",IF(J10=K10,"OK","DIFF")) -> OK | M10: =COUNTIF('CVE Register'!$W$5:$W$61,"*"&A10&"*") -> 5 | N10: L1 > L2 > L3 > L4 (4 of 4 layers) L1: [A1.6], A1.4†, A1.5†, A1.7† | L2: A2.1†, A2.2†, A2.4† | L3: A3.1†, A3.2†, A3.3†, A3.4†, A3.5†, A3.6† | L4: A4.5†, A4.6† Boundaries to first check A3.4/A3.5: 2 | to ATM A4.6: 3
A11: A1.7 | B11: Ground-station antennas and modems | C11: 1 | D11: Receive downlinks and transmit telecommands | E11: hardware | F11: process | G11: TB2 | H11: Receiving stations | J11: =COUNTIF(Catalogue!$F$5:$F$59,"*A1.7*") -> 2 | L11: =IF(K11="","",IF(J11=K11,"OK","DIFF")) | M11: =COUNTIF('CVE Register'!$W$5:$W$61,"*"&A11&"*") -> 3 | N11: L1 > L3 > L4 (3 of 4 layers) L1: [A1.7] | L3: A3.1, A3.3, A3.4, A3.5, A3.6 | L4: A4.5, A4.6 Boundaries to first check A3.4/A3.5: 2 | to ATM A4.6: 3
A12: A2.1 | B12: Observable reports | C12: 2 | D12: TOA, FOA, AOA, decoded message and clock-quality metadata of one reception | E12: data | F12: data flow | G12: TB1, TB2 | H12: TOA measurement data | J12: =COUNTIF(Catalogue!$F$5:$F$59,"*A2.1*") -> 3 | L12: =IF(K12="","",IF(J12=K12,"OK","DIFF")) | M12: =COUNTIF('CVE Register'!$W$5:$W$61,"*"&A12&"*") -> 0 | N12: L1 > L2 > L3 > L4 (4 of 4 layers) L1: A1.7 | L2: [A2.1], A2.2, A2.4 | L3: A3.1, A3.3, A3.4, A3.5, A3.6 | L4: A4.5, A4.6 Boundaries to first check A3.4/A3.5: 1 | to ATM A4.6: 2
A13: A2.2 | B13: Inter-satellite link terminals and crosslinks | C13: 2 | D13: Relay reports toward a satellite in view of a ground station | E13: link | F13: data flow | G13: --- | H13: Inter-satellite links | J13: =COUNTIF(Catalogue!$F$5:$F$59,"*A2.2*") -> 2 | L13: =IF(K13="","",IF(J13=K13,"OK","DIFF")) | M13: =COUNTIF('CVE Register'!$W$5:$W$61,"*"&A13&"*") -> 0 | N13: L1 > L2 > L3 > L4 (4 of 4 layers) L1: A1.7 | L2: [A2.2], A2.4 | L3: A3.1, A3.3, A3.4, A3.5, A3.6 | L4: A4.5, A4.6 Boundaries to first check A3.4/A3.5: 1 | to ATM A4.6: 2
A14: A2.3 | B14: PTP time-transfer messages | C14: 2 | D14: Carry time between satellites; second input to A1.5 | E14: data | F14: data flow | G14: TB1 | H14: Carried on links | I14: timing | J14: =COUNTIF(Catalogue!$F$5:$F$59,"*A2.3*") -> 2 | K14: 2 | L14: =IF(K14="","",IF(J14=K14,"OK","DIFF")) -> OK | M14: =COUNTIF('CVE Register'!$W$5:$W$61,"*"&A14&"*") -> 7 | N14: L1 > L2 > L3 > L4 (4 of 4 layers) L1: A1.4, A1.5, A1.7 | L2: [A2.3], A2.1, A2.2, A2.4 | L3: A3.1, A3.2, A3.3, A3.4, A3.5, A3.6 | L4: A4.5, A4.6 Boundaries to first check A3.4/A3.5: 3 | to ATM A4.6: 4
A15: A2.4 | B15: Downlink channel and ground backhaul network | C15: 2 | D15: Carry reports from orbit to the Central Processing Station | E15: link | F15: data flow | G15: TB2 | H15: Downlink; communications network | J15: =COUNTIF(Catalogue!$F$5:$F$59,"*A2.4*") -> 3 | L15: =IF(K15="","",IF(J15=K15,"OK","DIFF")) | M15: =COUNTIF('CVE Register'!$W$5:$W$61,"*"&A15&"*") -> 10 | N15: L1 > L2 > L3 > L4 (4 of 4 layers) L1: A1.7 | L2: [A2.4] | L3: A3.1, A3.3, A3.4, A3.5, A3.6 | L4: A4.5, A4.6 Boundaries to first check A3.4/A3.5: 1 | to ATM A4.6: 2
A16: A2.5 | B16: Telecommands and software-update packages | C16: 2 | D16: Carry commands, configuration and firmware to the satellites | E16: data | F16: data flow | G16: TB1-TB3 | H16: Carried on links | J16: =COUNTIF(Catalogue!$F$5:$F$59,"*A2.5*") -> 2 | K16: 2 | L16: =IF(K16="","",IF(J16=K16,"OK","DIFF")) -> OK | M16: =COUNTIF('CVE Register'!$W$5:$W$61,"*"&A16&"*") -> 10 | N16: L1 > L2 > L3 > L4 (4 of 4 layers) L1: A1.4†, A1.5†, A1.6, A1.7† | L2: [A2.5], A2.1†, A2.2†, A2.4† | L3: A3.1†, A3.2†, A3.3†, A3.4†, A3.5†, A3.6† | L4: A4.5†, A4.6† Boundaries to first check A3.4/A3.5: 3 | to ATM A4.6: 4
A17: A3.1 | B17: Measurement-association module | C17: 3 | D17: Groups the receptions of one transmission across satellites | E17: software | F17: process | G17: TB2 | H17: Central Processing Station | J17: =COUNTIF(Catalogue!$F$5:$F$59,"*A3.1*") -> 1 | L17: =IF(K17="","",IF(J17=K17,"OK","DIFF")) | M17: =COUNTIF('CVE Register'!$W$5:$W$61,"*"&A17&"*") -> 0 | N17: L3 > L4 (2 of 4 layers) L3: [A3.1], A3.3, A3.4, A3.5, A3.6 | L4: A4.5, A4.6 Boundaries to first check A3.4/A3.5: 0 (an origin is a check) | to ATM A4.6: 1
A18: A3.2 | B18: Ephemeris and clock-state database | C18: 3 | D18: Holds satellite positions, velocities and clock states for the solver | E18: data | F18: data store | G18: TB3 | H18: TDOA engine | I18: timing | J18: =COUNTIF(Catalogue!$F$5:$F$59,"*A3.2*") -> 1 | L18: =IF(K18="","",IF(J18=K18,"OK","DIFF")) | M18: =COUNTIF('CVE Register'!$W$5:$W$61,"*"&A18&"*") -> 0 | N18: L3 > L4 (2 of 4 layers) L3: [A3.2], A3.3, A3.4, A3.5, A3.6 | L4: A4.5, A4.6 Boundaries to first check A3.4/A3.5: 0 (an origin is a check) | to ATM A4.6: 1
A19: A3.3 | B19: Localisation solver, EKF/IMM tracker and track database | C19: 3 | D19: Computes each position and maintains the track | E19: software, data | F19: process, data store | G19: --- | H19: TDOA engine; report generation | J19: =COUNTIF(Catalogue!$F$5:$F$59,"*A3.3*") -> 5 | K19: 5 | L19: =IF(K19="","",IF(J19=K19,"OK","DIFF")) -> OK | M19: =COUNTIF('CVE Register'!$W$5:$W$61,"*"&A19&"*") -> 0 | N19: L3 > L4 (2 of 4 layers) L3: [A3.3], A3.4, A3.5, A3.6 | L4: A4.5, A4.6 Boundaries to first check A3.4/A3.5: 0 (an origin is a check) | to ATM A4.6: 1
A20: A3.4 | B20: Integrity-monitoring module | C20: 3 | D20: Residual and consistency tests on each solution | E20: software | F20: process | G20: --- | H20: Report generation | J20: =COUNTIF(Catalogue!$F$5:$F$59,"*A3.4*") -> 2 | K20: 2 | L20: =IF(K20="","",IF(J20=K20,"OK","DIFF")) -> OK | M20: =COUNTIF('CVE Register'!$W$5:$W$61,"*"&A20&"*") -> 0 | N20: L3 > L4 (2 of 4 layers) L3: [A3.4], A3.6 | L4: A4.5, A4.6 Boundaries to first check A3.4/A3.5: 0 (an origin is a check) | to ATM A4.6: 1
A21: A3.5 | B21: E-MLAT/ADS-B cross-check module | C21: 3 | D21: Compares the independent position with the broadcast one and sets the integrity indicator | E21: software | F21: process | G21: --- | H21: Report generation | J21: =COUNTIF(Catalogue!$F$5:$F$59,"*A3.5*") -> 3 | K21: 3 | L21: =IF(K21="","",IF(J21=K21,"OK","DIFF")) -> OK | M21: =COUNTIF('CVE Register'!$W$5:$W$61,"*"&A21&"*") -> 0 | N21: L3 > L4 (2 of 4 layers) L3: [A3.5], A3.6 | L4: A4.5, A4.6 Boundaries to first check A3.4/A3.5: 0 (an origin is a check) | to ATM A4.6: 1
A22: A3.6 | B22: ASTERIX report encoder and gateway | C22: 3 | D22: Encodes CAT020/021 reports with their integrity annotation for ATM | E22: software | F22: process | G22: TB3 | H22: Report generation | J22: =COUNTIF(Catalogue!$F$5:$F$59,"*A3.6*") -> 2 | K22: 2 | L22: =IF(K22="","",IF(J22=K22,"OK","DIFF")) -> OK | M22: =COUNTIF('CVE Register'!$W$5:$W$61,"*"&A22&"*") -> 0 | N22: L3 > L4 (2 of 4 layers) L3: [A3.6] | L4: A4.5, A4.6 Boundaries to first check A3.4/A3.5: none (bypasses A3.4/A3.5) | to ATM A4.6: 1
